# Blender v2.68 (sub 0) OBJ File: 'basketball18_lighting.blend'
# www.blender.org
mtllib basketball.mtl
o basketball_Sphere.002
v 0.985358 1.080197 0.029796
v 0.981855 0.950053 -0.115184
v 0.509081 1.562787 0.614308
v 0.660071 1.507726 0.534457
v 0.775915 1.429677 0.437566
v 0.880390 1.324768 0.311652
v 0.951111 1.206763 0.173965
v 0.873836 1.228172 0.402249
v 0.944006 1.094717 0.278906
v 0.977874 0.957508 0.144618
v 0.974177 0.821939 0.004676
v 0.504573 1.527581 0.648356
v 0.654933 1.450855 0.588170
v 0.770062 1.352744 0.509906
v 0.632990 1.385520 0.654582
v 0.741824 1.268667 0.595369
v 0.839428 1.125723 0.506386
v 0.904750 0.977834 0.397716
v 0.935278 0.830683 0.273534
v 0.929880 0.690045 0.138744
v 0.491098 1.484816 0.691623
v 0.719518 0.604000 0.544900
v 0.705496 0.454303 0.420955
v 0.420372 1.399672 0.790172
v 0.522614 1.268775 0.794122
v 0.599530 1.118926 0.774558
v 0.665540 0.942866 0.725241
v 0.705983 0.768956 0.647754
v 0.569635 1.101787 0.799058
v 0.629616 0.922379 0.754582
v 0.665377 0.745841 0.680881
v 0.675544 0.578955 0.580786
v 0.659765 0.428257 0.458275
v 0.405148 1.389299 0.803876
v 0.499066 1.255513 0.813201
v 0.570903 0.384836 0.524194
v 0.378120 1.372672 0.826369
v 0.455167 1.234331 0.845520
v 0.512989 1.074107 0.841079
v 0.560593 0.888652 0.805785
v 0.586629 0.707361 0.739298
v 0.590097 0.537203 0.644172
v 0.470147 0.673575 0.804472
v 0.463707 0.500542 0.714890
v 0.439462 0.346710 0.597738
v 0.340042 1.353454 0.852836
v 0.390056 1.215445 0.881950
v 0.429200 1.049803 0.887961
v 0.458496 0.859038 0.862911
v 0.258873 1.443483 0.836845
v 0.254402 1.476120 0.816797
v 0.251233 1.497625 0.802750
v 0.249197 1.510988 0.793775
v 0.237710 1.579733 0.743814
v 0.234441 1.597064 0.729829
v 0.231879 1.610355 0.718895
v 0.313593 1.204520 0.914403
v 0.293461 1.345130 0.873699
v 0.273361 0.324979 0.666396
v 0.304433 0.479634 0.780790
v 0.324262 0.654281 0.864964
v 0.332050 0.842087 0.915552
v 0.327496 1.035836 0.930609
v 0.324333 1.599320 0.687340
v 0.323513 1.581244 0.704314
v 0.321206 1.558090 0.725827
v 0.304091 1.489439 0.788592
v 0.300193 1.477944 0.798618
v 0.293732 1.459517 0.814335
v 0.286122 1.432288 0.834968
v 0.979783 1.139248 -0.022779
v 0.975973 1.011881 -0.170217
v 0.508984 1.578377 0.599647
v 0.658223 1.533088 0.511716
v 0.772931 1.465307 0.405732
v 0.876293 1.370464 0.270905
v 0.946138 1.260368 0.126214
v 0.230289 1.618530 0.712118
v 0.324102 1.608706 0.678559
v 0.830311 0.700033 0.424252
v 0.820718 0.554173 0.295485
v 0.465508 1.443584 0.736966
v 0.585836 1.322660 0.726115
v 0.677397 1.185776 0.690355
v 0.757431 1.021958 0.625688
v 0.808565 0.857660 0.536241
v 0.241230 1.560204 0.758965
v 0.316854 1.533938 0.748406
v 0.277160 1.033708 0.947322
v 0.268877 0.839546 0.936410
v 0.251004 0.651414 0.889079
v 0.224227 0.476543 0.807148
v 0.189614 0.321774 0.693897
v 0.267797 1.348148 0.879976
v 0.276353 1.202815 0.926888
v 0.752928 0.628200 0.512887
v 0.740241 0.479470 0.387662
v 0.447311 1.421326 0.762695
v 0.552014 1.289505 0.766470
v 0.630614 1.141414 0.744799
v 0.697367 0.965483 0.695145
v 0.737733 0.791663 0.617598
v 0.243402 1.547617 0.768372
v 0.313558 1.519466 0.761869
v -0.533054 0.202111 0.230952
v 0.408511 1.837353 0.301912
v -0.191477 0.363627 -0.720199
v 0.303936 1.490387 0.783938
v 0.849793 0.789524 -0.464269
v 0.159904 1.745555 0.600887
v -0.421306 0.581112 -0.785451
v -0.204441 0.433867 -0.775824
v -0.176734 0.292964 -0.657890
v 0.954504 1.232612 -0.101074
v 0.949874 1.108037 -0.250834
v 0.495787 1.628461 0.557919
v 0.642892 1.592591 0.461589
v 0.754567 1.535131 0.347019
v 0.854957 1.450405 0.203776
v 0.922468 1.348257 0.052474
v 0.809001 1.548451 0.127247
v 0.869664 1.461957 -0.036418
v 0.896984 1.357095 -0.198481
v 0.889949 1.238017 -0.352582
v 0.476814 1.664706 0.530617
v 0.614541 1.650386 0.416847
v 0.717326 1.613253 0.286224
v 0.565751 1.717674 0.369385
v 0.654539 1.699843 0.225148
v 0.732494 1.653961 0.052825
v 0.782378 1.582332 -0.121325
v 0.802273 1.487710 -0.290611
v 0.791454 1.373852 -0.448395
v 0.445765 1.708754 0.499342
v 0.491795 1.728919 -0.420992
v 0.468567 1.624700 -0.583986
v 0.339647 1.798440 0.447777
v 0.406602 1.841858 0.302054
v 0.449680 1.859166 0.138964
v 0.482203 1.848526 -0.052388
v 0.496335 1.804593 -0.241477
v 0.412471 1.878157 0.132442
v 0.437534 1.871237 -0.060137
v 0.445861 1.830221 -0.250203
v 0.437131 1.756686 -0.430451
v 0.411718 1.653577 -0.593824
v 0.320084 1.809502 0.443077
v 0.377390 1.856576 0.297109
v 0.304179 1.702420 -0.607126
v 0.286119 1.827144 0.436145
v 0.324374 1.880433 0.290756
v 0.343919 1.909292 0.123963
v 0.354003 1.909176 -0.070469
v 0.350561 1.873505 -0.261991
v 0.333724 1.803652 -0.443242
v 0.219014 1.914138 -0.260716
v 0.190988 1.847740 -0.441858
v 0.155738 1.748270 -0.605686
v 0.240247 1.846430 0.429550
v 0.250842 1.903146 0.291469
v 0.249293 1.938521 0.124880
v 0.238702 1.944791 -0.069352
v 0.186443 1.801279 0.529630
v 0.193528 1.776830 0.558597
v 0.198147 1.759861 0.577585
v 0.201002 1.749064 0.589356
v 0.215463 1.689626 0.649456
v 0.219026 1.673216 0.664443
v 0.221745 1.660415 0.675911
v 0.169071 1.918439 0.301409
v 0.189838 1.857010 0.434182
v -0.021077 1.779466 -0.582473
v 0.021411 1.877725 -0.419656
v 0.063635 1.941747 -0.240496
v 0.103933 1.968951 -0.052010
v 0.140759 1.958292 0.138558
v 0.313594 1.652369 0.641791
v 0.305378 1.670828 0.627394
v 0.293700 1.693966 0.609159
v 0.249473 1.759244 0.556928
v 0.241177 1.769472 0.548302
v 0.227746 1.785478 0.534454
v 0.210254 1.807066 0.513171
v 0.973326 1.173205 -0.052057
v 0.969532 1.045838 -0.199500
v 0.502471 1.612285 0.570325
v 0.651563 1.567050 0.482492
v 0.766332 1.499268 0.376491
v 0.869755 1.404423 0.241648
v 0.939648 1.294325 0.096945
v 0.223421 1.652526 0.682982
v 0.317499 1.642630 0.649276
v 0.642933 1.625656 -0.370518
v 0.625745 1.517311 -0.531495
v 0.403103 1.751858 0.472272
v 0.492474 1.783857 0.330117
v 0.555640 1.787241 0.173918
v 0.607328 1.763444 -0.010976
v 0.636185 1.709197 -0.194915
v 0.211413 1.707496 0.632496
v 0.279636 1.717793 0.590543
v 0.088991 1.963237 0.149199
v 0.039016 1.975028 -0.038552
v -0.011614 1.948713 -0.224824
v -0.060955 1.885304 -0.402459
v -0.107070 1.787357 -0.564499
v 0.164817 1.856853 0.443186
v 0.130719 1.922230 0.309176
v 0.535434 1.702592 -0.409621
v 0.513950 1.597321 -0.572161
v 0.375647 1.775338 0.458729
v 0.444773 1.819263 0.311603
v 0.490269 1.834700 0.149521
v 0.523597 1.823888 -0.041908
v 0.537687 1.779868 -0.230906
v 0.208781 1.718644 0.621522
v 0.270564 1.731848 0.579511
v -0.220050 1.502947 -0.805458
v -0.733172 1.190669 -0.617855
v 0.735457 0.479242 0.388856
v -0.446821 1.528520 0.702092
v 0.223270 1.647902 0.683147
v -0.211303 0.293641 -0.648218
v -0.223071 0.333507 -0.683125
v 0.161228 1.854222 0.442733
v 0.050969 1.961180 0.158936
v -0.832581 1.130375 0.516840
v -0.908679 1.002235 0.391310
v -0.103876 1.579706 0.778526
v -0.277168 1.533596 0.785553
v -0.429765 1.462956 0.760580
v -0.588413 1.365310 0.705160
v -0.724427 1.253012 0.622859
v -0.542456 1.267264 0.781689
v -0.671623 1.139311 0.711750
v -0.775060 1.005892 0.614248
v -0.848754 0.872255 0.493058
v -0.084779 1.543849 0.806250
v -0.248818 1.475801 0.830295
v -0.392523 1.384834 0.821374
v -0.200028 1.408513 0.877757
v -0.329736 1.298244 0.882451
v -0.465950 1.161754 0.856111
v -0.584338 1.018936 0.796658
v -0.680350 0.875278 0.706378
v -0.750259 0.736420 0.588871
v -0.053713 1.499853 0.837584
v -0.369872 0.634069 0.836759
v -0.427373 0.485572 0.724462
v 0.052298 1.409832 0.888783
v -0.040879 1.284328 0.945088
v -0.124878 1.138921 0.968635
v -0.215659 0.967188 0.961324
v -0.298294 0.796676 0.916810
v -0.087669 1.119930 0.975157
v -0.170990 0.944478 0.969073
v -0.247820 0.771047 0.925536
v -0.315207 0.606302 0.846218
v -0.370523 0.456695 0.734300
v 0.071775 1.398501 0.893190
v -0.011667 1.269610 0.950032
v -0.262985 0.407853 0.747602
v 0.105527 1.380196 0.899399
v 0.041349 1.245754 0.956386
v -0.019117 1.088794 0.983636
v -0.087459 0.906539 0.979405
v -0.152520 0.727763 0.937324
v -0.211801 0.559337 0.859009
v -0.020974 0.687131 0.936048
v -0.069065 0.515248 0.857625
v -0.114543 0.362002 0.746162
v 0.150688 1.358680 0.903566
v 0.114881 1.223041 0.955673
v 0.075509 1.059566 0.982719
v 0.027843 0.870924 0.978287
v 0.217739 1.444252 0.848058
v 0.213288 1.476695 0.828102
v 0.210108 1.498284 0.814005
v 0.208060 1.511785 0.804972
v 0.196561 1.580655 0.754956
v 0.193268 1.598094 0.740866
v 0.190700 1.611436 0.729905
v 0.196652 1.207748 0.945732
v 0.200963 1.347683 0.898480
v 0.062272 0.330806 0.722949
v 0.100513 0.485263 0.835423
v 0.134406 0.659521 0.915829
v 0.162611 0.846764 0.960946
v 0.184044 1.039795 0.969041
v 0.094249 1.605671 0.748982
v 0.102507 1.587344 0.763523
v 0.114058 1.563808 0.781324
v 0.156680 1.493507 0.828085
v 0.164469 1.481690 0.834980
v 0.176959 1.462740 0.845619
v 0.192446 1.434874 0.860065
v -0.850986 1.189781 0.467703
v -0.927904 1.064432 0.339851
v -0.110313 1.595471 0.765564
v -0.285626 1.559140 0.764583
v -0.441254 1.498821 0.731025
v -0.602874 1.411292 0.667189
v -0.741223 1.306942 0.578276
v 0.189109 1.619643 0.723122
v 0.090545 1.615153 0.741131
v -0.521010 0.737332 0.786285
v -0.584551 0.592961 0.671971
v -0.011055 1.456738 0.864642
v -0.126751 1.342329 0.917025
v -0.230838 1.210845 0.933681
v -0.340784 1.052271 0.919912
v -0.438144 0.892071 0.870248
v 0.200119 1.560974 0.770262
v 0.127858 1.539155 0.799040
v 0.291105 0.392698 -0.735413
v 0.272419 1.202138 0.924946
v 0.229206 1.348022 0.887392
v 0.322620 1.609408 0.674190
v 0.030566 0.177016 -0.547003
v 0.215897 1.475208 0.824612
v -0.166355 0.261599 -0.628334
v -0.413510 0.660396 0.825388
v -0.472755 0.512951 0.712637
v 0.016390 1.433220 0.878143
v -0.079050 1.306924 0.935538
v -0.165466 1.163387 0.958077
v -0.257052 0.991827 0.950844
v -0.339646 0.821401 0.906239
v 0.202306 1.548330 0.779727
v 0.136690 1.524347 0.809254
v -0.470844 0.360966 0.581331
v -0.018918 0.551144 -0.876193
v -0.300801 0.799326 0.913099
v -0.519004 0.158233 0.042532
v 0.341583 1.794028 0.447301
v 0.247947 1.512418 0.789215
v -0.184613 0.329792 -0.691092
v -0.509005 1.827828 0.029994
v -0.706158 1.523388 -0.416762
v -0.863435 1.282791 0.385971
v -0.940661 1.160219 0.255660
v -0.117170 1.645380 0.722136
v -0.294348 1.618461 0.712685
v -0.451112 1.568410 0.670033
v -0.613846 1.490947 0.597284
v -0.753070 1.394505 0.501368
v -0.607292 1.587543 0.506687
v -0.745965 1.506552 0.396426
v -0.855951 1.405480 0.271149
v -0.932983 1.288333 0.135800
v -0.112538 1.680973 0.688511
v -0.289210 1.675331 0.658971
v -0.445259 1.645343 0.597693
v -0.267267 1.740666 0.592559
v -0.417021 1.729420 0.512230
v -0.572883 1.689992 0.402549
v -0.706709 1.623434 0.277617
v -0.813355 1.532305 0.142233
v -0.888685 1.420227 0.001732
v -0.099046 1.723792 0.645303
v -0.597595 1.758988 -0.129133
v -0.664302 1.655969 -0.280479
v -0.028427 1.808600 0.546388
v -0.156891 1.857412 0.453020
v -0.274728 1.879161 0.333041
v -0.398996 1.872849 0.183694
v -0.507943 1.832313 0.027579
v -0.244833 1.896300 0.308540
v -0.363071 1.893336 0.154353
v -0.467336 1.855428 -0.005548
v -0.553621 1.784033 -0.165019
v -0.618570 1.682015 -0.317799
v -0.013289 1.818704 0.532391
v -0.133343 1.870674 0.433940
v -0.529709 1.725436 -0.383718
v 0.013527 1.834668 0.509175
v -0.089444 1.891855 0.401622
v -0.188187 1.923980 0.266519
v -0.294048 1.927063 0.103150
v -0.388588 1.893907 -0.063965
v -0.468174 1.825785 -0.228405
v -0.272106 1.927694 -0.129139
v -0.341784 1.862446 -0.299123
v -0.398268 1.763562 -0.457262
v 0.050892 1.851657 0.480280
v -0.024333 1.910741 0.365191
v -0.104398 1.948283 0.219638
v -0.191951 1.956677 0.046025
v 0.145188 1.802647 0.540329
v 0.152230 1.778315 0.569121
v 0.156867 1.761285 0.588184
v 0.159754 1.750412 0.600080
v 0.174243 1.690903 0.660294
v 0.177827 1.674371 0.675372
v 0.180557 1.661537 0.686887
v 0.052130 1.921666 0.332739
v 0.097341 1.859563 0.458963
v -0.232167 1.785293 -0.525920
v -0.182509 1.883354 -0.365023
v -0.126222 1.946988 -0.189631
v -0.065505 1.973628 -0.006616
v -0.002693 1.962251 0.176990
v 0.083510 1.658720 0.703433
v 0.084373 1.676928 0.686604
v 0.086552 1.699683 0.664657
v 0.102062 1.763313 0.596421
v 0.105453 1.773219 0.584664
v 0.110973 1.788701 0.565739
v 0.116578 1.809652 0.538268
v -0.858281 1.223761 0.438649
v -0.935216 1.098412 0.310802
v -0.117585 1.629400 0.736444
v -0.292718 1.593114 0.735475
v -0.448408 1.532797 0.701933
v -0.610089 1.445270 0.638113
v -0.748486 1.340921 0.549213
v 0.182241 1.653638 0.693985
v 0.083371 1.649092 0.712001
v -0.708388 1.662955 -0.008485
v -0.779523 1.556099 -0.155009
v -0.073460 1.765013 0.599948
v -0.220113 1.803526 0.521026
v -0.352595 1.812311 0.417244
v -0.490887 1.793757 0.283247
v -0.610525 1.743608 0.139091
v 0.170164 1.708949 0.643207
v 0.090640 1.723009 0.641177
v 0.268213 1.731525 0.576097
v -0.212281 0.483640 -0.810215
v -0.170120 0.264325 -0.630250
v -0.246746 1.328628 -0.887145
v -0.692925 1.017380 -0.695159
v 0.748200 0.627582 0.513601
v -0.204609 0.264517 -0.620230
v -0.631005 1.734788 -0.097120
v -0.699047 1.630802 -0.247186
v -0.055275 1.787232 0.574177
v -0.186291 1.836681 0.480672
v -0.305811 1.856673 0.362800
v -0.430823 1.850232 0.213791
v -0.539693 1.809605 0.057735
v 0.167521 1.720164 0.632185
v 0.093696 1.736730 0.626895
v -0.291539 1.588649 0.735511
v 0.937727 1.290763 0.098764
v -0.196864 0.234330 -0.588212
v -0.936961 0.690551 -0.098987
v -0.109885 1.785195 -0.562108
v 0.172931 1.706578 0.640400
v 0.116367 0.356488 -0.736388
v 0.263862 1.347222 0.878060
v 0.151232 0.325031 0.701744
v 0.863435 0.698524 -0.385971
v 0.940699 0.821217 -0.255529
v 0.117170 0.335936 -0.722136
v 0.294348 0.362855 -0.712685
v 0.451112 0.412905 -0.670033
v 0.613846 0.490369 -0.597284
v 0.753070 0.586811 -0.501368
v 0.607292 0.393772 -0.506687
v 0.745965 0.474764 -0.396426
v 0.855951 0.575836 -0.271149
v 0.933021 0.693103 -0.135669
v 0.112538 0.300343 -0.688511
v 0.289210 0.305984 -0.658971
v 0.445259 0.335973 -0.597693
v 0.267267 0.240649 -0.592559
v 0.417021 0.251896 -0.512230
v 0.572883 0.291324 -0.402549
v 0.706709 0.357882 -0.277617
v 0.813355 0.449011 -0.142233
v 0.888724 0.561209 -0.001601
v 0.099046 0.257524 -0.645303
v 0.597595 0.222328 0.129133
v 0.664340 0.325467 0.280610
v 0.028427 0.172716 -0.546388
v 0.156891 0.123904 -0.453020
v 0.274728 0.102155 -0.333041
v 0.398996 0.108466 -0.183694
v 0.507943 0.149003 -0.027579
v 0.244833 0.085016 -0.308540
v 0.363071 0.087980 -0.154353
v 0.467336 0.125888 0.005548
v 0.553621 0.197283 0.165019
v 0.618609 0.299421 0.317930
v 0.013289 0.162612 -0.532391
v 0.133343 0.110642 -0.433940
v 0.529747 0.256000 0.383850
v -0.013527 0.146648 -0.509175
v 0.089444 0.089461 -0.401622
v 0.188187 0.057336 -0.266519
v 0.294048 0.054252 -0.103150
v 0.388588 0.087409 0.063965
v 0.468174 0.155530 0.228405
v 0.272106 0.053622 0.129139
v 0.341784 0.118870 0.299123
v 0.398306 0.217874 0.457394
v -0.050892 0.129659 -0.480280
v 0.024333 0.070575 -0.365191
v 0.104398 0.033032 -0.219638
v 0.191951 0.024638 -0.046025
v -0.145093 0.178896 -0.540708
v -0.152179 0.203345 -0.569675
v -0.156798 0.220313 -0.588663
v -0.159653 0.231111 -0.600434
v -0.174114 0.290548 -0.660534
v -0.177676 0.306958 -0.675521
v -0.180395 0.319759 -0.686989
v -0.052130 0.059649 -0.332739
v -0.097341 0.121752 -0.458963
v 0.232205 0.196143 0.526051
v 0.182509 0.097962 0.365023
v 0.126222 0.034328 0.189631
v 0.065505 0.007688 0.006616
v 0.002693 0.019064 -0.176990
v -0.083510 0.322596 -0.703433
v -0.084373 0.304388 -0.686604
v -0.086552 0.281632 -0.664657
v -0.102062 0.218003 -0.596421
v -0.105453 0.208097 -0.584664
v -0.110973 0.192615 -0.565739
v -0.116578 0.171664 -0.538268
v 0.857860 0.757576 -0.438545
v 0.934817 0.883046 -0.310562
v 0.117188 0.351886 -0.736406
v 0.292500 0.388217 -0.735425
v 0.448128 0.448536 -0.701867
v 0.609748 0.536065 -0.638031
v 0.748098 0.640415 -0.549118
v -0.182065 0.327685 -0.694038
v -0.083670 0.332204 -0.711973
v 0.708388 0.318360 0.008485
v 0.779562 0.425337 0.155141
v 0.073460 0.216303 -0.599948
v 0.220113 0.177789 -0.521026
v 0.352595 0.169005 -0.417244
v 0.490887 0.187558 -0.283247
v 0.610525 0.237707 -0.139091
v -0.170063 0.272679 -0.643574
v -0.090640 0.258307 -0.641177
v -0.047642 0.016937 -0.160277
v 0.002333 0.005146 0.027474
v 0.052963 0.031461 0.213746
v 0.102304 0.094871 0.391381
v 0.148458 0.192938 0.553553
v -0.123468 0.123322 -0.454263
v -0.089370 0.057945 -0.320254
v 0.631005 0.246527 0.097120
v 0.699085 0.350634 0.247318
v 0.055275 0.194083 -0.574177
v 0.186291 0.144634 -0.480672
v 0.305811 0.124642 -0.362800
v 0.430823 0.131084 -0.213791
v 0.539693 0.171710 -0.057735
v -0.167431 0.261530 -0.632600
v -0.093696 0.244586 -0.626895
v 0.229048 1.619215 0.707672
v 0.665168 0.329610 0.276982
v 0.220338 1.442829 0.844524
v 0.535744 0.172610 -0.055390
v -0.493894 0.256862 0.418747
v 0.468072 1.468975 -0.711153
v -0.218424 0.969304 0.957483
v -0.485837 0.147467 -0.148301
v 0.470883 1.620470 -0.581200
v 0.832581 0.850940 -0.516840
v 0.908718 0.979201 -0.391179
v 0.103876 0.401610 -0.778526
v 0.277168 0.447720 -0.785553
v 0.429765 0.518360 -0.760580
v 0.588413 0.616006 -0.705160
v 0.724427 0.728304 -0.622859
v 0.542456 0.714051 -0.781689
v 0.671623 0.842004 -0.711750
v 0.775060 0.975423 -0.614248
v 0.848793 1.109181 -0.492927
v 0.084779 0.437467 -0.806250
v 0.248818 0.505515 -0.830295
v 0.392523 0.596482 -0.821374
v 0.200028 0.572803 -0.877757
v 0.329736 0.683072 -0.882451
v 0.465950 0.819561 -0.856111
v 0.584338 0.962380 -0.796658
v 0.680350 1.106038 -0.706378
v 0.750298 1.245016 -0.588739
v 0.053713 0.481462 -0.837584
v 0.369872 1.347246 -0.836759
v 0.427411 1.495864 -0.724331
v -0.052298 0.571484 -0.888783
v 0.040879 0.696987 -0.945088
v 0.124878 0.842395 -0.968635
v 0.215659 1.014127 -0.961324
v 0.298294 1.184640 -0.916810
v 0.087669 0.861386 -0.975157
v 0.170990 1.036838 -0.969073
v 0.247820 1.210269 -0.925536
v 0.315207 1.375014 -0.846218
v 0.370562 1.524741 -0.734169
v -0.071775 0.582815 -0.893190
v 0.011667 0.711705 -0.950032
v 0.263023 1.573584 -0.747470
v -0.105527 0.601120 -0.899399
v -0.041349 0.735562 -0.956386
v 0.019117 0.892521 -0.983636
v 0.087459 1.074777 -0.979405
v 0.152520 1.253553 -0.937324
v 0.211801 1.421979 -0.859009
v 0.020974 1.294185 -0.936048
v 0.069065 1.466068 -0.857625
v 0.114582 1.619434 -0.746031
v -0.150688 0.622635 -0.903566
v -0.114881 0.758275 -0.955673
v -0.075509 0.921750 -0.982719
v -0.027843 1.110391 -0.978287
v -0.217523 0.536691 -0.847923
v -0.213053 0.504055 -0.827874
v -0.209883 0.482550 -0.813828
v -0.207848 0.469186 -0.804853
v -0.196360 0.400441 -0.754892
v -0.193092 0.383110 -0.740907
v -0.190529 0.369820 -0.729973
v -0.196652 0.773568 -0.945732
v -0.200963 0.633633 -0.898480
v -0.062233 1.650630 -0.722818
v -0.100513 1.496053 -0.835423
v -0.134406 1.321795 -0.915829
v -0.162611 1.134552 -0.960946
v -0.184044 0.941521 -0.969041
v -0.094249 0.375645 -0.748982
v -0.102507 0.393972 -0.763523
v -0.114058 0.417508 -0.781324
v -0.156680 0.487808 -0.828085
v -0.164469 0.499626 -0.834980
v -0.176959 0.518576 -0.845619
v -0.192446 0.546442 -0.860065
v 0.851402 0.791533 -0.467824
v 0.928376 0.917002 -0.339845
v 0.110707 0.385894 -0.765619
v 0.285839 0.422179 -0.764649
v 0.441530 0.482497 -0.731108
v 0.603210 0.570024 -0.667288
v 0.741607 0.674373 -0.578388
v -0.188950 0.361626 -0.723234
v -0.090249 0.366201 -0.741176
v 0.521010 1.243984 -0.786285
v 0.584589 1.388475 -0.671840
v 0.011055 0.524577 -0.864642
v 0.126751 0.638987 -0.917025
v 0.230838 0.770470 -0.933681
v 0.340784 0.929045 -0.919912
v 0.438144 1.089244 -0.870248
v -0.199880 0.419971 -0.770043
v -0.127858 0.442161 -0.799040
v -0.235811 0.946466 -0.958400
v -0.227528 1.140629 -0.947488
v -0.209655 1.328761 -0.900157
v -0.182878 1.503631 -0.818226
v -0.148226 1.658521 -0.704844
v -0.226447 0.632026 -0.891054
v -0.235004 0.777359 -0.937966
v 0.413510 1.320920 -0.825388
v 0.472794 1.468485 -0.712506
v -0.016390 0.548095 -0.878143
v 0.079050 0.674392 -0.935539
v 0.165466 0.817929 -0.958077
v 0.257052 0.989489 -0.950844
v 0.339646 1.159915 -0.906239
v -0.202053 0.432558 -0.779450
v -0.136690 0.456968 -0.809254
v 0.706434 0.771524 0.643251
v -0.400401 1.868247 0.185622
v -0.720064 1.374114 -0.540561
v -0.323169 0.372016 -0.673974
v 0.207577 1.718579 0.617290
v -0.215427 0.504979 -0.824159
v -0.159543 0.223121 -0.586524
v -0.264568 1.141094 -0.934343
v -0.626431 0.841984 -0.744635
v -0.954504 0.748703 0.101074
v -0.949835 0.873399 0.250966
v -0.495787 0.352855 -0.557919
v -0.642892 0.388725 -0.461589
v -0.754567 0.446184 -0.347019
v -0.854957 0.530911 -0.203776
v -0.922468 0.633059 -0.052474
v -0.809001 0.432865 -0.127247
v -0.869664 0.519359 0.036418
v -0.896984 0.624220 0.198481
v -0.889910 0.743419 0.352714
v -0.476814 0.316610 -0.530617
v -0.614541 0.330930 -0.416847
v -0.717326 0.368063 -0.286224
v -0.565751 0.263642 -0.369385
v -0.654539 0.281473 -0.225148
v -0.732494 0.327355 -0.052825
v -0.782378 0.398983 0.121325
v -0.802273 0.493605 0.290611
v -0.791415 0.607584 0.448526
v -0.445765 0.272561 -0.499342
v -0.491795 0.252397 0.420992
v -0.468529 0.356736 0.584117
v -0.339647 0.182875 -0.447777
v -0.406602 0.139457 -0.302054
v -0.449680 0.122150 -0.138964
v -0.482203 0.132789 0.052388
v -0.496335 0.176723 0.241477
v -0.412471 0.103159 -0.132442
v -0.437534 0.110078 0.060137
v -0.445861 0.151094 0.250203
v -0.437131 0.224630 0.430451
v -0.411679 0.327859 0.593955
v -0.320084 0.171814 -0.443077
v -0.377390 0.124739 -0.297109
v -0.304140 0.279017 0.607257
v -0.286119 0.154172 -0.436145
v -0.324374 0.100883 -0.290756
v -0.343919 0.072023 -0.123963
v -0.354003 0.072140 0.070469
v -0.350561 0.107810 0.261991
v -0.333724 0.177664 0.443242
v -0.219014 0.067178 0.260716
v -0.190988 0.133575 0.441858
v -0.155699 0.233166 0.605818
v -0.240247 0.134885 -0.429550
v -0.250842 0.078170 -0.291469
v -0.249293 0.042795 -0.124880
v -0.238702 0.036525 0.069352
v -0.186183 0.179801 -0.529346
v -0.193225 0.204133 -0.558138
v -0.197862 0.221163 -0.577201
v -0.200749 0.232036 -0.589097
v -0.215238 0.291544 -0.649311
v -0.218822 0.308076 -0.664389
v -0.221552 0.320910 -0.675904
v -0.169071 0.062877 -0.301409
v -0.189838 0.124305 -0.434182
v 0.021116 0.201970 0.582605
v -0.021411 0.103590 0.419656
v -0.063635 0.039568 0.240496
v -0.103933 0.012365 0.052010
v -0.140759 0.023024 -0.138558
v -0.313594 0.328947 -0.641791
v -0.305378 0.310488 -0.627394
v -0.293700 0.287350 -0.609159
v -0.249473 0.222071 -0.556928
v -0.241177 0.211843 -0.548302
v -0.227746 0.195838 -0.534454
v -0.210254 0.174249 -0.513171
v -0.972909 0.808109 0.051937
v -0.969060 0.935596 0.199507
v -0.502110 0.368980 -0.570489
v -0.651349 0.414269 -0.482558
v -0.766056 0.482050 -0.376574
v -0.869418 0.576893 -0.241747
v -0.939264 0.686990 -0.097056
v -0.223229 0.328846 -0.682981
v -0.317227 0.338651 -0.649401
v -0.642933 0.355659 0.370518
v -0.625707 0.464126 0.531627
v -0.403103 0.229457 -0.472272
v -0.492474 0.197458 -0.330117
v -0.555640 0.194074 -0.173918
v -0.607328 0.217871 0.010976
v -0.636185 0.272119 0.194916
v -0.211159 0.273498 -0.632224
v -0.279636 0.263523 -0.590543
v 0.245283 1.509869 0.791955
v -0.126874 0.061943 -0.309208
v -0.117159 1.624768 0.736464
v 0.867994 1.400523 0.243035
v -0.193992 0.223505 -0.576376
v -0.867323 0.580794 -0.243233
v -0.063910 1.882831 -0.400562
v -0.535434 0.278724 0.409621
v -0.513911 0.384115 0.572292
v -0.375647 0.205978 -0.458729
v -0.444773 0.162053 -0.311603
v -0.490269 0.146616 -0.149521
v -0.523597 0.157428 0.041908
v -0.537687 0.201448 0.230906
v -0.208515 0.262283 -0.621202
v -0.270564 0.249468 -0.579511
v 0.184958 1.651503 0.690967
v 0.931477 0.885996 -0.311873
v 0.185970 0.323712 0.692768
v 0.185739 0.479316 0.814650
v 0.942754 1.262152 0.123555
v -0.154538 0.486805 -0.823964
v 0.598518 0.226710 0.126079
v 0.427205 0.132116 -0.210968
v 0.409097 1.321790 -0.823654
v -0.985358 0.901119 -0.029796
v -0.981817 1.031384 0.115315
v -0.509082 0.418529 -0.614308
v -0.660071 0.473590 -0.534457
v -0.775915 0.551639 -0.437566
v -0.880390 0.656547 -0.311652
v -0.951111 0.774552 -0.173965
v -0.873836 0.753144 -0.402249
v -0.944006 0.886599 -0.278906
v -0.977874 1.023808 -0.144618
v -0.974139 1.159498 -0.004544
v -0.504573 0.453735 -0.648356
v -0.654933 0.530461 -0.588170
v -0.770062 0.628572 -0.509906
v -0.632990 0.595796 -0.654583
v -0.741824 0.712649 -0.595369
v -0.839428 0.855592 -0.506386
v -0.904750 1.003482 -0.397716
v -0.935279 1.150633 -0.273534
v -0.929841 1.291391 -0.138612
v -0.491098 0.496500 -0.691623
v -0.719518 1.377316 -0.544900
v -0.705458 1.527133 -0.420823
v -0.420372 0.581644 -0.790172
v -0.522614 0.712541 -0.794122
v -0.599530 0.862390 -0.774558
v -0.665540 1.038450 -0.725241
v -0.705983 1.212360 -0.647754
v -0.569635 0.879529 -0.799058
v -0.629616 1.058936 -0.754582
v -0.665377 1.235475 -0.680881
v -0.675544 1.402360 -0.580786
v -0.659726 1.553179 -0.458144
v -0.405148 0.592016 -0.803876
v -0.499066 0.725803 -0.813202
v -0.570865 1.596601 -0.524063
v -0.378120 0.608644 -0.826369
v -0.455167 0.746984 -0.845520
v -0.512989 0.907209 -0.841079
v -0.560593 1.092664 -0.805785
v -0.586629 1.273955 -0.739298
v -0.590097 1.444113 -0.644172
v -0.470147 1.307741 -0.804472
v -0.463707 1.480774 -0.714890
v -0.439424 1.634726 -0.597607
v -0.340042 0.627862 -0.852836
v -0.390056 0.765870 -0.881950
v -0.429200 0.931512 -0.887961
v -0.458496 1.122278 -0.862911
v -0.258734 0.538196 -0.837075
v -0.254283 0.505752 -0.817119
v -0.251103 0.484164 -0.803022
v -0.249055 0.470662 -0.793989
v -0.237556 0.401792 -0.743973
v -0.234263 0.384353 -0.729883
v -0.231694 0.371011 -0.718922
v -0.313593 0.776796 -0.914403
v -0.293461 0.636186 -0.873699
v -0.273323 1.656457 -0.666265
v -0.304433 1.501682 -0.780790
v -0.324262 1.327035 -0.864964
v -0.332050 1.139229 -0.915552
v -0.327496 0.945480 -0.930609
v -0.324333 0.381995 -0.687340
v -0.323513 0.400072 -0.704314
v -0.321206 0.423226 -0.725827
v -0.304091 0.491877 -0.788592
v -0.300193 0.503372 -0.798618
v -0.293732 0.521799 -0.814335
v -0.286122 0.549028 -0.834968
v -0.980204 0.842089 0.022883
v -0.976372 0.969577 0.170457
v -0.509349 0.403009 -0.599499
v -0.658441 0.448243 -0.511667
v -0.773210 0.516026 -0.405666
v -0.876633 0.610871 -0.270822
v -0.946526 0.720969 -0.126119
v -0.230114 0.362787 -0.712177
v -0.324377 0.372664 -0.678450
v -0.830311 1.281283 -0.424252
v -0.820679 1.427263 -0.295354
v -0.465508 0.537731 -0.736966
v -0.585836 0.658655 -0.726115
v -0.677397 0.795539 -0.690355
v -0.757431 0.959358 -0.625688
v -0.808565 1.123656 -0.536241
v -0.241114 0.421473 -0.759279
v -0.316854 0.447378 -0.748406
v -0.127858 1.140492 0.964765
v -0.440655 0.162991 -0.309954
v 0.493894 1.724453 -0.418747
v 0.666122 0.944889 0.720504
v -0.276456 1.874550 0.334479
v -0.228885 0.362086 -0.707769
v 0.533054 1.779204 -0.230952
v -0.752928 1.353116 -0.512887
v -0.740203 1.501967 -0.387531
v -0.447311 0.559990 -0.762695
v -0.552014 0.691810 -0.766470
v -0.630614 0.839902 -0.744799
v -0.697367 1.015832 -0.695145
v -0.737733 1.189653 -0.617598
v -0.243301 0.434117 -0.768744
v -0.313558 0.461850 -0.761869
v -0.219907 0.537744 -0.844254
v -0.154960 0.206277 -0.567683
v -0.272829 0.947552 -0.945239
v -0.548195 0.694223 -0.766087
v -0.160837 0.127019 -0.442682
v -0.932310 1.095483 0.312220
v 0.764819 1.495076 0.377481
v -0.189373 0.206539 -0.557387
v -0.764269 0.486244 -0.377646
v -0.014719 1.946028 -0.223462
v 0.183281 1.659376 0.683895
v 0.854754 0.760915 -0.439460
v 0.220474 0.478011 0.805662
v 0.212436 0.653635 0.896337
v 0.873116 1.371909 0.267801
v -0.206725 0.467761 -0.800258
v 0.187996 1.620324 0.718642
v 0.302633 0.125704 -0.359540
v -0.210265 0.470481 -0.801336
v -0.043918 1.285294 0.941374
v -0.371899 0.206743 -0.456524
v 0.600255 1.120394 0.769696
v -0.158844 1.853014 0.453912
v 0.137704 1.520482 0.808105
v -0.943527 0.719204 -0.123366
v 0.519005 1.823082 -0.042532
v -0.237401 0.778211 -0.934327
v -0.147844 0.181765 -0.538599
v -0.237078 0.423073 -0.757760
v 0.094008 1.736334 0.622768
v -0.443993 0.562876 -0.762311
v 0.110204 0.196593 0.561833
v -0.855593 1.220444 0.439667
v 0.207749 1.704990 0.631750
v 0.650332 1.562651 0.483174
v -0.182344 0.182260 -0.528651
v -0.649905 0.418672 -0.483306
v 0.035760 1.972239 -0.037746
v 0.180561 1.672164 0.672425
v 0.089680 1.615838 0.736597
v 0.247165 0.652357 0.887326
v 0.230257 0.841169 0.943535
v 0.770062 1.466459 0.402214
v 0.300801 1.181990 -0.913100
v 0.183603 0.145760 -0.477199
v -0.089091 0.365555 -0.736686
v 0.049158 1.410476 0.885153
v -0.509062 0.384023 0.571373
v 0.523437 1.269634 0.789374
v -0.030565 1.804300 0.547003
v 0.202094 1.543981 0.779130
v -0.873794 0.609445 -0.267637
v 0.485837 1.833848 0.148301
v -0.228844 0.633127 -0.887441
v 0.235965 1.034961 0.958253
v 0.227677 0.840823 0.947319
v 0.209799 0.652711 0.899971
v 0.183020 0.477854 0.818028
v 0.148405 0.323092 0.704772
v 0.226628 1.349205 0.891029
v 0.235163 1.204042 0.937841
v -0.092174 0.060806 -0.318341
v -0.226126 0.364633 -0.710859
v 0.166445 1.720082 0.627924
v -0.735418 1.502194 -0.388725
v 0.064193 0.098823 0.400168
v 0.217976 1.658448 0.674719
v 0.501874 1.607681 0.570619
v -0.501154 0.373533 -0.570947
v 0.085587 1.960454 0.149450
v 0.237310 1.558962 0.757134
v 0.176993 1.688622 0.657411
v 0.047843 1.964258 0.160329
v -0.002127 1.976023 -0.027400
v -0.052754 1.949688 -0.213655
v -0.102091 1.886265 -0.391279
v -0.148206 1.788311 -0.553313
v 0.123626 1.858022 0.454143
v 0.089565 1.923276 0.320283
v 0.264978 0.839931 0.934490
v 0.238519 1.034711 0.954432
v 0.655698 1.534030 0.507874
v 0.218425 1.012012 -0.957483
v 0.053175 0.195010 -0.570406
v -0.187848 0.360927 -0.718793
v -0.429815 0.489404 0.721242
v -0.530643 0.279033 0.409172
v 0.421307 1.400204 0.785451
v -0.665129 1.651826 -0.276851
v -0.335625 0.820148 0.904197
v -0.088838 0.018189 -0.149346
v -0.038868 0.006424 0.038383
v 0.011759 0.032759 0.224638
v 0.061096 0.096182 0.402261
v 0.107249 0.194256 0.564427
v -0.164621 0.124425 -0.443160
v -0.130560 0.059171 -0.309300
v -0.770619 0.514892 -0.402083
v 0.440656 1.818325 0.309954
v -0.150914 1.656758 -0.702019
v 0.311908 1.515674 0.761434
v -0.126210 0.126127 -0.452115
v -0.227701 0.372825 -0.717582
v -0.535743 1.808705 0.055390
v -0.748200 1.353734 -0.513601
v 0.015007 0.035599 0.223092
v 0.215278 1.671170 0.663341
v 0.967578 1.043042 -0.196780
v -0.276960 0.947487 -0.947270
v -0.268672 1.141624 -0.936336
v -0.250794 1.329736 -0.888988
v -0.224015 1.504593 -0.807045
v -0.189362 1.659476 -0.693657
v -0.267623 0.633242 -0.880046
v -0.276158 0.778405 -0.926858
v 0.170298 1.717746 0.629422
v -0.966674 0.938389 0.196661
v 0.228069 1.608590 0.717528
v 0.162553 1.747933 0.597404
v 0.731857 0.618549 0.525447
v 0.718592 0.470263 0.401625
v 0.431309 1.408023 0.771481
v 0.534155 1.277471 0.775319
v 0.611442 1.129432 0.754817
v 0.677417 0.954525 0.705636
v 0.717572 0.781735 0.628598
v 0.244746 1.526175 0.776104
v 0.306968 1.501442 0.770290
v 0.510681 1.711127 -0.412676
v 0.488473 1.607024 -0.574435
v 0.355635 1.781839 0.450511
v 0.423267 1.825243 0.304984
v 0.467294 1.841504 0.143409
v 0.500020 1.830844 -0.046799
v 0.514043 1.787138 -0.234673
v 0.203668 1.729091 0.601874
v 0.258528 1.740728 0.564831
v 0.255081 1.033983 0.946942
v 0.246850 0.841016 0.936101
v 0.229088 0.654043 0.889066
v 0.202477 0.480251 0.807644
v 0.168079 0.326437 0.695094
v 0.245770 1.346515 0.879989
v 0.254278 1.202049 0.926630
v -0.389510 0.649501 0.825872
v -0.447532 0.502451 0.714042
v 0.033933 1.418992 0.877942
v -0.059804 1.293866 0.934447
v -0.144499 1.150297 0.957342
v -0.235122 0.979713 0.950115
v -0.317226 0.810298 0.905831
v 0.203883 1.526925 0.787312
v 0.145668 1.505894 0.813504
v 0.068067 1.957809 0.153715
v 0.018400 1.969532 -0.032879
v -0.031919 1.943383 -0.218003
v -0.080955 1.880368 -0.394542
v -0.126786 1.783028 -0.555581
v 0.143431 1.852054 0.445917
v 0.109537 1.917050 0.312707
v -0.610686 1.742079 -0.112250
v -0.677652 1.639212 -0.262018
v -0.041740 1.792808 0.556972
v -0.170692 1.841638 0.464112
v -0.288647 1.862370 0.345934
v -0.412520 1.856032 0.197680
v -0.520754 1.815701 0.042560
v 0.162669 1.730517 0.612501
v 0.097228 1.745180 0.608045
v 0.610687 0.239236 0.112250
v 0.677691 0.342224 0.262148
v 0.041741 0.188508 -0.556972
v 0.170693 0.139678 -0.464113
v 0.288648 0.118946 -0.345934
v 0.412521 0.125284 -0.197680
v 0.520755 0.165615 -0.042560
v -0.162574 0.251090 -0.612883
v -0.097228 0.236136 -0.608045
v 0.389511 1.331815 -0.825873
v 0.447571 1.478985 -0.713912
v -0.033932 0.562324 -0.877943
v 0.059805 0.687450 -0.934447
v 0.144499 0.831019 -0.957342
v 0.235123 1.001603 -0.950116
v 0.317227 1.171018 -0.905831
v -0.203651 0.454006 -0.787114
v -0.145667 0.475422 -0.813504
v -0.067713 0.023497 -0.153810
v -0.018046 0.011775 0.032784
v 0.032272 0.037923 0.217908
v 0.081308 0.100938 0.394447
v 0.127177 0.198398 0.555617
v -0.143078 0.129252 -0.446011
v -0.109184 0.064256 -0.312802
v -0.510680 0.270189 0.412676
v -0.488433 0.374411 0.574565
v -0.355634 0.199477 -0.450511
v -0.423266 0.156072 -0.304985
v -0.467293 0.139812 -0.143410
v -0.500019 0.150472 0.046799
v -0.514042 0.194178 0.234673
v -0.203410 0.251923 -0.601586
v -0.258527 0.240588 -0.564831
v -0.254728 0.947324 -0.947037
v -0.246497 1.140291 -0.936196
v -0.228735 1.327263 -0.889160
v -0.202124 1.501055 -0.807738
v -0.167687 1.654989 -0.695058
v -0.245417 0.634791 -0.880083
v -0.253925 0.779257 -0.926724
v -0.731856 1.362767 -0.525447
v -0.718553 1.511172 -0.401495
v -0.431308 0.573292 -0.771482
v -0.534154 0.703845 -0.775319
v -0.611441 0.851884 -0.754818
v -0.677416 1.026791 -0.705637
v -0.717571 1.199581 -0.628598
v -0.244624 0.455515 -0.776397
v -0.306967 0.479874 -0.770290
v 0.970801 1.155200 -0.037267
v 0.967034 1.028620 -0.183800
v 0.502847 1.591557 0.581259
v 0.650990 1.546612 0.493988
v 0.765061 1.479248 0.388639
v 0.867856 1.384989 0.254626
v 0.937325 1.275572 0.110815
v 0.225458 1.631565 0.693254
v 0.319002 1.621717 0.659729
v -0.849634 1.205448 0.450447
v -0.926097 1.080874 0.323390
v -0.113513 1.608569 0.746389
v -0.287531 1.572517 0.745427
v -0.442270 1.512573 0.712096
v -0.602962 1.425587 0.648674
v -0.740512 1.321883 0.560326
v 0.184533 1.632670 0.704189
v 0.086218 1.628142 0.722095
v 0.849632 0.775887 -0.450464
v 0.926132 0.900581 -0.323276
v 0.113510 0.372766 -0.746405
v 0.287528 0.408818 -0.745444
v 0.442267 0.468763 -0.712113
v 0.602959 0.555748 -0.648690
v 0.740509 0.659452 -0.560342
v -0.184367 0.348636 -0.704280
v -0.086221 0.353193 -0.722112
v -0.970804 0.826135 0.037250
v -0.966999 0.952835 0.183913
v -0.502850 0.389779 -0.581276
v -0.650993 0.434724 -0.494004
v -0.765064 0.502087 -0.388656
v -0.867859 0.596346 -0.254643
v -0.937328 0.705764 -0.110832
v -0.225277 0.349790 -0.693291
v -0.319005 0.359618 -0.659746
v 0.236895 1.441315 0.837094
v 0.232448 1.473786 0.817153
v 0.229300 1.495142 0.803202
v 0.227280 1.508398 0.794294
v 0.215865 1.576694 0.744652
v 0.212622 1.593898 0.730774
v 0.210076 1.607096 0.719912
v 0.208496 1.615216 0.713178
v 0.219357 1.557314 0.759681
v 0.221513 1.544816 0.769018
v 0.224364 1.526809 0.781515
v 0.164935 1.796786 0.531876
v 0.171985 1.772466 0.560696
v 0.176572 1.755614 0.579553
v 0.179404 1.744898 0.591227
v 0.193770 1.685841 0.650935
v 0.197306 1.669555 0.665812
v 0.200006 1.656840 0.677201
v 0.201671 1.649001 0.684222
v 0.189750 1.703567 0.634103
v 0.187136 1.714634 0.623206
v 0.183313 1.729598 0.607395
v -0.164582 0.184520 -0.531970
v -0.171632 0.208840 -0.560791
v -0.176219 0.225692 -0.579648
v -0.179051 0.236408 -0.591322
v -0.193417 0.295465 -0.651029
v -0.196953 0.311751 -0.665907
v -0.199653 0.324466 -0.677295
v -0.201311 0.332342 -0.684295
v -0.189397 0.277739 -0.634198
v -0.186783 0.266672 -0.623301
v -0.182960 0.251709 -0.607489
v -0.236542 0.539991 -0.837189
v -0.232095 0.507520 -0.817247
v -0.228947 0.486164 -0.803297
v -0.226927 0.472908 -0.794388
v -0.215512 0.404612 -0.744746
v -0.212269 0.387408 -0.730868
v -0.209723 0.374210 -0.720007
v -0.208154 0.366073 -0.713311
v -0.219003 0.423992 -0.759775
v -0.221160 0.436491 -0.769112
v -0.224011 0.454497 -0.781610
v 0.205089 1.632132 0.698716
v -0.204740 0.349193 -0.698827
v 0.206940 1.513205 0.800390
v 0.076063 0.676993 -0.933333
v -0.341582 0.187288 -0.447301
v -0.094007 0.244982 -0.622768
v 0.212728 1.496714 0.810568
v 0.158844 0.128302 -0.453913
v -0.848962 1.191788 0.464028
v 0.237718 1.203275 0.934078
v 0.254925 1.442606 0.834872
v 0.446264 0.452831 -0.701961
v 0.001153 1.972914 -0.028217
v 0.127192 1.919543 0.308959
v -0.316827 0.343295 -0.649622
v -0.214872 0.310099 -0.663233
v 0.317369 1.637951 0.649373
v -0.608073 1.441265 0.638489
v -0.626654 1.734227 -0.099120
v -0.254648 0.539434 -0.835332
v 0.443993 1.418439 0.762311
v -0.409097 0.659525 0.823653
v -0.242962 0.438463 -0.768182
v -0.185504 1.657352 -0.692421
v -0.180260 0.309180 -0.672722
v -0.198826 0.402097 -0.751594
v -0.523437 0.711682 -0.789374
v 0.101053 1.758720 0.597104
v 0.926549 0.914605 -0.336691
v 0.451656 1.854452 0.139410
v -0.207313 0.262362 -0.616975
v 0.154539 1.494511 0.823963
v 0.162039 0.820220 -0.955874
v -0.408511 0.143962 -0.301912
v 0.210689 1.510148 0.801574
v 0.276457 0.106766 -0.334479
v -0.925646 1.066827 0.336572
v 0.204945 1.546596 0.776377
v 0.250445 1.475370 0.814777
v 0.607395 0.540089 -0.638325
v -0.049318 1.946664 -0.213899
v 0.182862 1.798584 0.529217
v -0.217592 0.322887 -0.674703
v -0.746098 1.337240 0.549879
v -0.694390 1.630632 -0.248814
v -0.250208 0.507055 -0.815419
v -0.050569 0.019895 -0.158832
v 0.548196 1.287092 0.766087
v -0.468033 0.512460 0.711284
v -0.311908 0.465642 -0.761434
v -0.263516 0.634241 -0.878200
v -0.182958 0.321901 -0.684100
v -0.195598 0.384947 -0.737779
v -0.600255 0.860921 -0.769696
v 0.111359 0.385200 -0.761066
v 0.484145 1.843832 -0.051357
v -0.268212 0.249791 -0.576097
v 0.253284 0.991262 -0.948658
v -0.451656 0.126863 -0.139410
v 0.372348 1.343961 -0.833229
v 0.199228 1.578782 0.751723
v 0.400402 0.113069 -0.185622
v -0.110575 1.596215 0.760956
v 0.247299 1.496709 0.800833
v 0.745325 0.644116 -0.549690
v -0.098504 1.883439 -0.390976
v 0.189978 1.774072 0.558302
v -0.219262 0.330797 -0.681753
v 0.182217 1.649010 0.694116
v -0.053175 1.786305 0.570406
v -0.247039 0.485549 -0.801376
v -0.000742 0.008111 0.028364
v 0.626432 1.139332 0.744635
v -0.238212 0.946826 -0.954725
v 0.197370 1.746555 0.588728
v -0.977139 0.839951 0.025186
v 0.018919 1.430172 0.876193
v -0.272029 0.778988 -0.924886
v -0.172731 0.275359 -0.641132
v -0.193051 0.371759 -0.726910
v -0.666122 1.036427 -0.720504
v 0.285739 0.421319 -0.760113
v 0.498230 1.800026 -0.239854
v 0.335626 1.161168 -0.904197
v -0.484145 0.137484 0.051357
v 0.429854 1.492032 -0.721111
v 0.195950 1.596146 0.737696
v 0.509006 0.153488 -0.029994
v -0.285312 1.560004 0.759981
v 0.148034 1.800003 0.537843
v 0.239459 1.546482 0.766443
v -0.182034 0.332350 -0.694148
v -0.144476 1.785790 -0.552510
v 0.194561 1.757228 0.577143
v -0.207242 0.275684 -0.631208
v 0.083292 1.644413 0.712084
v -0.183603 1.835556 0.477199
v -0.245000 0.472115 -0.792382
v 0.049737 0.034321 0.214081
v 0.692925 0.963936 0.695159
v -0.229960 1.140418 -0.943872
v 0.530644 1.702283 -0.409172
v -0.973339 0.967046 0.172309
v -0.076063 1.304323 0.933333
v -0.239255 0.435667 -0.767185
v -0.202292 0.421387 -0.766516
v -0.706434 1.209792 -0.643251
v 0.441021 0.481448 -0.726694
v 0.201026 1.744197 0.590201
v -0.162352 0.233795 -0.598110
v -0.201845 0.436914 -0.778865
v -0.498229 0.181289 0.239854
v -0.049158 0.570840 -0.885153
v 0.976301 1.141407 -0.024979
v 0.193390 1.609437 0.726774
v -0.159804 0.235981 -0.601245
v -0.440471 1.499872 0.726529
v 0.155062 1.775724 0.566579
v 0.233844 1.578253 0.742213
v -0.083888 0.336865 -0.712029
v 0.126527 1.855244 0.451874
v 0.226484 1.616704 0.710779
v 0.205138 1.716025 0.620868
v -0.085280 0.021083 -0.149744
v -0.302633 1.855612 0.359540
v -0.233539 0.403481 -0.742531
v 0.098928 0.097518 0.391180
v 0.733172 0.790647 0.617855
v -0.212147 1.327992 -0.896707
v 0.509101 1.597413 -0.571242
v -0.507674 0.402287 -0.595221
v -0.162039 1.161095 0.955874
v 0.720065 0.607202 0.540560
v -0.247808 0.469239 -0.789441
v 0.602273 0.568703 -0.663091
v 0.250451 1.754597 0.557079
v 0.626654 0.247089 0.099120
v -0.137703 0.460834 -0.808105
v -0.200772 0.236889 -0.589938
v 0.043918 0.696021 -0.941375
v 0.972505 1.014434 -0.171962
v 0.191805 1.617613 0.720013
v -0.101053 0.222595 -0.597104
v -0.601602 1.412614 0.662893
v 0.159681 1.758758 0.585569
v 0.230616 1.595402 0.728397
v -0.970508 0.811296 0.049547
v 0.092564 1.920320 0.318400
v 0.971340 1.170017 -0.049787
v 0.211752 1.687385 0.648508
v -0.035463 0.009349 0.037409
v 0.219638 1.650595 0.681733
v -0.427204 1.849200 0.210967
v -0.230260 0.386117 -0.728504
v 0.144941 0.195274 0.552858
v 0.243067 1.543264 0.767822
v -0.185456 1.502339 -0.815044
v 0.371900 1.774572 0.456524
v -0.656131 0.447317 -0.507776
v -0.253284 0.990053 0.948658
v -0.598518 1.754606 -0.126079
v 0.706197 0.458048 0.416892
v -0.372347 0.637355 0.833229
v -0.303936 0.490929 -0.783938
v 0.740299 0.672727 -0.574481
v 0.694429 0.350804 0.248945
v -0.250451 0.226719 -0.557079
v 0.127858 0.840824 -0.964765
v 0.506947 1.579170 0.595515
v 0.202768 1.559190 0.766953
v 0.273230 1.033523 0.945343
v -0.739533 1.308587 0.574258
v 0.507770 1.547499 0.629008
v 0.659464 1.482141 0.558122
v 0.775703 1.393942 0.470432
v 0.880565 1.279084 0.353538
v 0.951590 1.153263 0.222937
v 0.986047 1.021312 0.083650
v 0.982651 0.888423 -0.058841
v 0.972921 1.144254 0.102349
v 0.499134 1.505774 0.670009
v 0.646201 1.417453 0.621394
v 0.758824 1.309761 0.552660
v 0.860143 1.175796 0.454345
v 0.928384 1.034962 0.338342
v 0.960923 0.892670 0.209110
v 0.956549 0.754509 0.071745
v 0.825939 1.291881 0.458318
v 0.913332 1.162242 0.342258
v 0.965604 1.026253 0.212818
v 0.980753 0.889172 0.075005
v 0.411758 1.560024 0.677980
v 0.958237 0.756388 -0.065754
v 0.589712 1.489372 0.617676
v 0.711346 1.406992 0.554145
v 0.480034 1.464241 0.713755
v 0.613477 1.354206 0.689051
v 0.715776 1.227870 0.640459
v 0.806815 1.075321 0.562219
v 0.866884 0.919884 0.462019
v 0.894041 0.767740 0.343409
v 0.886994 0.624586 0.211411
v 0.913725 0.623855 0.068965
v 0.571339 1.434006 0.673904
v 0.686376 1.332645 0.629717
v 0.794463 1.198166 0.553578
v 0.876321 1.052044 0.454273
v 0.924479 0.903809 0.337282
v 0.937096 0.759186 0.207134
v 0.403857 1.529120 0.708632
v 0.415445 1.396178 0.794741
v 0.515504 1.264597 0.800042
v 0.590764 1.113706 0.781921
v 0.655235 0.936803 0.733828
v 0.694511 0.762232 0.657290
v 0.707135 0.596732 0.555203
v 0.692618 0.446745 0.431669
v 0.716190 0.684963 0.599261
v 0.829512 0.625278 0.361610
v 0.390238 1.498477 0.740525
v 0.804033 0.487324 0.226466
v 0.533697 1.381049 0.733554
v 0.630783 1.260282 0.712449
v 0.721130 1.104537 0.661034
v 0.786508 0.939258 0.584147
v 0.391899 1.380857 0.815208
v 0.477540 1.244449 0.829671
v 0.541819 1.087233 0.820576
v 0.595722 0.904645 0.780802
v 0.626707 0.725608 0.710794
v 0.633585 0.557001 0.613244
v 0.616129 0.405426 0.492030
v 0.534086 1.184997 0.809916
v 0.602537 1.012156 0.780617
v 0.650640 0.833320 0.721242
v 0.673715 0.660775 0.633922
v 0.670886 0.501183 0.522046
v 0.349328 1.446269 0.798150
v 0.642299 0.360797 0.390046
v 0.458209 1.321044 0.810619
v 0.361579 1.363839 0.838523
v 0.427491 1.224788 0.862397
v 0.477374 1.061826 0.862798
v 0.517195 0.873687 0.832249
v 0.537117 0.690288 0.769490
v 0.536374 0.518677 0.676933
v 0.515033 0.365569 0.558264
v 0.583309 0.458389 0.587012
v 0.553007 0.317165 0.456285
v 0.332903 1.429881 0.816366
v 0.421502 1.302589 0.838151
v 0.484026 1.160603 0.846990
v 0.539398 0.981304 0.827455
v 0.576396 0.797041 0.776317
v 0.591220 0.620464 0.695119
v 0.316380 1.345792 0.865748
v 0.349783 1.208093 0.900510
v 0.376548 1.040365 0.912066
v 0.393709 0.847554 0.892451
v 0.395826 0.660485 0.838283
v 0.382819 0.486346 0.751642
v 0.355226 0.331949 0.635991
v 0.466576 0.765187 0.837764
v 0.469195 0.585070 0.763394
v 0.453768 0.420815 0.659493
v 0.311648 1.407243 0.838804
v 0.420928 0.278855 0.530185
v 0.367460 1.284870 0.869679
v 0.409935 1.139112 0.888446
v 0.446004 0.954214 0.879711
v 0.331319 0.938681 0.927601
v 0.329695 0.746978 0.894620
v 0.315819 0.564873 0.826912
v 0.290236 0.399393 0.727113
v 0.285827 1.401599 0.851010
v 0.253966 0.257020 0.599191
v 0.304293 1.275298 0.896880
v 0.267264 1.440423 0.836067
v 0.265825 1.471592 0.815928
v 0.265056 1.492378 0.801434
v 0.261728 1.553377 0.756067
v 0.260154 1.574152 0.738967
v 0.258264 1.593003 0.723037
v 0.287208 1.203252 0.923304
v 0.275771 1.347304 0.878003
v 0.212085 0.322640 0.686512
v 0.245813 0.477377 0.800053
v 0.270855 0.652183 0.882551
v 0.286209 0.840222 0.930706
v 0.291286 1.034266 0.942668
v 0.321335 1.126724 0.925800
v 0.324002 1.591419 0.694835
v 0.322651 1.569800 0.714927
v 0.319250 1.546130 0.736993
v 0.302723 1.485316 0.792210
v 0.297022 1.468839 0.806449
v 0.290155 1.447995 0.823450
v 0.988358 1.015245 -0.042960
v 0.415195 1.584745 0.653734
v 0.965939 0.885187 -0.186249
v 0.594528 1.536196 0.573178
v 0.716828 1.473509 0.491476
v 0.832159 1.379130 0.376400
v 0.920182 1.267133 0.243960
v 0.256544 1.607521 0.710577
v 0.981405 1.123172 -0.008496
v 0.977670 0.995111 -0.155320
v 0.509241 1.573171 0.604455
v 0.658931 1.525434 0.518535
v 0.773917 1.455086 0.414826
v 0.877552 1.357727 0.282228
v 0.947612 1.245653 0.139290
v 0.230951 1.615170 0.714938
v 0.324401 1.605050 0.681893
v 0.823276 0.777729 0.482700
v 0.715956 0.526852 0.485265
v 0.359031 1.456467 0.786713
v 0.688253 0.386969 0.352544
v 0.478202 1.332595 0.794223
v 0.560695 1.200217 0.788142
v 0.635640 1.031082 0.753536
v 0.689049 0.855187 0.689904
v 0.264497 1.505356 0.792161
v 0.773478 0.647030 0.489575
v 0.761612 0.499052 0.363419
v 0.452831 1.427671 0.755272
v 0.561529 1.298541 0.755385
v 0.643430 1.153315 0.730116
v 0.713530 0.980417 0.676697
v 0.756585 0.808980 0.596172
v 0.242650 1.552083 0.765105
v 0.314723 1.524166 0.757540
v 0.277799 1.124816 0.940319
v 0.256328 1.462366 0.825401
v 0.252802 1.487090 0.809692
v 0.249947 1.506124 0.797075
v 0.239472 1.570060 0.751390
v 0.236010 1.588857 0.736530
v 0.233049 1.604261 0.723892
v 0.272971 1.274871 0.906838
v 0.169772 0.253800 0.626837
v 0.262531 1.408925 0.854059
v 0.207821 0.396231 0.754184
v 0.238674 0.561881 0.852282
v 0.261108 0.744262 0.917226
v 0.274249 0.936337 0.946489
v 0.274636 1.033636 0.947303
v 0.266364 0.839601 0.936419
v 0.248508 0.651597 0.889140
v 0.221754 0.476849 0.807283
v 0.187169 0.322193 0.694125
v 0.265255 1.348006 0.879900
v 0.273825 1.202636 0.926865
v 0.256307 1.443526 0.836660
v 0.251823 1.476309 0.816545
v 0.248665 1.497723 0.802554
v 0.240816 1.547628 0.768113
v 0.235173 1.579534 0.743764
v 0.231930 1.596755 0.729885
v 0.229375 1.609989 0.718982
v 0.238657 1.560154 0.758766
v 0.982591 1.076029 -0.097068
v 0.415678 1.596269 0.642484
v 0.960018 0.947366 -0.241593
v 0.593380 1.556745 0.554556
v 0.714434 1.503808 0.464363
v 0.828591 1.420041 0.339890
v 0.915615 1.317074 0.199453
v 0.255293 1.616017 0.703296
v 0.967611 1.200905 0.051900
v 0.227786 1.618131 0.712215
v 0.973342 1.171092 -0.050432
v 0.969566 1.043822 -0.197765
v 0.502801 1.609789 0.571430
v 0.651648 1.564638 0.483753
v 0.766383 1.496906 0.377819
v 0.869780 1.402133 0.243065
v 0.939661 1.292119 0.098463
v 0.223654 1.650077 0.684165
v 0.317893 1.640125 0.650355
v 0.748686 0.708428 0.568191
v 0.750199 0.551655 0.452454
v 0.380473 1.481149 0.759048
v 0.723166 0.412258 0.319091
v 0.506887 1.353082 0.767079
v 0.590616 1.221861 0.759499
v 0.667650 1.054007 0.723103
v 0.720488 0.877487 0.660214
v 0.262542 1.540285 0.766522
v 0.246642 1.510953 0.793638
v 0.750542 0.627173 0.514219
v 0.737793 0.478506 0.389160
v 0.445511 1.419824 0.763589
v 0.550000 1.288155 0.767371
v 0.628448 1.140083 0.745830
v 0.695110 0.964282 0.696233
v 0.735449 0.790591 0.618749
v 0.243527 1.545209 0.769150
v 0.312804 1.517436 0.762723
v 0.258591 1.407990 0.852122
v 0.226861 1.618644 0.708880
v 0.253988 1.616706 0.698870
v 0.689021 0.390932 0.348680
v 0.217811 1.461561 0.833163
v 0.223971 1.408489 0.861624
v 0.583776 0.205928 0.022164
v -0.498410 0.215282 0.330927
v -0.484699 0.305575 0.502490
v 0.490956 1.535887 -0.644301
v 0.721044 0.605807 0.542483
v 0.707116 0.456286 0.418554
v 0.421726 1.400706 0.787849
v 0.524043 1.269852 0.791785
v 0.601004 1.120228 0.772105
v 0.667009 0.944312 0.722805
v 0.707417 0.770542 0.645374
v 0.248643 1.512869 0.791578
v 0.304446 1.490924 0.786317
v 0.488181 1.644265 0.545922
v 0.631861 1.618497 0.441042
v 0.739804 1.571280 0.318164
v 0.836534 1.496592 0.166779
v 0.901170 1.402332 0.009079
v 0.931226 1.292121 -0.148876
v 0.925586 1.170315 -0.300883
v 0.943041 1.291858 -0.024389
v 0.462428 1.687098 0.514319
v 0.592112 1.684648 0.391972
v 0.688462 1.657344 0.254214
v 0.773829 1.602175 0.088242
v 0.829537 1.523251 -0.080918
v 0.853444 1.423603 -0.246766
v 0.844669 1.307182 -0.402798
v 0.766855 1.583747 0.207713
v 0.843393 1.507732 0.045609
v 0.887598 1.411590 -0.118044
v 0.897780 1.299047 -0.276927
v 0.389873 1.668135 0.585152
v 0.873587 1.174548 -0.424799
v 0.555328 1.659227 0.471833
v 0.665019 1.635842 0.357647
v 0.426200 1.730175 0.485416
v 0.533268 1.750423 0.348846
v 0.611588 1.742544 0.198543
v 0.678994 1.706739 0.020063
v 0.720492 1.643036 -0.158903
v 0.734945 1.553650 -0.331400
v 0.721435 1.442427 -0.490814
v 0.774614 1.311042 -0.521076
v 0.514203 1.716249 0.431561
v 0.609499 1.712410 0.303639
v 0.696870 1.680262 0.139635
v 0.761100 1.621222 -0.034442
v 0.796159 1.537694 -0.206993
v 0.800709 1.432918 -0.371354
v 0.369307 1.699792 0.562088
v 0.333259 1.802167 0.446146
v 0.397712 1.846478 0.300421
v 0.438690 1.864931 0.136895
v 0.469314 1.855229 -0.054761
v 0.481996 1.812028 -0.244099
v 0.476314 1.736955 -0.423830
v 0.452467 1.633058 -0.586937
v 0.496428 1.770562 -0.332869
v 0.637396 1.574302 -0.453253
v 0.343104 1.731312 0.540606
v 0.608102 1.455196 -0.604580
v 0.454578 1.771888 0.397967
v 0.523819 1.788673 0.258756
v 0.584592 1.779015 0.081906
v 0.624357 1.740262 -0.103620
v 0.303309 1.818482 0.439449
v 0.351118 1.868960 0.293446
v 0.378417 1.894419 0.127500
v 0.396039 1.891052 -0.066159
v 0.398519 1.852829 -0.257073
v 0.385762 1.781216 -0.437906
v 0.358296 1.679087 -0.601576
v 0.395383 1.870172 0.221604
v 0.427054 1.879017 0.036302
v 0.443830 1.854933 -0.155949
v 0.443627 1.797380 -0.342004
v 0.426463 1.708599 -0.514680
v 0.280927 1.784158 0.508028
v 0.393036 1.592124 -0.667211
v 0.353841 1.836607 0.367940
v 0.265953 1.836216 0.432925
v 0.292501 1.891620 0.289833
v 0.302903 1.923689 0.122774
v 0.304025 1.926718 -0.071917
v 0.293542 1.893519 -0.263643
v 0.271855 1.825368 -0.445034
v 0.239837 1.725004 -0.608990
v 0.320479 1.756735 -0.527790
v 0.284976 1.641203 -0.680577
v 0.257968 1.800054 0.498524
v 0.309242 1.857140 0.361996
v 0.334829 1.897619 0.214165
v 0.350644 1.913722 0.026851
v 0.353981 1.895741 -0.167062
v 0.343792 1.842723 -0.354352
v 0.213407 1.854468 0.428982
v 0.207123 1.912816 0.295412
v 0.192206 1.950988 0.130176
v 0.168511 1.960000 -0.062730
v 0.138529 1.931501 -0.253052
v 0.103411 1.866587 -0.433477
v 0.064546 1.767873 -0.596940
v 0.229958 1.934050 -0.165860
v 0.205986 1.885290 -0.353016
v 0.174184 1.801923 -0.526371
v 0.228151 1.819707 0.484650
v 0.135815 1.687276 -0.679131
v 0.247493 1.877492 0.360835
v 0.251155 1.923465 0.214976
v 0.245171 1.946301 0.027873
v 0.122874 1.968374 0.043473
v 0.084125 1.960062 -0.146973
v 0.042663 1.914228 -0.331687
v 0.000092 1.832664 -0.503539
v 0.199849 1.826319 0.486332
v -0.041913 1.718625 -0.655790
v 0.179740 1.890573 0.368586
v 0.193902 1.802820 0.524901
v 0.203564 1.779156 0.551844
v 0.210396 1.762392 0.569591
v 0.229979 1.710215 0.621401
v 0.236550 1.690752 0.638850
v 0.242154 1.672587 0.654704
v 0.141874 1.921185 0.306863
v 0.172617 1.856869 0.440474
v -0.083994 1.785233 -0.569317
v -0.038786 1.883262 -0.407086
v 0.008773 1.946833 -0.229077
v 0.056819 1.973382 -0.042261
v 0.103503 1.961889 0.146181
v 0.156515 1.940911 0.226713
v 0.310014 1.660517 0.635505
v 0.299876 1.682308 0.618324
v 0.286928 1.705795 0.599900
v 0.246522 1.762941 0.553832
v 0.234549 1.777448 0.541466
v 0.219928 1.794903 0.525584
v 0.956801 1.171135 -0.176812
v 0.403520 1.642420 0.604213
v 0.933816 1.043874 -0.322503
v 0.579281 1.611511 0.508510
v 0.697644 1.568274 0.410107
v 0.808668 1.495173 0.276762
v 0.893026 1.401282 0.128775
v 0.246254 1.658352 0.666932
v 0.968107 1.189373 -0.065369
v 0.964095 1.062704 -0.213389
v 0.500320 1.617674 0.566191
v 0.649002 1.574748 0.476176
v 0.762962 1.509548 0.368043
v 0.865590 1.417233 0.231109
v 0.934859 1.309124 0.084764
v 0.222732 1.655792 0.680072
v 0.316096 1.646400 0.646349
v 0.642486 1.670809 -0.284127
v 0.482491 1.680139 -0.504985
v 0.294742 1.774051 0.514025
v 0.450162 1.563106 -0.657325
v 0.378748 1.823885 0.372385
v 0.428487 1.853304 0.227381
v 0.468235 1.858041 0.043482
v 0.491574 1.830688 -0.147693
v 0.214631 1.751692 0.580650
v 0.563881 1.682410 -0.399436
v 0.543534 1.576332 -0.561568
v 0.383808 1.768636 0.462509
v 0.458073 1.809597 0.316576
v 0.508074 1.821954 0.156001
v 0.546021 1.807889 -0.033798
v 0.563801 1.761309 -0.221528
v 0.209719 1.714761 0.625425
v 0.273592 1.727347 0.583082
v 0.111713 1.945257 0.235862
v 0.190552 1.787293 0.546409
v 0.195888 1.768237 0.568291
v 0.199965 1.753028 0.585075
v 0.213461 1.698550 0.641063
v 0.217343 1.681067 0.657355
v 0.220497 1.666267 0.670651
v 0.147818 1.893110 0.375998
v -0.128365 1.726555 -0.637718
v 0.178698 1.823046 0.498482
v -0.084536 1.840436 -0.485857
v -0.036567 1.921536 -0.315163
v 0.013661 1.966616 -0.132326
v 0.064208 1.973914 0.055592
v 0.086570 1.962653 0.149619
v 0.036630 1.974458 -0.038006
v -0.013965 1.948181 -0.224149
v -0.063270 1.884832 -0.401657
v -0.109352 1.786968 -0.563578
v 0.162375 1.856218 0.443533
v 0.128271 1.921655 0.309492
v 0.184041 1.800511 0.530141
v 0.191160 1.775976 0.559241
v 0.195759 1.759075 0.578148
v 0.206366 1.717804 0.621994
v 0.213008 1.689026 0.649751
v 0.216549 1.672736 0.664645
v 0.219256 1.659975 0.676063
v 0.208987 1.706724 0.632916
v 0.976144 1.109986 -0.126350
v 0.409230 1.630153 0.613118
v 0.953579 0.981322 -0.270876
v 0.586742 1.590694 0.525311
v 0.707803 1.537769 0.435131
v 0.822024 1.454001 0.310641
v 0.909103 1.351032 0.170190
v 0.248492 1.649995 0.674122
v 0.961139 1.234863 0.022625
v 0.220924 1.652101 0.683102
v 0.538843 1.745029 -0.321868
v 0.527217 1.653156 -0.493331
v 0.326223 1.749137 0.528945
v 0.495764 1.535595 -0.645442
v 0.416082 1.801648 0.381927
v 0.467556 1.829756 0.237541
v 0.509939 1.833081 0.054165
v 0.532445 1.806392 -0.137374
v 0.225730 1.722130 0.610384
v 0.198584 1.748354 0.589798
v 0.532664 1.703464 -0.409918
v 0.511102 1.598331 -0.572357
v 0.373413 1.775979 0.457783
v 0.442368 1.819842 0.310847
v 0.487698 1.835369 0.148836
v 0.520957 1.824574 -0.042442
v 0.535038 1.780593 -0.231299
v 0.208199 1.719724 0.619305
v 0.269216 1.732754 0.577843
v -0.260745 0.883684 0.939897
v -0.505366 0.149045 -0.053230
v 0.452552 1.559056 -0.654308
v 0.716672 0.687854 0.594832
v -0.456828 1.852306 0.108207
v -0.716573 1.451004 -0.481011
v -0.716671 1.293462 -0.594833
v -0.414799 0.384502 -0.637830
v 0.205468 1.717763 0.618815
v 0.224235 1.721993 0.606361
v 0.494135 1.726707 -0.419958
v 0.471034 1.622504 -0.582798
v 0.341628 1.796376 0.448113
v 0.408667 1.839792 0.302416
v 0.451863 1.856970 0.139515
v 0.484410 1.846328 -0.051695
v 0.498528 1.802423 -0.240632
v 0.201332 1.746582 0.590905
v 0.250595 1.756943 0.557905
v -0.096185 1.564169 0.790814
v -0.266138 1.507689 0.806100
v -0.415001 1.426807 0.789435
v -0.569990 1.319123 0.742157
v -0.703129 1.198936 0.666254
v -0.809303 1.070867 0.564643
v -0.884392 0.939957 0.441359
v -0.782283 1.192701 0.572586
v -0.070381 1.521493 0.822588
v -0.226389 1.441539 0.855170
v -0.363659 1.340743 0.853385
v -0.507285 1.213540 0.820693
v -0.631496 1.078018 0.756251
v -0.731521 0.939385 0.662533
v -0.803475 0.803090 0.543274
v -0.469747 1.327645 0.805446
v -0.609974 1.204288 0.750368
v -0.726840 1.072968 0.666241
v -0.815845 0.938762 0.556332
v 0.011950 1.571060 0.785093
v -0.873529 0.806949 0.424996
v -0.175696 1.510499 0.822737
v -0.316857 1.435372 0.829612
v -0.034147 1.478433 0.851510
v -0.167545 1.375764 0.898295
v -0.286786 1.255543 0.909056
v -0.412450 1.108975 0.888873
v -0.522452 0.958232 0.834236
v -0.613022 0.809338 0.747167
v -0.680241 0.667845 0.631289
v -0.774557 0.670455 0.521273
v -0.134568 1.453490 0.863024
v -0.261336 1.358804 0.883620
v -0.399763 1.231129 0.873524
v -0.527681 1.090798 0.830419
v -0.635401 0.946864 0.755190
v -0.718774 0.804891 0.650759
v 0.032505 1.539370 0.808121
v 0.058660 1.406026 0.890327
v -0.031989 1.279709 0.946721
v -0.113888 1.133156 0.970704
v -0.202770 0.960486 0.963697
v -0.283956 0.789240 0.919431
v -0.354391 0.626033 0.839596
v -0.411273 0.477214 0.727413
v -0.335670 0.713996 0.881066
v -0.555461 0.663506 0.732658
v 0.058638 1.507630 0.829364
v -0.608044 0.526300 0.604777
v -0.074943 1.397849 0.896615
v -0.175656 1.282541 0.928503
v -0.287484 1.132377 0.931253
v -0.390937 0.971758 0.899597
v 0.088458 1.389232 0.896503
v 0.014605 1.257227 0.953696
v -0.053614 1.103668 0.980099
v -0.129494 0.924662 0.975095
v -0.200478 0.748440 0.932406
v -0.263838 0.581772 0.853673
v -0.317101 0.431185 0.742052
v -0.047221 1.201042 0.965655
v -0.129946 1.032374 0.976857
v -0.210410 0.857087 0.951926
v -0.282869 0.687179 0.890201
v -0.344528 0.529210 0.794086
v 0.120116 1.452596 0.859558
v -0.392979 0.389373 0.667407
v 0.025747 1.332981 0.926480
v 0.125449 1.370357 0.901784
v 0.073222 1.234566 0.957309
v 0.021899 1.074398 0.984825
v -0.037481 0.888997 0.980853
v -0.095501 0.707749 0.938976
v -0.149931 0.537620 0.860801
v -0.198642 0.385268 0.749465
v -0.238544 0.481074 0.807195
v -0.284918 0.340294 0.680774
v 0.142575 1.435134 0.867357
v 0.070293 1.312283 0.932244
v 0.013333 1.173595 0.973094
v -0.053536 0.997670 0.986308
v -0.120562 0.816278 0.963040
v -0.183034 0.641835 0.902550
v 0.177206 1.349633 0.903034
v 0.158600 1.213370 0.951730
v 0.132596 1.047099 0.977423
v 0.098033 0.855716 0.971666
v 0.059512 0.669768 0.928385
v 0.018512 0.496401 0.849244
v -0.023351 0.342399 0.737416
v 0.003461 0.777970 0.961837
v -0.045227 0.599269 0.901213
v -0.092249 0.435886 0.805777
v 0.171001 1.411126 0.876485
v -0.135757 0.294220 0.679327
v 0.131863 1.291373 0.932798
v 0.097008 1.147750 0.972283
v 0.051937 0.965091 0.985286
v 0.174234 0.943017 0.969686
v 0.149295 0.751958 0.942950
v 0.118095 0.570330 0.879885
v 0.081843 0.405145 0.782944
v 0.199136 1.403992 0.874235
v 0.041971 0.262871 0.655987
v 0.199583 1.278188 0.924933
v 0.209775 1.441918 0.851518
v 0.202567 1.473199 0.832947
v 0.197058 1.494135 0.819710
v 0.180415 1.555530 0.777922
v 0.174293 1.576468 0.761999
v 0.168933 1.595442 0.746971
v 0.223889 1.205022 0.940247
v 0.218568 1.348863 0.893334
v 0.125224 0.325083 0.709742
v 0.160745 0.479768 0.822803
v 0.189304 0.654474 0.904363
v 0.209763 0.842367 0.951155
v 0.221338 1.036225 0.961381
v 0.191647 1.130304 0.960545
v 0.097872 1.597660 0.755418
v 0.107965 1.575726 0.772444
v 0.120713 1.551610 0.790183
v 0.159459 1.489270 0.830592
v 0.170654 1.472327 0.840304
v 0.184013 1.450924 0.851886
v -0.874865 1.066674 0.456217
v -0.001863 1.596257 0.765468
v -0.933758 0.937623 0.322700
v -0.199681 1.558118 0.785955
v -0.349482 1.502941 0.777151
v -0.511561 1.416219 0.736397
v -0.659606 1.310738 0.667202
v 0.164942 1.610035 0.735113
v -0.846080 1.173615 0.481106
v -0.922792 1.047568 0.353834
v -0.108402 1.590219 0.769928
v -0.283226 1.551439 0.770949
v -0.438090 1.488540 0.739535
v -0.598962 1.398482 0.677802
v -0.736723 1.292144 0.590541
v 0.189772 1.616275 0.725943
v 0.091764 1.611471 0.744219
v -0.481728 0.813750 0.832324
v -0.400555 0.557670 0.784390
v 0.106536 1.463436 0.854359
v -0.450104 0.418390 0.657522
v 0.000861 1.345770 0.922108
v -0.080325 1.217911 0.959878
v -0.171127 1.053350 0.969677
v -0.258154 0.881331 0.943670
v 0.193574 1.507229 0.811206
v -0.441958 0.680578 0.815203
v -0.502339 0.533940 0.702044
v 0.008235 1.439943 0.874385
v -0.092350 1.316589 0.930566
v -0.183272 1.176133 0.951598
v -0.279477 1.007826 0.942734
v -0.365761 0.839959 0.896860
v 0.201552 1.552808 0.776451
v 0.133761 1.529160 0.806022
v 0.236606 1.126055 0.951261
v 0.215207 1.463021 0.836673
v 0.211687 1.487656 0.820996
v 0.208811 1.506890 0.808280
v 0.198344 1.570900 0.762613
v 0.194845 1.589850 0.747604
v 0.191872 1.605314 0.734911
v 0.231787 1.276049 0.917821
v 0.128563 0.255119 0.637710
v 0.221381 1.409832 0.865197
v 0.166612 0.397547 0.765061
v 0.197468 0.563186 0.863167
v 0.219905 0.745551 0.928126
v 0.233051 0.937602 0.957409
v -0.893781 1.127821 0.405631
v -0.007307 1.607945 0.755806
v -0.953086 1.000172 0.270948
v -0.206933 1.578835 0.768969
v -0.359397 1.533448 0.752053
v -0.524609 1.457392 0.702427
v -0.675321 1.360987 0.625682
v 0.162823 1.618563 0.728062
v -0.799979 1.249694 0.525455
v -0.857591 1.221629 0.440094
v -0.934482 1.096378 0.312349
v -0.117447 1.626909 0.737601
v -0.292286 1.590692 0.736642
v -0.447910 1.530423 0.703141
v -0.609520 1.442965 0.639385
v -0.747852 1.338698 0.550565
v 0.182505 1.651188 0.695160
v 0.083440 1.646596 0.713168
v -0.378084 0.739529 0.870065
v -0.445282 0.584652 0.772736
v 0.075444 1.489569 0.840768
v -0.495706 0.445901 0.645639
v -0.036450 1.368080 0.912645
v -0.119394 1.241458 0.949718
v -0.212831 1.078310 0.958994
v -0.299025 0.905628 0.933352
v 0.184264 1.542340 0.787580
v -0.410835 0.659230 0.825364
v -0.469939 0.511842 0.712725
v 0.018316 1.431616 0.878039
v -0.076928 1.305459 0.935331
v -0.163147 1.161933 0.957907
v -0.254619 0.990496 0.950675
v -0.337151 0.820197 0.906110
v 0.202460 1.545926 0.780488
v 0.137664 1.522270 0.809645
v -0.213833 0.494032 -0.817079
v -0.161326 0.229856 -0.593877
v -0.256820 1.236074 -0.915211
v -0.663287 0.929151 -0.723055
v 0.246029 1.505056 0.795235
v 0.245707 1.512029 0.790209
v -0.107929 0.038997 -0.236130
v -0.014643 1.637160 0.726727
v -0.213156 1.608257 0.739868
v -0.372306 0.635986 0.835403
v -0.429871 0.487669 0.723165
v 0.050019 1.410965 0.887433
v -0.043227 1.285510 0.943762
v -0.127311 1.140331 0.967228
v -0.218072 0.968742 0.959928
v -0.300641 0.798367 0.915443
v 0.207541 1.513660 0.802777
v 0.155314 1.495041 0.826271
v -0.115774 1.660935 0.707728
v -0.293741 1.644046 0.689020
v -0.450901 1.604145 0.637167
v -0.614021 1.536631 0.555398
v -0.753549 1.448005 0.452395
v -0.864124 1.341676 0.332117
v -0.941456 1.221849 0.199317
v -0.812163 1.340305 0.445849
v -0.107087 1.702817 0.666898
v -0.280478 1.708733 0.625748
v -0.434022 1.688326 0.554939
v -0.593599 1.639919 0.454591
v -0.730343 1.566306 0.336990
v -0.839000 1.470318 0.206657
v -0.915355 1.355762 0.068731
v -0.528831 1.619510 0.554841
v -0.679913 1.549778 0.453719
v -0.804845 1.458305 0.335379
v -0.898818 1.348636 0.204401
v -0.009935 1.679171 0.692265
v -0.958179 1.225108 0.065951
v -0.210081 1.680354 0.676894
v -0.363184 1.664222 0.633113
v -0.087982 1.744367 0.623171
v -0.247753 1.771981 0.558090
v -0.390974 1.770217 0.467140
v -0.540271 1.740394 0.346717
v -0.668843 1.681385 0.213314
v -0.772118 1.595248 0.072358
v -0.845800 1.485686 -0.070935
v -0.913667 1.357641 -0.068768
v -0.191703 1.735734 0.620681
v -0.338214 1.738569 0.557541
v -0.497356 1.713226 0.459581
v -0.642902 1.659976 0.341705
v -0.763721 1.580750 0.210916
v -0.855160 1.478623 0.072271
v -0.002045 1.710042 0.661577
v -0.023526 1.812015 0.541733
v -0.149781 1.861590 0.447100
v -0.265962 1.884381 0.325678
v -0.388691 1.878911 0.175107
v -0.496470 1.839036 0.018043
v -0.585211 1.766256 -0.139436
v -0.651424 1.663527 -0.291193
v -0.555432 1.799595 -0.051064
v -0.747576 1.612530 -0.082204
v 0.011504 1.740465 0.629445
v -0.803975 1.494172 -0.226269
v -0.154063 1.788688 0.561028
v -0.282621 1.810932 0.474809
v -0.424022 1.806854 0.352125
v -0.553088 1.772761 0.211830
v -0.000133 1.826858 0.520744
v -0.111817 1.881738 0.417471
v -0.217017 1.910854 0.287023
v -0.329177 1.911070 0.128134
v -0.428667 1.875660 -0.035462
v -0.511662 1.805987 -0.197477
v -0.574934 1.704846 -0.351554
v -0.185924 1.886217 0.377342
v -0.305429 1.899235 0.232542
v -0.417220 1.878700 0.074736
v -0.512957 1.823783 -0.085725
v -0.588951 1.736626 -0.242640
v 0.051716 1.790484 0.569436
v -0.642242 1.620699 -0.389849
v -0.078621 1.848544 0.483801
v 0.029823 1.842734 0.496186
v -0.061768 1.901399 0.384745
v -0.152572 1.936261 0.244801
v -0.250651 1.942028 0.076686
v -0.339077 1.910981 -0.094158
v -0.414451 1.844311 -0.261166
v -0.473839 1.744703 -0.417789
v -0.501374 1.779420 -0.307607
v -0.552949 1.664331 -0.456088
v 0.067640 1.805307 0.549514
v -0.041967 1.866834 0.456089
v -0.135864 1.910611 0.340268
v -0.242290 1.930088 0.185704
v -0.342976 1.914979 0.019660
v -0.430462 1.864094 -0.146922
v 0.074232 1.858309 0.466268
v 0.015940 1.918093 0.346632
v -0.051746 1.957722 0.195533
v -0.127164 1.968161 0.016485
v -0.197786 1.940784 -0.162950
v -0.260896 1.876642 -0.335876
v -0.314032 1.778323 -0.495515
v -0.233157 1.946833 -0.041786
v -0.308437 1.899489 -0.215197
v -0.371833 1.816994 -0.380088
v 0.087504 1.823589 0.522331
v -0.420870 1.702642 -0.529989
v 0.011896 1.883995 0.423954
v -0.061772 1.932102 0.298812
v -0.148896 1.957178 0.133448
v -0.034211 1.972710 0.085558
v -0.096275 1.965041 -0.098642
v -0.155061 1.919686 -0.278715
v -0.208300 1.838416 -0.447708
v 0.113158 1.828712 0.509557
v -0.253908 1.724477 -0.598994
v 0.075030 1.893463 0.396639
v 0.136383 1.804465 0.540223
v 0.140260 1.780989 0.568668
v 0.142359 1.764341 0.587703
v 0.148631 1.712539 0.643109
v 0.150672 1.693157 0.661807
v 0.152816 1.675058 0.678611
v 0.078564 1.922911 0.323845
v 0.115409 1.858456 0.455781
v -0.170837 1.787585 -0.546009
v -0.123837 1.885566 -0.384260
v -0.072762 1.949044 -0.207196
v -0.019613 1.975457 -0.021752
v 0.033566 1.963791 0.164944
v 0.026828 1.944490 0.261458
v 0.083884 1.666759 0.696088
v 0.085190 1.688234 0.675840
v 0.088391 1.711275 0.653090
v 0.103258 1.766895 0.592214
v 0.108181 1.780936 0.575322
v 0.113787 1.797832 0.554020
v -0.906423 1.222563 0.322365
v -0.013538 1.653932 0.715947
v -0.965882 1.096309 0.186446
v -0.214927 1.633433 0.721287
v -0.368666 1.597706 0.695783
v -0.535052 1.532262 0.636759
v -0.686763 1.444887 0.552017
v 0.154650 1.660877 0.691459
v -0.859587 1.239821 0.424289
v -0.936585 1.115166 0.295823
v -0.117513 1.634727 0.731715
v -0.293263 1.600757 0.728619
v -0.449185 1.543005 0.692790
v -0.611093 1.457993 0.626728
v -0.749668 1.355620 0.536067
v 0.181550 1.656906 0.691069
v 0.083317 1.652826 0.708713
v -0.662518 1.706830 0.065497
v -0.634021 1.710957 -0.205860
v 0.042246 1.781020 0.581672
v -0.688195 1.594527 -0.352347
v -0.098593 1.837061 0.500270
v -0.212532 1.870997 0.399117
v -0.338532 1.880310 0.259623
v -0.455629 1.856833 0.106073
v 0.143680 1.753702 0.599576
v -0.651554 1.715958 -0.073808
v -0.720418 1.611220 -0.222943
v -0.060788 1.780907 0.581621
v -0.195806 1.827646 0.491757
v -0.318627 1.844772 0.377483
v -0.446986 1.835298 0.232239
v -0.558545 1.792288 0.079160
v 0.168461 1.716270 0.636097
v 0.092631 1.732342 0.631564
v 0.070562 1.946291 0.246980
v 0.149272 1.788734 0.557004
v 0.154587 1.769721 0.578805
v 0.158709 1.754388 0.595770
v 0.172225 1.699920 0.651832
v 0.176137 1.682265 0.668253
v 0.179303 1.667402 0.681600
v 0.106653 1.894193 0.387063
v -0.169500 1.727509 -0.626530
v 0.137475 1.824320 0.509305
v -0.125672 1.841394 -0.474673
v -0.077705 1.922504 -0.303987
v -0.027480 1.967601 -0.121166
v 0.023062 1.974921 0.066733
v -0.901087 1.161801 0.376580
v -0.014658 1.641853 0.726682
v -0.960400 1.034152 0.241899
v -0.214056 1.612798 0.739853
v -0.366519 1.567423 0.722953
v -0.531795 1.491369 0.673344
v -0.682561 1.394965 0.596613
v 0.155879 1.652545 0.698927
v -0.807259 1.283674 0.496397
v -0.587928 1.776130 -0.019994
v -0.668264 1.686154 -0.173049
v 0.021194 1.757557 0.610665
v -0.723109 1.569238 -0.318894
v -0.127255 1.816645 0.527492
v -0.242453 1.849354 0.427760
v -0.370543 1.857384 0.290056
v -0.487068 1.834533 0.135764
v 0.147412 1.724387 0.631268
v -0.628713 1.735520 -0.098773
v -0.696631 1.631667 -0.248793
v -0.053782 1.787771 0.572233
v -0.184560 1.837147 0.478807
v -0.303897 1.857218 0.360913
v -0.428771 1.850789 0.212000
v -0.537561 1.810199 0.056062
v 0.166972 1.721234 0.629963
v 0.094076 1.737589 0.624765
v 0.907250 1.347296 0.171790
v -0.195824 0.230368 -0.583921
v -0.906528 0.634019 -0.172001
v -0.087420 1.838108 -0.483706
v 0.184542 1.649590 0.692892
v 0.956600 0.950118 -0.243117
v 0.166189 0.255947 0.625916
v 0.169383 0.399256 0.761847
v 0.964164 1.202874 0.049469
v -0.599215 1.756886 -0.127038
v -0.665954 1.653887 -0.278187
v -0.030078 1.806636 0.547697
v -0.158602 1.855450 0.454393
v -0.276453 1.877073 0.334638
v -0.400671 1.870758 0.185428
v -0.509529 1.830247 0.029437
v 0.160115 1.747939 0.601617
v 0.101462 1.761059 0.597859
v 0.115774 0.320381 -0.707728
v 0.293741 0.337270 -0.689020
v 0.450901 0.377170 -0.637167
v 0.614021 0.444685 -0.555398
v 0.753549 0.533310 -0.452395
v 0.864124 0.639640 -0.332117
v 0.941495 0.759587 -0.199186
v 0.812163 0.641011 -0.445849
v 0.107087 0.278498 -0.666898
v 0.280478 0.272582 -0.625748
v 0.434022 0.292989 -0.554939
v 0.593599 0.341397 -0.454591
v 0.730343 0.415009 -0.336990
v 0.839000 0.510998 -0.206657
v 0.915393 0.625674 -0.068600
v 0.528831 0.361805 -0.554841
v 0.679913 0.431538 -0.453719
v 0.804845 0.523011 -0.335379
v 0.898827 0.632710 -0.204368
v 0.009935 0.302145 -0.692265
v 0.210081 0.300962 -0.676894
v 0.363184 0.317093 -0.633113
v 0.087982 0.236948 -0.623171
v 0.247753 0.209335 -0.558090
v 0.390974 0.211099 -0.467140
v 0.540271 0.240922 -0.346717
v 0.668843 0.299931 -0.213314
v 0.772118 0.386067 -0.072358
v 0.845838 0.495750 0.071066
v 0.191703 0.245582 -0.620681
v 0.338214 0.242747 -0.557541
v 0.497356 0.268090 -0.459581
v 0.642902 0.321340 -0.341705
v 0.763721 0.400566 -0.210916
v 0.855170 0.502723 -0.072238
v 0.002045 0.271274 -0.661577
v 0.023526 0.169301 -0.541733
v 0.149781 0.119726 -0.447100
v 0.265962 0.096935 -0.325678
v 0.388691 0.102404 -0.175107
v 0.496470 0.142280 -0.018043
v 0.585211 0.215060 0.139436
v 0.651462 0.317909 0.291325
v 0.555432 0.181720 0.051064
v 0.747586 0.368815 0.082237
v -0.011504 0.240851 -0.629445
v 0.154063 0.192628 -0.561028
v 0.282621 0.170383 -0.474809
v 0.424022 0.174461 -0.352125
v 0.553088 0.208554 -0.211830
v 0.000133 0.154458 -0.520744
v 0.111817 0.099578 -0.417471
v 0.217017 0.070461 -0.287023
v 0.329177 0.070246 -0.128134
v 0.428667 0.105655 0.035462
v 0.511662 0.175329 0.197477
v 0.574973 0.276590 0.351686
v 0.185924 0.095099 -0.377342
v 0.305429 0.082080 -0.232542
v 0.417220 0.102616 -0.074736
v 0.512957 0.157532 0.085725
v 0.588960 0.244720 0.242673
v -0.051716 0.190831 -0.569436
v 0.078621 0.132771 -0.483801
v -0.029823 0.138582 -0.496186
v 0.061768 0.079917 -0.384745
v 0.152572 0.045055 -0.244801
v 0.250651 0.039287 -0.076686
v 0.339077 0.070335 0.094158
v 0.414451 0.137004 0.261166
v 0.473877 0.236734 0.417920
v 0.501384 0.201926 0.307639
v -0.067640 0.176009 -0.549514
v 0.041967 0.114482 -0.456089
v 0.135864 0.070705 -0.340268
v 0.242290 0.051228 -0.185704
v 0.342976 0.066337 -0.019660
v 0.430462 0.117221 0.146922
v -0.074232 0.123007 -0.466268
v -0.015940 0.063222 -0.346632
v 0.051746 0.023594 -0.195533
v 0.127164 0.013155 -0.016485
v 0.197786 0.040532 0.162950
v 0.260896 0.104673 0.335876
v 0.314070 0.203113 0.495646
v 0.233157 0.034483 0.041786
v 0.308437 0.081827 0.215197
v 0.371842 0.164352 0.380120
v -0.087504 0.157727 -0.522331
v -0.011896 0.097321 -0.423954
v 0.061772 0.049214 -0.298812
v 0.148896 0.024138 -0.133448
v 0.034211 0.008605 -0.085558
v 0.096275 0.016274 0.098642
v 0.155061 0.061630 0.278715
v 0.208310 0.142930 0.447741
v -0.113158 0.152604 -0.509557
v -0.075030 0.087853 -0.396639
v -0.136360 0.176907 -0.540317
v -0.140247 0.200412 -0.568807
v -0.142342 0.217046 -0.587823
v -0.148606 0.268854 -0.643201
v -0.150639 0.288193 -0.661867
v -0.152779 0.306261 -0.678648
v -0.078515 0.058381 -0.323838
v -0.115369 0.122867 -0.455812
v 0.170929 0.193805 0.546168
v 0.123890 0.095704 0.384286
v 0.072814 0.032231 0.207218
v 0.019665 0.005823 0.021771
v -0.033516 0.017495 -0.164931
v -0.026828 0.036825 -0.261458
v -0.083884 0.314557 -0.696088
v -0.085190 0.293082 -0.675840
v -0.088391 0.270040 -0.653090
v -0.103258 0.214421 -0.592214
v -0.108181 0.200379 -0.575322
v -0.113787 0.183483 -0.554020
v 0.906432 0.758783 -0.322333
v 0.013538 0.327384 -0.715947
v 0.214927 0.347883 -0.721287
v 0.368666 0.383610 -0.695783
v 0.535052 0.449054 -0.636759
v 0.686763 0.536429 -0.552017
v -0.154609 0.320434 -0.691484
v 0.859481 0.741500 -0.424263
v 0.936514 0.866275 -0.295665
v 0.117413 0.346581 -0.731706
v 0.293208 0.380563 -0.728607
v 0.449115 0.438315 -0.692773
v 0.611008 0.523328 -0.626708
v 0.749571 0.625701 -0.536043
v -0.181381 0.324392 -0.691144
v -0.083391 0.328485 -0.708706
v 0.662518 0.274486 -0.065497
v 0.634030 0.270389 0.205892
v -0.042246 0.200295 -0.581672
v 0.098593 0.144255 -0.500270
v 0.212532 0.110319 -0.399117
v 0.338532 0.101006 -0.259623
v 0.455629 0.124483 -0.106073
v -0.143654 0.227665 -0.599665
v 0.651554 0.265358 0.073808
v 0.720456 0.370216 0.223074
v 0.060788 0.200408 -0.581621
v 0.195806 0.153670 -0.491757
v 0.318627 0.136543 -0.377483
v 0.446986 0.146018 -0.232239
v 0.558545 0.189028 -0.079160
v -0.168370 0.265414 -0.636503
v -0.092631 0.248974 -0.631564
v -0.070364 0.034918 -0.246940
v -0.149202 0.192881 -0.557487
v -0.154539 0.211938 -0.579369
v -0.158616 0.227146 -0.596153
v -0.172112 0.281624 -0.652141
v -0.175994 0.299107 -0.668433
v -0.179148 0.313907 -0.681729
v -0.106468 0.087064 -0.387076
v -0.137349 0.157129 -0.509560
v 0.125895 0.139768 0.474812
v 0.077916 0.058638 0.304085
v 0.027688 0.013558 0.121249
v -0.022859 0.006261 -0.066670
v -0.049916 0.017651 -0.159439
v 0.000025 0.005846 0.028185
v 0.050620 0.032123 0.214329
v 0.099925 0.095472 0.391837
v 0.146045 0.193457 0.553888
v -0.125720 0.124086 -0.453353
v -0.091616 0.058649 -0.319313
v -0.147386 0.179793 -0.539961
v -0.154505 0.204328 -0.569061
v -0.159104 0.221229 -0.587968
v -0.169711 0.262500 -0.631814
v -0.176353 0.291278 -0.659571
v -0.179894 0.307568 -0.674465
v -0.182601 0.320329 -0.685883
v -0.172332 0.273580 -0.642736
v 0.900666 0.819566 -0.376441
v 0.014181 0.339413 -0.726648
v 0.213808 0.368522 -0.739811
v 0.366271 0.413909 -0.722896
v 0.531483 0.489965 -0.673269
v 0.682195 0.586370 -0.596524
v -0.155906 0.328786 -0.698923
v 0.806853 0.697663 -0.496298
v -0.184262 0.328241 -0.692900
v 0.851513 0.789715 -0.465877
v 0.928442 0.915086 -0.338001
v 0.111368 0.384435 -0.763384
v 0.286207 0.420651 -0.762425
v 0.441832 0.480921 -0.728924
v 0.603441 0.568379 -0.665168
v 0.741773 0.672646 -0.576348
v -0.188415 0.360126 -0.721017
v -0.089519 0.364748 -0.738951
v 0.587928 0.205185 0.019994
v 0.668273 0.295192 0.173082
v -0.021194 0.223759 -0.610665
v 0.127255 0.164671 -0.527492
v 0.242453 0.131962 -0.427760
v 0.370543 0.123931 -0.290056
v 0.487068 0.146783 -0.135764
v -0.147389 0.257023 -0.631372
v -0.161929 0.231950 -0.599618
v 0.628713 0.245796 0.098773
v 0.696669 0.349770 0.248924
v 0.053782 0.193545 -0.572233
v 0.184560 0.144169 -0.478807
v 0.303897 0.124098 -0.360913
v 0.428772 0.130527 -0.212000
v 0.537561 0.171117 -0.056062
v -0.166882 0.260451 -0.630375
v -0.094075 0.243727 -0.624765
v -0.103628 0.517174 -0.850591
v 0.634910 0.274672 0.202535
v 0.556410 0.186167 0.048330
v 0.483304 0.147789 -0.133211
v 0.440702 1.397377 -0.771152
v 0.373869 1.242845 -0.868166
v -0.174056 1.055226 0.965794
v -0.463304 0.152462 -0.236076
v 0.484709 1.675770 -0.502457
v 0.599215 0.224430 0.127038
v 0.665992 0.327549 0.278318
v 0.030078 0.174680 -0.547698
v 0.158602 0.125866 -0.454393
v 0.276453 0.104243 -0.334638
v 0.400671 0.110558 -0.185428
v 0.509529 0.151069 -0.029437
v -0.160014 0.233594 -0.601974
v -0.101462 0.220257 -0.597859
v 0.096185 0.417147 -0.790814
v 0.266138 0.473626 -0.806100
v 0.415001 0.554508 -0.789435
v 0.569990 0.662193 -0.742157
v 0.703129 0.782379 -0.666254
v 0.809303 0.910449 -0.564643
v 0.884430 1.041479 -0.441228
v 0.782283 0.788615 -0.572586
v 0.070381 0.459822 -0.822588
v 0.226389 0.539777 -0.855170
v 0.363659 0.640572 -0.853385
v 0.507285 0.767776 -0.820693
v 0.631496 0.903298 -0.756251
v 0.731521 1.041931 -0.662533
v 0.803513 1.178347 -0.543142
v 0.469747 0.653671 -0.805446
v 0.609974 0.777028 -0.750368
v 0.726840 0.908347 -0.666241
v 0.815855 1.042584 -0.556299
v -0.011950 0.410256 -0.785093
v 0.175696 0.470817 -0.822737
v 0.316857 0.545943 -0.829612
v 0.034147 0.502882 -0.851510
v 0.167545 0.605552 -0.898295
v 0.286786 0.725773 -0.909056
v 0.412450 0.872340 -0.888873
v 0.522452 1.023084 -0.834236
v 0.613022 1.171978 -0.747167
v 0.680279 1.313591 -0.631158
v 0.134568 0.527826 -0.863024
v 0.261336 0.622512 -0.883620
v 0.399763 0.750187 -0.873524
v 0.527681 0.890518 -0.830419
v 0.635401 1.034451 -0.755190
v 0.718783 1.176455 -0.650726
v -0.032505 0.441945 -0.808121
v -0.058660 0.575289 -0.890327
v 0.031989 0.701607 -0.946721
v 0.113888 0.848160 -0.970704
v 0.202770 1.020830 -0.963697
v 0.283956 1.192076 -0.919431
v 0.354391 1.355283 -0.839596
v 0.411311 1.504222 -0.727282
v 0.335670 1.267319 -0.881066
v 0.555471 1.317840 -0.732626
v -0.058638 0.473686 -0.829364
v 0.074943 0.583467 -0.896615
v 0.175656 0.698775 -0.928503
v 0.287484 0.848939 -0.931253
v 0.390937 1.009557 -0.899597
v -0.088458 0.592084 -0.896503
v -0.014605 0.724089 -0.953696
v 0.053614 0.877648 -0.980099
v 0.129494 1.056653 -0.975095
v 0.200478 1.232876 -0.932406
v 0.263838 1.399544 -0.853673
v 0.317140 1.550251 -0.741921
v 0.047221 0.780273 -0.965655
v 0.129946 0.948942 -0.976857
v 0.210410 1.124229 -0.951926
v 0.282869 1.294137 -0.890201
v 0.344537 1.452136 -0.794053
v -0.120116 0.528720 -0.859558
v -0.025747 0.648335 -0.926480
v -0.125449 0.610959 -0.901785
v -0.073222 0.746750 -0.957309
v -0.021899 0.906918 -0.984825
v 0.037481 1.092319 -0.980853
v 0.095501 1.273567 -0.938976
v 0.149931 1.443696 -0.860801
v 0.198681 1.596168 -0.749334
v 0.238553 1.500272 -0.807162
v -0.142575 0.546181 -0.867357
v -0.070293 0.669033 -0.932244
v -0.013333 0.807721 -0.973094
v 0.053536 0.983646 -0.986308
v 0.120562 1.165037 -0.963040
v 0.183034 1.339481 -0.902550
v -0.177206 0.631683 -0.903034
v -0.158600 0.767945 -0.951730
v -0.132596 0.934217 -0.977423
v -0.098033 1.125600 -0.971666
v -0.059512 1.311548 -0.928385
v -0.018512 1.484915 -0.849244
v 0.023390 1.639037 -0.737284
v -0.003461 1.203346 -0.961837
v 0.045227 1.382047 -0.901213
v 0.092258 1.545460 -0.805744
v -0.171001 0.570190 -0.876485
v -0.131863 0.689942 -0.932798
v -0.097008 0.833566 -0.972283
v -0.051937 1.016225 -0.985286
v -0.174234 1.038299 -0.969686
v -0.149295 1.229358 -0.942950
v -0.118095 1.410985 -0.879885
v -0.081834 1.576201 -0.782911
v -0.199136 0.577324 -0.874235
v -0.199583 0.703128 -0.924933
v -0.209721 0.539305 -0.851484
v -0.202508 0.507976 -0.832891
v -0.197002 0.487060 -0.819666
v -0.180355 0.425693 -0.777868
v -0.174243 0.404792 -0.761983
v -0.168889 0.385846 -0.746982
v -0.223849 0.776315 -0.940278
v -0.218523 0.632432 -0.893341
v -0.125150 1.656397 -0.709661
v -0.160710 1.501590 -0.822853
v -0.189267 1.326880 -0.904409
v -0.209726 1.138983 -0.951197
v -0.221299 0.945118 -0.961418
v -0.191647 0.851012 -0.960545
v -0.097872 0.383656 -0.755418
v -0.107965 0.405590 -0.772444
v -0.120713 0.429705 -0.790183
v -0.159459 0.492045 -0.830592
v -0.170654 0.508989 -0.840304
v -0.184013 0.530391 -0.851886
v 0.874875 0.914672 -0.456184
v 0.001863 0.385059 -0.765468
v 0.199681 0.423198 -0.785955
v 0.349482 0.478375 -0.777151
v 0.511561 0.565097 -0.736397
v 0.659606 0.670578 -0.667202
v -0.164899 0.371266 -0.735130
v 0.846184 0.807701 -0.481136
v 0.922939 0.933868 -0.353734
v 0.108500 0.391109 -0.769942
v 0.283279 0.429877 -0.770965
v 0.438159 0.492776 -0.739556
v 0.599046 0.582834 -0.677826
v 0.736819 0.689171 -0.590569
v -0.189605 0.365000 -0.726025
v -0.091690 0.369854 -0.744230
v 0.481728 1.167566 -0.832324
v 0.400565 1.423676 -0.784357
v -0.106536 0.517879 -0.854359
v -0.000861 0.635546 -0.922108
v 0.080325 0.763405 -0.959878
v 0.171127 0.927965 -0.969677
v 0.258154 1.099984 -0.943670
v -0.193521 0.474001 -0.811177
v 0.441958 1.300737 -0.815203
v 0.502378 1.447496 -0.701913
v -0.008235 0.541373 -0.874385
v 0.092350 0.664726 -0.930566
v 0.183272 0.805183 -0.951598
v 0.279477 0.973490 -0.942734
v 0.365761 1.141356 -0.896860
v -0.201301 0.428091 -0.776183
v -0.133761 0.452155 -0.806022
v -0.236449 0.855359 -0.951397
v -0.214979 0.517808 -0.836479
v -0.211453 0.493084 -0.820770
v -0.208598 0.474050 -0.808153
v -0.198123 0.410115 -0.762468
v -0.194661 0.391317 -0.747608
v -0.191700 0.375913 -0.734969
v -0.231621 0.705303 -0.917916
v -0.221181 0.571249 -0.865137
v -0.166462 1.583974 -0.765229
v -0.197325 1.418294 -0.863360
v -0.219759 1.235912 -0.928304
v -0.232900 1.043838 -0.957567
v -0.237981 0.946668 -0.957124
v -0.229709 1.140703 -0.946239
v -0.211853 1.328707 -0.898960
v -0.185099 1.503455 -0.817103
v -0.150476 1.658231 -0.703814
v -0.228600 0.632298 -0.889720
v -0.237170 0.777668 -0.936686
v -0.219652 0.536778 -0.846480
v -0.215168 0.503995 -0.826366
v -0.212011 0.482581 -0.812374
v -0.204161 0.432676 -0.777933
v -0.198518 0.400770 -0.753584
v -0.195275 0.383549 -0.739705
v -0.192720 0.370315 -0.728803
v -0.202003 0.420150 -0.768586
v 0.894218 0.853523 -0.405722
v 0.007780 0.373441 -0.755856
v 0.207178 0.402496 -0.769028
v 0.359641 0.447871 -0.752128
v 0.524917 0.523925 -0.702518
v 0.675683 0.620328 -0.625788
v -0.162715 0.362742 -0.728120
v 0.800381 0.731620 -0.525572
v -0.191142 0.362155 -0.722075
v 0.378084 1.241786 -0.870065
v 0.445291 1.396693 -0.772703
v -0.075444 0.491747 -0.840768
v 0.036450 0.613236 -0.912645
v 0.119394 0.739858 -0.949718
v 0.212831 0.903006 -0.958994
v 0.299025 1.075688 -0.933352
v -0.184201 0.438869 -0.787511
v -0.209987 0.469351 -0.803458
v 0.410835 1.322086 -0.825364
v 0.469978 1.469594 -0.712593
v -0.018316 0.549700 -0.878039
v 0.076928 0.675856 -0.935331
v 0.163147 0.819383 -0.957907
v 0.254619 0.990820 -0.950675
v 0.337151 1.161119 -0.906110
v -0.202210 0.434967 -0.780219
v -0.137663 0.459046 -0.809645
v 0.498411 1.766034 -0.330927
v 0.689526 0.857455 0.685310
v -0.340140 1.875659 0.261344
v -0.254094 0.364616 -0.698878
v 0.534130 1.744532 -0.321663
v -0.217355 0.518783 -0.832777
v -0.157315 0.214843 -0.577358
v -0.273468 0.856736 -0.938267
v -0.269925 1.044611 -0.944400
v 0.372306 1.345330 -0.835403
v 0.429909 1.493767 -0.723034
v -0.050019 0.570350 -0.887433
v 0.043227 0.695806 -0.943762
v 0.127311 0.840984 -0.967228
v 0.218072 1.012574 -0.959928
v 0.300641 1.182949 -0.915443
v -0.207326 0.467306 -0.802648
v -0.155313 0.486275 -0.826271
v -0.488181 0.337051 -0.545922
v -0.631861 0.362818 -0.441042
v -0.739803 0.410036 -0.318164
v -0.836534 0.484723 -0.166779
v -0.901170 0.578984 -0.009079
v -0.931226 0.689195 0.148876
v -0.925548 0.811121 0.301014
v -0.943041 0.689458 0.024389
v -0.462428 0.294218 -0.514319
v -0.592112 0.296668 -0.391972
v -0.688461 0.323972 -0.254214
v -0.773829 0.379141 -0.088242
v -0.829537 0.458065 0.080918
v -0.853444 0.557713 0.246766
v -0.844631 0.674254 0.402929
v -0.766855 0.397569 -0.207713
v -0.843393 0.473584 -0.045609
v -0.887598 0.569726 0.118044
v -0.897771 0.682299 0.276959
v -0.389873 0.313181 -0.585152
v -0.555328 0.322089 -0.471833
v -0.665019 0.345474 -0.357647
v -0.426200 0.251141 -0.485416
v -0.533268 0.230893 -0.348846
v -0.611588 0.238771 -0.198543
v -0.678994 0.274576 -0.020063
v -0.720492 0.338280 0.158903
v -0.734946 0.427665 0.331400
v -0.721396 0.539009 0.490945
v -0.514203 0.265066 -0.431561
v -0.609499 0.268906 -0.303639
v -0.696871 0.301053 -0.139635
v -0.761100 0.360094 0.034442
v -0.796159 0.443622 0.206993
v -0.800699 0.548428 0.371386
v -0.369307 0.281524 -0.562088
v -0.333259 0.179149 -0.446146
v -0.397712 0.134838 -0.300421
v -0.438690 0.116385 -0.136895
v -0.469314 0.126087 0.054761
v -0.481996 0.169288 0.244099
v -0.476314 0.244360 0.423830
v -0.452429 0.348378 0.587069
v -0.496428 0.210754 0.332869
v -0.637387 0.407043 0.453286
v -0.343104 0.250004 -0.540606
v -0.454578 0.209428 -0.397967
v -0.523819 0.192643 -0.258756
v -0.584592 0.202301 -0.081906
v -0.624357 0.241054 0.103620
v -0.303309 0.162833 -0.439449
v -0.351118 0.112356 -0.293446
v -0.378417 0.086897 -0.127500
v -0.396039 0.090263 0.066159
v -0.398519 0.128487 0.257073
v -0.385762 0.200100 0.437906
v -0.358257 0.302349 0.601708
v -0.395383 0.111144 -0.221604
v -0.427054 0.102298 -0.036302
v -0.443830 0.126382 0.155949
v -0.443627 0.183936 0.342004
v -0.426454 0.272747 0.514713
v -0.280927 0.197158 -0.508028
v -0.353841 0.144708 -0.367940
v -0.265953 0.145099 -0.432925
v -0.292501 0.089695 -0.289833
v -0.302903 0.057627 -0.122774
v -0.304025 0.054597 0.071917
v -0.293542 0.087797 0.263643
v -0.271855 0.155948 0.445034
v -0.239798 0.256432 0.609121
v -0.320470 0.224611 0.527822
v -0.257968 0.181262 -0.498524
v -0.309242 0.124176 -0.361996
v -0.334829 0.083697 -0.214165
v -0.350644 0.067594 -0.026851
v -0.353981 0.085574 0.167062
v -0.343792 0.138592 0.354352
v -0.213407 0.126848 -0.428982
v -0.207123 0.068500 -0.295412
v -0.192206 0.030328 -0.130176
v -0.168511 0.021316 0.062730
v -0.138529 0.049815 0.253052
v -0.103411 0.114729 0.433477
v -0.064507 0.213563 0.597071
v -0.229958 0.047266 0.165860
v -0.205986 0.096026 0.353016
v -0.174174 0.179423 0.526404
v -0.228151 0.161609 -0.484650
v -0.247493 0.103824 -0.360835
v -0.251155 0.057851 -0.214976
v -0.245171 0.035015 -0.027873
v -0.122874 0.012941 -0.043473
v -0.084125 0.021254 0.146973
v -0.042663 0.067088 0.331687
v -0.000083 0.148682 0.503571
v -0.199849 0.154997 -0.486332
v -0.179740 0.090743 -0.368586
v -0.193837 0.178436 -0.524830
v -0.203488 0.202071 -0.551729
v -0.210325 0.218851 -0.569495
v -0.229915 0.271020 -0.621333
v -0.236494 0.290527 -0.638814
v -0.242103 0.308722 -0.654690
v -0.141834 0.060151 -0.306894
v -0.172568 0.124438 -0.440468
v 0.084068 0.196247 0.569397
v 0.038822 0.098096 0.407036
v -0.008737 0.034522 0.229030
v -0.056781 0.007968 0.042219
v -0.103465 0.019454 -0.146218
v -0.156515 0.040405 -0.226713
v -0.310014 0.320799 -0.635505
v -0.299876 0.299007 -0.618324
v -0.286928 0.275520 -0.599900
v -0.246522 0.218375 -0.553832
v -0.234549 0.203867 -0.541466
v -0.219928 0.186413 -0.525584
v -0.956791 0.810211 0.176845
v -0.403520 0.338896 -0.604213
v -0.579281 0.369805 -0.508510
v -0.697644 0.413042 -0.410107
v -0.808668 0.486143 -0.276762
v -0.893026 0.580034 -0.128775
v -0.246206 0.322966 -0.666930
v -0.968003 0.791942 0.065339
v -0.963948 0.918732 0.213489
v -0.500230 0.363629 -0.566233
v -0.648949 0.406568 -0.476193
v -0.762893 0.471769 -0.368064
v -0.865506 0.564082 -0.231134
v -0.934763 0.672192 -0.084792
v -0.222543 0.325550 -0.680081
v -0.316028 0.334907 -0.646381
v -0.642486 0.310507 0.284127
v -0.482481 0.301207 0.505018
v -0.294742 0.207265 -0.514025
v -0.378748 0.157430 -0.372385
v -0.428487 0.128012 -0.227381
v -0.468235 0.123275 -0.043482
v -0.491574 0.150627 0.147693
v -0.214567 0.229570 -0.580585
v -0.563881 0.298906 0.399436
v -0.543495 0.405104 0.561700
v -0.383808 0.212680 -0.462509
v -0.458073 0.171719 -0.316576
v -0.508074 0.159362 -0.156001
v -0.546021 0.173427 0.033798
v -0.563801 0.220007 0.221528
v -0.209456 0.266177 -0.625114
v -0.273592 0.253969 -0.583082
v -0.111557 0.036156 -0.235997
v -0.190266 0.193713 -0.546021
v -0.195582 0.212727 -0.567822
v -0.199704 0.228059 -0.584787
v -0.213220 0.282527 -0.640849
v -0.217132 0.300182 -0.657270
v -0.220298 0.315045 -0.670617
v -0.147648 0.088254 -0.376080
v -0.178469 0.158127 -0.498322
v 0.084687 0.141084 0.485688
v 0.036710 0.059943 0.314970
v -0.013515 0.014846 0.132148
v -0.064057 0.007526 -0.055750
v -0.975707 0.871358 0.126259
v -0.408803 0.351088 -0.613326
v -0.586505 0.390612 -0.525398
v -0.707559 0.443549 -0.435205
v -0.821717 0.527316 -0.310732
v -0.908741 0.630283 -0.170296
v -0.248373 0.331345 -0.674143
v -0.960737 0.746452 -0.022742
v -0.979420 0.840252 0.024649
v -0.975606 0.967642 0.172113
v -0.508880 0.401555 -0.597213
v -0.657726 0.446706 -0.509536
v -0.772462 0.514438 -0.403602
v -0.875858 0.609210 -0.268848
v -0.945740 0.719224 -0.124246
v -0.229547 0.361286 -0.709968
v -0.323972 0.371219 -0.676138
v -0.538843 0.236287 0.321868
v -0.527207 0.328189 0.493363
v -0.326223 0.232178 -0.528945
v -0.416082 0.179668 -0.381927
v -0.467556 0.151560 -0.237541
v -0.509939 0.148234 -0.054165
v -0.532445 0.174923 0.137374
v -0.225664 0.259088 -0.610304
v -0.532664 0.277852 0.409918
v -0.511064 0.383105 0.572488
v -0.373413 0.205337 -0.457783
v -0.442368 0.161473 -0.310847
v -0.487698 0.145947 -0.148836
v -0.520957 0.156742 0.042442
v -0.535038 0.200723 0.231299
v -0.207935 0.261213 -0.618989
v -0.269216 0.248561 -0.577843
v -0.586640 0.761725 -0.759209
v -0.143911 0.090943 -0.375789
v -0.957419 1.031421 0.243531
v 0.820377 1.449948 0.311824
v -0.191723 0.215106 -0.567043
v -0.819764 0.531370 -0.312007
v -0.039596 1.918945 -0.313529
v 0.184270 1.654760 0.688061
v -0.494135 0.254608 0.419958
v -0.470995 0.358932 0.582929
v -0.341628 0.184939 -0.448113
v -0.408667 0.141523 -0.302416
v -0.451862 0.124346 -0.139515
v -0.484410 0.134988 0.051695
v -0.498528 0.178893 0.240632
v -0.201078 0.234507 -0.590642
v -0.250595 0.224373 -0.557905
v -0.507770 0.433817 -0.629008
v -0.659464 0.499175 -0.558122
v -0.775703 0.587374 -0.470432
v -0.880565 0.702231 -0.353538
v -0.951590 0.828053 -0.222937
v -0.986047 0.960004 -0.083650
v -0.982612 1.093013 0.058973
v -0.972921 0.837062 -0.102349
v -0.499134 0.475542 -0.670009
v -0.646201 0.563862 -0.621394
v -0.758824 0.671555 -0.552660
v -0.860143 0.805520 -0.454345
v -0.928384 0.946354 -0.338342
v -0.960923 1.088646 -0.209110
v -0.956511 1.226927 -0.071614
v -0.825939 0.689435 -0.458318
v -0.913332 0.819074 -0.342258
v -0.965604 0.955062 -0.212818
v -0.980743 1.092174 -0.074972
v -0.411758 0.421291 -0.677980
v -0.589712 0.491943 -0.617676
v -0.711346 0.574324 -0.554145
v -0.480034 0.517075 -0.713755
v -0.613477 0.627110 -0.689051
v -0.715776 0.753446 -0.640459
v -0.806815 0.905994 -0.562219
v -0.866883 1.061432 -0.462019
v -0.894041 1.213576 -0.343409
v -0.886956 1.356850 -0.211280
v -0.571339 0.547310 -0.673904
v -0.686376 0.648670 -0.629717
v -0.794463 0.783150 -0.553578
v -0.876321 0.929271 -0.454273
v -0.924479 1.077507 -0.337282
v -0.937086 1.222160 -0.207101
v -0.403857 0.452195 -0.708632
v -0.415445 0.585137 -0.794741
v -0.515504 0.716719 -0.800042
v -0.590764 0.867610 -0.781921
v -0.655235 1.044512 -0.733828
v -0.694511 1.219083 -0.657290
v -0.707135 1.384583 -0.555203
v -0.692580 1.534692 -0.431538
v -0.716190 1.296353 -0.599261
v -0.829502 1.356068 -0.361577
v -0.390238 0.482838 -0.740525
v -0.533697 0.600267 -0.733554
v -0.630783 0.721034 -0.712449
v -0.721130 0.876779 -0.661034
v -0.786508 1.042057 -0.584147
v -0.391899 0.600459 -0.815208
v -0.477540 0.736867 -0.829671
v -0.541819 0.894083 -0.820576
v -0.595722 1.076671 -0.780802
v -0.626707 1.255708 -0.710794
v -0.633585 1.424314 -0.613244
v -0.616090 1.576010 -0.491899
v -0.534086 0.796319 -0.809916
v -0.602537 0.969160 -0.780617
v -0.650640 1.147996 -0.721242
v -0.673715 1.320541 -0.633922
v -0.670876 1.480163 -0.522013
v -0.349328 0.535047 -0.798150
v -0.458209 0.660272 -0.810619
v -0.361579 0.617476 -0.838523
v -0.427491 0.756528 -0.862397
v -0.477374 0.919490 -0.862798
v -0.517195 1.107629 -0.832249
v -0.537117 1.291028 -0.769490
v -0.536374 1.462639 -0.676933
v -0.514995 1.615867 -0.558133
v -0.583300 1.522957 -0.586979
v -0.332903 0.551435 -0.816366
v -0.421502 0.678727 -0.838151
v -0.484026 0.820713 -0.846990
v -0.539398 1.000012 -0.827455
v -0.576396 1.184275 -0.776317
v -0.591220 1.360852 -0.695119
v -0.316380 0.635524 -0.865748
v -0.349783 0.773222 -0.900510
v -0.376548 0.940951 -0.912066
v -0.393709 1.133761 -0.892451
v -0.395826 1.320831 -0.838283
v -0.382819 1.494970 -0.751642
v -0.355188 1.649487 -0.635859
v -0.466576 1.216129 -0.837764
v -0.469195 1.396246 -0.763394
v -0.453759 1.560531 -0.659460
v -0.311648 0.574072 -0.838804
v -0.367460 0.696445 -0.869679
v -0.409935 0.842204 -0.888446
v -0.446004 1.027102 -0.879711
v -0.331319 1.042635 -0.927601
v -0.329695 1.234337 -0.894620
v -0.315819 1.416443 -0.826912
v -0.290226 1.581953 -0.727081
v -0.285827 0.579717 -0.851010
v -0.304293 0.706018 -0.896880
v -0.267229 0.540984 -0.836125
v -0.265795 0.509862 -0.816008
v -0.265024 0.489056 -0.801502
v -0.261699 0.428029 -0.756146
v -0.260116 0.407216 -0.739007
v -0.258220 0.388338 -0.723051
v -0.287159 0.778040 -0.923296
v -0.275727 0.634031 -0.878021
v -0.211993 1.658749 -0.686354
v -0.245760 1.503894 -0.800027
v -0.270803 1.329091 -0.882528
v -0.286158 1.141057 -0.930688
v -0.291236 0.947020 -0.942655
v -0.321335 0.854592 -0.925800
v -0.324002 0.389897 -0.694835
v -0.322651 0.411516 -0.714927
v -0.319250 0.435185 -0.736993
v -0.302723 0.496000 -0.792210
v -0.297022 0.512477 -0.806449
v -0.290155 0.533321 -0.823450
v -0.988348 0.966101 0.042993
v -0.415195 0.396570 -0.653734
v -0.594528 0.445119 -0.573178
v -0.716828 0.507807 -0.491476
v -0.832160 0.602186 -0.376400
v -0.920182 0.714183 -0.243960
v -0.256498 0.373808 -0.710584
v -0.981510 0.858149 0.008522
v -0.977741 0.986331 0.155478
v -0.509333 0.408162 -0.604418
v -0.658986 0.455886 -0.518523
v -0.773987 0.526234 -0.414809
v -0.877637 0.623594 -0.282208
v -0.947709 0.735668 -0.139266
v -0.230769 0.366168 -0.714970
v -0.324469 0.376280 -0.681866
v -0.823276 1.203587 -0.482700
v -0.715946 1.454494 -0.485232
v -0.359031 0.524849 -0.786713
v -0.478202 0.648721 -0.794223
v -0.560695 0.781099 -0.788142
v -0.635640 0.950234 -0.753536
v -0.689049 1.126129 -0.689904
v -0.264462 0.476043 -0.792215
v -0.773478 1.334286 -0.489575
v -0.761574 1.482384 -0.363287
v -0.452831 0.553645 -0.755272
v -0.561529 0.682775 -0.755385
v -0.643430 0.828001 -0.730116
v -0.713530 1.000899 -0.676697
v -0.756585 1.172335 -0.596172
v -0.242547 0.429639 -0.765468
v -0.314723 0.457150 -0.757540
v -0.277601 0.856392 -0.940278
v -0.256202 0.519427 -0.825690
v -0.252682 0.494792 -0.810013
v -0.249806 0.475558 -0.797297
v -0.239338 0.411547 -0.751630
v -0.235840 0.392597 -0.736621
v -0.232867 0.377133 -0.723928
v -0.272782 0.706398 -0.906838
v -0.262376 0.572615 -0.854214
v -0.207598 1.584931 -0.754045
v -0.238463 1.419261 -0.852184
v -0.260900 1.236897 -0.917143
v -0.274046 1.044845 -0.946426
v -0.983013 0.905338 0.097208
v -0.416108 0.385141 -0.642292
v -0.593620 0.424600 -0.554486
v -0.714681 0.477524 -0.464306
v -0.828903 0.561293 -0.339816
v -0.915981 0.664261 -0.199364
v -0.255324 0.365304 -0.703302
v -0.968018 0.780431 -0.051800
v -0.748686 1.272888 -0.568191
v -0.750189 1.429691 -0.452421
v -0.380473 0.500166 -0.759048
v -0.506887 0.628233 -0.767079
v -0.590616 0.759455 -0.759499
v -0.667650 0.927309 -0.723103
v -0.720488 1.103829 -0.660214
v -0.262516 0.441136 -0.766615
v -0.750542 1.354142 -0.514219
v -0.737755 1.502930 -0.389029
v -0.445511 0.561492 -0.763589
v -0.550000 0.693161 -0.767371
v -0.628448 0.841233 -0.745830
v -0.695110 1.017034 -0.696233
v -0.735449 1.190725 -0.618749
v -0.243423 0.436520 -0.769513
v -0.312804 0.463880 -0.762723
v 0.897430 0.822713 -0.377548
v 0.803903 0.701187 -0.497033
v 0.204120 0.397942 0.752867
v 0.200143 0.564385 0.859648
v 0.912321 1.318684 0.196569
v -0.192150 0.472684 -0.806707
v 0.190588 1.619603 0.718548
v 0.367098 0.124963 -0.286973
v -0.721044 1.375509 -0.542483
v -0.707078 1.525151 -0.418423
v -0.421726 0.580610 -0.787849
v -0.524043 0.711464 -0.791785
v -0.601004 0.861087 -0.772105
v -0.667009 1.037004 -0.722805
v -0.707416 1.210774 -0.645374
v -0.248504 0.468786 -0.791802
v -0.304446 0.490391 -0.786317
v -0.211011 0.475293 -0.804617
v -0.209138 0.468278 -0.800006
v -0.083316 1.219161 0.956068
v -0.412113 0.180577 -0.380061
v -0.322953 0.232733 -0.526238
v 0.636330 1.032858 0.748683
v -0.214356 1.866481 0.400258
v 0.077445 1.486149 0.839146
v -0.964974 0.778484 -0.049270
v 0.527863 1.805616 -0.137691
v -0.238845 0.855984 -0.947729
v -0.151971 0.195794 -0.555448
v -0.235312 0.413191 -0.750149
v -0.238504 0.431205 -0.763921
v 0.022641 1.756872 0.606694
v -0.377756 0.503456 -0.758689
v -0.503259 0.630825 -0.766658
v 0.131451 0.257268 0.634890
v -0.804712 1.280171 0.497232
v -0.898279 1.158675 0.377793
v 0.209775 1.696172 0.640223
v 0.206070 1.712166 0.624747
v 0.706433 1.533460 0.435950
v -0.174649 0.160636 -0.497699
v -0.186420 0.196143 -0.545294
v -0.705947 0.447862 -0.436098
v 0.010481 1.963865 -0.131241
v 0.182032 1.665220 0.678630
v -0.007901 1.608646 0.751227
v 0.161777 1.619245 0.723568
v 0.234875 0.563092 0.850650
v 0.222510 0.746189 0.924403
v 0.825556 1.421332 0.336575
v 0.338150 1.264347 -0.877430
v 0.239554 0.133061 -0.424380
v 0.008844 0.372808 -0.751329
v 0.978685 1.141101 -0.024467
v 0.974880 1.013832 -0.171793
v 0.508242 1.579884 0.597472
v 0.657346 1.534637 0.509622
v 0.771973 1.466909 0.403717
v 0.875263 1.372139 0.268992
v 0.945061 1.262127 0.124412
v 0.229713 1.620018 0.709881
v 0.323490 1.610192 0.676327
v -0.850784 1.191598 0.465666
v -0.927645 1.066346 0.337914
v -0.110681 1.596968 0.763288
v -0.285833 1.560671 0.762310
v -0.441350 1.500399 0.728779
v -0.602853 1.412938 0.664995
v -0.741102 1.308668 0.576153
v -0.002236 1.346523 0.918473
v 0.090035 1.616636 0.738872
v 0.856856 0.759724 -0.439913
v 0.933756 0.885096 -0.312029
v 0.116753 0.354354 -0.737534
v 0.291905 0.390651 -0.736556
v 0.447422 0.450923 -0.703026
v 0.608925 0.538384 -0.639241
v 0.747174 0.642654 -0.550399
v -0.182324 0.330163 -0.695196
v -0.083963 0.334686 -0.713119
v -0.972613 0.810221 0.050221
v -0.968769 0.937610 0.197678
v -0.502170 0.371438 -0.571718
v -0.651274 0.416685 -0.483868
v -0.765901 0.484413 -0.377964
v -0.869191 0.579183 -0.243238
v -0.938990 0.689195 -0.098658
v -0.223457 0.331323 -0.684148
v -0.317418 0.341130 -0.650574
v 0.103628 1.464142 0.850591
v -0.490898 0.445609 0.644497
v 0.561443 1.201364 0.783330
v 0.040370 1.776631 0.582278
v -0.100665 1.832752 0.500981
v 0.204439 1.544629 0.777973
v 0.184364 1.538112 0.786843
v -0.913050 0.662672 -0.196392
v 0.505367 1.832271 0.053230
v -0.234021 0.706321 -0.914303
v -0.223573 0.572359 -0.861504
v -0.073223 0.037836 -0.245241
v -0.226556 0.362675 -0.708983
v 0.146688 1.724225 0.627040
v -0.718365 1.569267 -0.320311
v 0.087711 0.143586 0.483338
v 0.218953 1.653847 0.678841
v 0.585738 1.586206 0.525836
v 0.408999 1.625466 0.613229
v -0.408148 0.355700 -0.613643
v -0.585266 0.395091 -0.526010
v 0.108241 1.942513 0.235859
v 0.060877 1.971113 0.056120
v 0.238712 1.550922 0.763196
v 0.235579 1.568706 0.749669
v 0.174984 1.697593 0.648988
v 0.178878 1.680025 0.665334
v 0.257235 0.744929 0.915376
v 0.270331 0.936437 0.944526
v 0.239157 1.125527 0.947459
v 0.235614 0.937651 0.953592
v 0.591059 1.557612 0.550578
v 0.711740 1.504841 0.460666
v 0.174057 0.926089 -0.965794
v 0.260746 1.097632 -0.939897
v -0.022641 0.224444 -0.606695
v 0.124803 0.165758 -0.523906
v -0.190311 0.361630 -0.718745
v -0.161603 0.362057 -0.723665
v -0.452494 0.422440 0.654504
v -0.403026 0.561246 0.780999
v -0.522364 0.328299 0.492676
v -0.534130 0.236784 0.321663
v 0.359700 1.457074 0.781987
v 0.479103 1.333237 0.789517
v -0.634900 1.706674 -0.202502
v -0.688963 1.590564 -0.348484
v -0.295165 0.904145 0.931208
v -0.373868 0.738471 0.868166
v -0.826177 0.560020 -0.336426
v -0.712233 0.476508 -0.460551
v 0.412114 1.800738 0.380061
v 0.463305 1.828854 0.236076
v -0.131113 1.724582 -0.635101
v -0.169092 1.582438 -0.762215
v 0.377757 1.477860 0.758689
v 0.261871 1.536076 0.765995
v -0.140088 0.159954 -0.507400
v -0.109232 0.089879 -0.385007
v -0.226779 0.368002 -0.713643
v -0.228869 0.378923 -0.722571
v -0.583776 1.775388 -0.022164
v -0.483303 1.833526 0.133211
v -0.744037 1.273701 -0.568667
v -0.745410 1.430116 -0.453380
v 0.039882 0.062698 0.313145
v -0.010188 0.017744 0.130886
v 0.216740 1.664267 0.669506
v 0.213610 1.678946 0.656312
v 0.951677 0.978727 -0.267936
v 0.974162 1.106992 -0.123853
v 0.169056 1.719418 0.627894
v 0.188565 1.621130 0.720876
v 0.171235 1.713867 0.633320
v 0.220030 1.443885 0.846717
v 0.215579 1.476331 0.826763
v 0.212403 1.497891 0.812684
v 0.210359 1.511362 0.803666
v 0.198870 1.580162 0.753697
v 0.195583 1.597572 0.739632
v 0.193017 1.610896 0.728684
v 0.191428 1.619092 0.721907
v 0.202420 1.560518 0.768969
v 0.238250 1.034842 0.956867
v 0.229969 0.840851 0.945944
v 0.212106 0.652882 0.898635
v 0.185347 0.478158 0.816757
v 0.150760 0.323514 0.703589
v 0.228917 1.348871 0.889677
v 0.237448 1.203796 0.936467
v 0.204603 1.547891 0.778418
v -0.973300 0.874349 0.123640
v 0.147552 1.801918 0.539298
v 0.154594 1.777589 0.568093
v 0.159225 1.760581 0.587130
v 0.162105 1.749726 0.598999
v 0.176580 1.690274 0.659151
v 0.180157 1.673772 0.674204
v 0.182884 1.660953 0.685703
v 0.184566 1.653061 0.692793
v 0.172507 1.708281 0.642095
v 0.050267 1.963454 0.159530
v 0.000335 1.975214 -0.028056
v -0.050253 1.948902 -0.214170
v -0.099553 1.885530 -0.391658
v -0.145632 1.787653 -0.553567
v 0.125998 1.857279 0.453142
v 0.091957 1.922500 0.319365
v 0.169868 1.719478 0.631088
v -0.950750 1.002765 0.267882
v -0.183587 0.180392 -0.529644
v -0.190629 0.204722 -0.558439
v -0.195260 0.221730 -0.577476
v -0.198141 0.232584 -0.589345
v -0.212615 0.292036 -0.649496
v -0.216192 0.308538 -0.664550
v -0.218919 0.321358 -0.676049
v -0.220594 0.329286 -0.683117
v -0.208542 0.274029 -0.632440
v -0.086302 0.018856 -0.149876
v -0.036370 0.007096 0.037711
v 0.014218 0.033408 0.223824
v 0.063518 0.096780 0.401312
v 0.109636 0.194778 0.563353
v -0.162033 0.125032 -0.443488
v -0.127992 0.059810 -0.309711
v -0.205903 0.262832 -0.621434
v 0.229233 1.602549 0.722498
v -0.256065 0.538425 -0.837062
v -0.251614 0.505980 -0.817108
v -0.248438 0.484419 -0.803030
v -0.246394 0.470948 -0.794012
v -0.234905 0.402149 -0.744043
v -0.231618 0.384738 -0.729978
v -0.229052 0.371414 -0.719029
v -0.227474 0.363201 -0.712291
v -0.238455 0.421793 -0.759315
v -0.274285 0.947469 -0.947212
v -0.266004 1.141459 -0.936290
v -0.248141 1.329429 -0.888981
v -0.221382 1.504153 -0.807103
v -0.186756 1.658916 -0.693804
v -0.264952 0.633439 -0.880023
v -0.273483 0.778514 -0.926813
v -0.240638 0.434419 -0.768764
v 0.227145 1.613363 0.713588
v 0.161513 1.751894 0.593114
v 0.162213 1.746083 0.599607
v 0.268269 1.033572 0.944277
v 0.260036 0.840436 0.933444
v 0.242263 0.653303 0.886385
v 0.215633 0.479365 0.804909
v 0.181209 0.325427 0.692276
v 0.258930 1.346493 0.877181
v 0.267462 1.201788 0.923933
v 0.250022 1.441582 0.834133
v 0.245558 1.474222 0.814108
v 0.242416 1.495533 0.800184
v 0.234601 1.545204 0.765898
v 0.228987 1.576952 0.741672
v 0.225760 1.594088 0.727862
v 0.223217 1.607259 0.717012
v 0.232454 1.557669 0.756597
v 0.221636 1.615361 0.710276
v 0.969699 1.166034 -0.046580
v 0.965942 1.039356 -0.193230
v 0.501339 1.602693 0.572394
v 0.649488 1.557755 0.485128
v 0.763694 1.490337 0.379685
v 0.866614 1.396004 0.245556
v 0.936173 1.286500 0.101624
v 0.223471 1.642799 0.684615
v 0.317286 1.632889 0.650955
v 0.240402 1.508696 0.791312
v 0.742955 0.625886 0.515766
v 0.730101 0.477790 0.391445
v 0.440134 1.415172 0.763422
v 0.543836 1.284227 0.767208
v 0.621713 1.136626 0.746026
v 0.687974 0.961625 0.696700
v 0.728136 0.788729 0.619583
v 0.243110 1.538135 0.768702
v 0.310190 1.511302 0.762467
v 0.728091 0.698643 0.579946
v 0.728735 0.542181 0.465780
v 0.367585 1.465989 0.767949
v 0.701540 0.403407 0.333556
v 0.489658 1.340775 0.775675
v 0.572262 1.209796 0.768878
v 0.647794 1.042350 0.733587
v 0.700585 0.867229 0.670722
v 0.261880 1.519723 0.774382
v 0.238071 1.526602 0.777726
v 0.721896 0.610633 0.535944
v 0.708201 0.461927 0.412429
v 0.423154 1.401524 0.780741
v 0.525305 1.271161 0.784637
v 0.602121 1.122452 0.764783
v 0.667914 0.947369 0.715670
v 0.708123 0.774417 0.638590
v 0.246762 1.515048 0.784714
v 0.304223 1.492376 0.779311
v 0.081074 1.958289 0.150285
v 0.031365 1.970040 -0.036470
v -0.018996 1.943886 -0.221751
v -0.068072 1.880832 -0.398436
v -0.113940 1.783422 -0.559605
v 0.156529 1.852341 0.442843
v 0.122581 1.917480 0.309417
v 0.178097 1.796882 0.529061
v 0.185185 1.772456 0.558035
v 0.189762 1.755636 0.576851
v 0.200319 1.714552 0.620490
v 0.206929 1.685919 0.648109
v 0.210452 1.669711 0.662930
v 0.213145 1.657011 0.674293
v 0.202927 1.703527 0.631359
v 0.214806 1.649174 0.681298
v 0.192573 1.744968 0.588440
v 0.524831 1.703391 -0.409414
v 0.503155 1.598875 -0.571154
v 0.367257 1.775174 0.454313
v 0.435626 1.818771 0.308231
v 0.480448 1.834455 0.146848
v 0.513454 1.823732 -0.043533
v 0.527475 1.779965 -0.231524
v 0.206278 1.720079 0.612479
v 0.265376 1.732677 0.572387
v 0.514670 1.752912 -0.325284
v 0.501980 1.662320 -0.496008
v 0.308737 1.756691 0.518343
v 0.470291 1.545745 -0.647291
v 0.395165 1.807561 0.374877
v 0.445468 1.836140 0.231080
v 0.486294 1.840138 0.048581
v 0.509070 1.813288 -0.141595
v 0.218881 1.732134 0.591999
v 0.197082 1.729084 0.603868
v 0.497325 1.719984 -0.416580
v 0.474550 1.616132 -0.578608
v 0.344567 1.789735 0.447410
v 0.411567 1.833013 0.302212
v 0.454866 1.849876 0.140194
v 0.487364 1.839262 -0.050138
v 0.501411 1.795550 -0.238187
v 0.201375 1.739252 0.592205
v 0.252082 1.749945 0.558154
v -0.852777 1.216338 0.441680
v -0.929311 1.091668 0.314528
v -0.116066 1.619735 0.737804
v -0.290085 1.583688 0.736850
v -0.444990 1.523699 0.703505
v -0.605852 1.436647 0.640045
v -0.743545 1.332864 0.551638
v 0.182513 1.643904 0.695558
v 0.083894 1.639331 0.713483
v -0.403566 0.657533 0.822931
v -0.462182 0.510699 0.710870
v 0.022643 1.426696 0.875272
v -0.071880 1.301222 0.932164
v -0.157402 1.158132 0.954759
v -0.248350 0.987469 0.947552
v -0.330505 0.817950 0.903204
v 0.202228 1.538859 0.779968
v 0.139481 1.516014 0.808202
v -0.354905 0.728535 0.870092
v -0.420551 0.573904 0.773685
v 0.090256 1.473644 0.842249
v -0.470233 0.435751 0.647487
v -0.017890 1.354784 0.911653
v -0.099458 1.228337 0.948839
v -0.191022 1.065503 0.958314
v -0.277093 0.894215 0.932652
v 0.187700 1.521676 0.794321
v -0.376061 0.640939 0.830098
v -0.433578 0.493443 0.718324
v 0.045276 1.411954 0.881978
v -0.047821 1.286980 0.938183
v -0.131820 1.142711 0.961413
v -0.222260 0.971939 0.954157
v -0.304441 0.802365 0.909867
v 0.205855 1.515825 0.795880
v 0.152082 1.496575 0.820071
v -0.621690 1.735037 -0.102249
v -0.689129 1.631784 -0.251729
v -0.050234 1.786697 0.566163
v -0.180090 1.835766 0.473188
v -0.298667 1.855960 0.355581
v -0.422871 1.849577 0.207318
v -0.531165 1.809186 0.052096
v 0.165243 1.721560 0.623095
v 0.094667 1.737389 0.618122
v -0.568325 1.782805 -0.035138
v -0.647305 1.694042 -0.188102
v 0.031408 1.764345 0.592643
v -0.701482 1.578088 -0.333361
v -0.112384 1.821571 0.510855
v -0.226251 1.854681 0.411040
v -0.352522 1.863291 0.273308
v -0.468608 1.840274 0.120335
v 0.144667 1.734256 0.611793
v -0.600632 1.750290 -0.122426
v -0.667229 1.647647 -0.272713
v -0.033311 1.800165 0.548647
v -0.161560 1.848833 0.455759
v -0.279075 1.870134 0.336824
v -0.402810 1.863832 0.188349
v -0.511153 1.823498 0.033089
v 0.160348 1.740625 0.602859
v 0.099941 1.754145 0.598914
v -0.054776 0.022301 -0.157330
v -0.005067 0.010550 0.029425
v 0.045294 0.036704 0.214706
v 0.094370 0.099758 0.391391
v 0.140276 0.197288 0.552690
v -0.130231 0.128249 -0.449888
v -0.096283 0.063110 -0.316463
v -0.151799 0.183708 -0.536107
v -0.158887 0.208133 -0.565080
v -0.163464 0.224954 -0.583896
v -0.174022 0.266038 -0.627535
v -0.180631 0.294671 -0.655155
v -0.184154 0.310879 -0.669976
v -0.186848 0.323579 -0.681338
v -0.176629 0.277063 -0.638405
v -0.188501 0.331454 -0.688322
v 0.848436 0.786427 -0.460098
v 0.925008 0.911217 -0.332815
v 0.111724 0.383030 -0.756221
v 0.285743 0.419077 -0.755267
v 0.440649 0.479066 -0.721922
v 0.601511 0.566118 -0.658463
v 0.739204 0.669901 -0.570055
v -0.186686 0.358831 -0.714050
v -0.088235 0.363434 -0.731900
v -0.166275 0.235622 -0.595486
v 0.621691 0.246279 0.102248
v 0.689168 0.349651 0.251860
v 0.050234 0.194618 -0.566163
v 0.180091 0.145550 -0.473188
v 0.298668 0.125355 -0.355581
v 0.422872 0.131739 -0.207319
v 0.531166 0.172130 -0.052097
v -0.165151 0.260102 -0.623497
v -0.094667 0.243927 -0.618122
v 0.568326 0.198511 0.035138
v 0.647316 0.287304 0.188134
v -0.031407 0.216970 -0.592643
v 0.112385 0.159745 -0.510855
v 0.226252 0.126635 -0.411040
v 0.352523 0.118025 -0.273309
v 0.468609 0.141042 -0.120335
v -0.144642 0.247132 -0.611889
v -0.169265 0.251464 -0.611320
v 0.600633 0.231026 0.122426
v 0.667268 0.333788 0.272844
v 0.033312 0.181150 -0.548648
v 0.161561 0.132483 -0.455759
v 0.279076 0.111181 -0.336824
v 0.402811 0.117483 -0.188349
v 0.511154 0.157818 -0.033089
v -0.160249 0.240928 -0.603223
v -0.099940 0.227171 -0.598914
v -0.241971 0.947018 -0.951323
v -0.233738 1.140154 -0.940490
v -0.215965 1.327287 -0.893430
v -0.189336 1.501225 -0.811954
v -0.154873 1.655283 -0.699191
v -0.232633 0.634097 -0.884226
v -0.241164 0.778802 -0.930978
v -0.223724 0.539008 -0.841179
v -0.219260 0.506367 -0.821153
v -0.216118 0.485057 -0.807229
v -0.208304 0.435386 -0.772943
v -0.202689 0.403638 -0.748717
v -0.199463 0.386502 -0.734908
v -0.196919 0.373331 -0.724057
v -0.206156 0.422921 -0.763643
v -0.195349 0.365210 -0.717361
v -0.214105 0.471894 -0.798357
v 0.403567 1.323783 -0.822931
v 0.462221 1.470736 -0.710740
v -0.022642 0.554620 -0.875272
v 0.071881 0.680093 -0.932164
v 0.157403 0.823184 -0.954760
v 0.248351 0.993847 -0.947552
v 0.330506 1.163366 -0.903204
v -0.201983 0.442046 -0.779720
v -0.139481 0.465302 -0.808202
v 0.354906 1.252780 -0.870092
v 0.420561 1.407442 -0.773653
v -0.090255 0.507672 -0.842249
v 0.017891 0.626532 -0.911653
v 0.099458 0.752979 -0.948839
v 0.191023 0.915812 -0.958315
v 0.277094 1.087101 -0.932652
v -0.187642 0.459543 -0.794271
v -0.210254 0.453946 -0.785178
v 0.376062 1.340377 -0.830098
v 0.433617 1.487993 -0.718193
v -0.045275 0.569362 -0.881979
v 0.047822 0.694335 -0.938183
v 0.131820 0.838605 -0.961414
v 0.222261 1.009376 -0.954157
v 0.304442 1.178951 -0.909867
v -0.205636 0.465133 -0.795732
v -0.152081 0.484741 -0.820071
v -0.974040 0.836731 0.028163
v -0.970245 0.963530 0.174943
v -0.505681 0.400072 -0.590812
v -0.653830 0.445011 -0.503546
v -0.768036 0.512428 -0.398103
v -0.870955 0.606761 -0.263974
v -0.940514 0.716265 -0.120041
v -0.227628 0.359986 -0.703052
v -0.321627 0.369876 -0.669372
v -0.524830 0.277925 0.409413
v -0.503115 0.382560 0.571285
v -0.367256 0.206142 -0.454313
v -0.435625 0.162544 -0.308231
v -0.480448 0.146861 -0.146848
v -0.513453 0.157584 0.043533
v -0.527474 0.201351 0.231524
v -0.206015 0.260881 -0.612172
v -0.265375 0.248638 -0.572387
v -0.514669 0.228404 0.325283
v -0.501970 0.319026 0.496040
v -0.308736 0.224625 -0.518344
v -0.395164 0.173755 -0.374877
v -0.445468 0.145176 -0.231080
v -0.486293 0.141178 -0.048581
v -0.509069 0.168028 0.141595
v -0.218815 0.249106 -0.591928
v -0.497325 0.261331 0.416580
v -0.474511 0.365304 0.578738
v -0.344566 0.191581 -0.447410
v -0.411566 0.148302 -0.302212
v -0.454865 0.131440 -0.140194
v -0.487363 0.142054 0.050138
v -0.501410 0.185766 0.238187
v -0.201120 0.241816 -0.591936
v -0.252081 0.231371 -0.558154
v -0.742954 1.355429 -0.515767
v -0.730062 1.503646 -0.391315
v -0.440133 0.566144 -0.763422
v -0.543835 0.697088 -0.767208
v -0.621712 0.844689 -0.746026
v -0.687973 1.019691 -0.696700
v -0.728135 1.192587 -0.619583
v -0.243000 0.443582 -0.769044
v -0.310189 0.470014 -0.762468
v -0.728089 1.282673 -0.579946
v -0.728725 1.439165 -0.465747
v -0.367584 0.515327 -0.767950
v -0.489658 0.640541 -0.775675
v -0.572261 0.771520 -0.768879
v -0.647793 0.938965 -0.733587
v -0.700584 1.114087 -0.670722
v -0.261849 0.461686 -0.774455
v -0.721896 1.370682 -0.535944
v -0.708162 1.519508 -0.412299
v -0.423153 0.579792 -0.780741
v -0.525304 0.710155 -0.784637
v -0.602121 0.858863 -0.764783
v -0.667913 1.033947 -0.715670
v -0.708123 1.206899 -0.638590
v -0.246628 0.466617 -0.784956
v -0.304222 0.488940 -0.779311
v 0.973604 1.092371 -0.111101
v 0.410194 1.609310 0.623780
v 0.951180 0.964504 -0.254734
v 0.586574 1.570107 0.536538
v 0.706888 1.517512 0.446918
v 0.820415 1.434260 0.323194
v 0.906965 1.331928 0.183608
v 0.250386 1.629046 0.684442
v 0.958687 1.216477 0.036954
v 0.218824 1.631764 0.695049
v -0.892178 1.143871 0.388762
v -0.011237 1.620942 0.736686
v -0.951126 1.017011 0.254913
v -0.209361 1.592076 0.749778
v -0.360881 1.546984 0.732984
v -0.525147 1.471401 0.683684
v -0.674991 1.375594 0.607431
v 0.158319 1.631581 0.709101
v -0.798926 1.264990 0.507837
v 0.892185 0.837494 -0.388746
v 0.011234 0.360393 -0.736703
v 0.209358 0.389259 -0.749794
v 0.360878 0.434351 -0.733001
v 0.525144 0.509934 -0.683701
v 0.674988 0.605742 -0.607448
v -0.158280 0.349747 -0.709136
v 0.798923 0.716345 -0.507854
v -0.191011 0.348803 -0.702518
v -0.973597 0.888994 0.111117
v -0.410197 0.372025 -0.623797
v -0.586577 0.411228 -0.536555
v -0.706891 0.463824 -0.446935
v -0.820418 0.547075 -0.323211
v -0.906968 0.649407 -0.183625
v -0.250343 0.352294 -0.684464
v -0.958690 0.764859 -0.036971
v 0.973412 1.144622 -0.028012
v 0.969630 1.017944 -0.174655
v 0.505136 1.581354 0.591028
v 0.653504 1.536333 0.503615
v 0.767618 1.468919 0.398197
v 0.870447 1.374588 0.264092
v 0.939935 1.265086 0.120179
v 0.227796 1.621328 0.702970
v 0.321215 1.611526 0.669529
v -0.847814 1.194891 0.459913
v -0.924323 1.070220 0.332755
v -0.111138 1.598365 0.756134
v -0.285425 1.562250 0.755164
v -0.440238 1.502258 0.721794
v -0.601009 1.415203 0.658311
v -0.738631 1.311418 0.569884
v 0.207381 1.620753 0.708444
v 0.088676 1.617944 0.731829
v 0.852149 0.765014 -0.441530
v 0.928697 0.889805 -0.314241
v 0.115473 0.361541 -0.737751
v 0.289760 0.397655 -0.736780
v 0.444573 0.457647 -0.703411
v 0.605344 0.544702 -0.639927
v 0.742966 0.648487 -0.551501
v -0.182335 0.337442 -0.695605
v -0.084341 0.341961 -0.713446
v -0.969077 0.815284 0.046396
v -0.965257 0.942082 0.193169
v -0.500801 0.378551 -0.572644
v -0.649169 0.423572 -0.485231
v -0.763283 0.490987 -0.379813
v -0.866112 0.585317 -0.245708
v -0.935600 0.694819 -0.101795
v -0.223277 0.338596 -0.684608
v -0.316880 0.348379 -0.651146
v 0.209155 1.611877 0.715980
v 0.220766 1.549252 0.765773
v 0.255715 1.124530 0.939980
v 0.234364 1.460103 0.825711
v 0.230858 1.484690 0.810093
v 0.228025 1.503569 0.797572
v 0.217613 1.567096 0.752166
v 0.214179 1.585749 0.737426
v 0.211239 1.601046 0.724876
v 0.250915 1.273669 0.906698
v 0.148359 0.258884 0.628448
v 0.240533 1.406945 0.854216
v 0.186173 0.400434 0.755008
v 0.216835 0.565062 0.852498
v 0.239129 0.746319 0.917038
v 0.252189 0.937210 0.946116
v 0.202794 1.643499 0.688980
v 0.222434 1.539002 0.773053
v 0.226311 1.514515 0.790048
v 0.200986 1.652246 0.681331
v 0.188068 1.710777 0.627083
v 0.090648 1.939937 0.239845
v 0.169024 1.782873 0.548570
v 0.174331 1.763926 0.570332
v 0.178374 1.748836 0.586979
v 0.191783 1.694692 0.642607
v 0.195636 1.677350 0.658774
v 0.198768 1.662653 0.671978
v 0.126532 1.888104 0.379124
v -0.147948 1.722602 -0.628347
v 0.157233 1.818436 0.500897
v -0.104391 1.835779 -0.477425
v -0.056718 1.916376 -0.307784
v -0.006799 1.961174 -0.126075
v 0.043436 1.968422 0.060685
v 0.185902 1.719465 0.618101
v 0.180703 1.739814 0.596599
v -0.200632 0.329069 -0.681421
v -0.187715 0.270530 -0.627177
v -0.090295 0.041369 -0.239939
v -0.168671 0.198433 -0.548664
v -0.173978 0.217380 -0.570426
v -0.178021 0.232471 -0.587073
v -0.191430 0.286614 -0.642702
v -0.195283 0.303956 -0.658869
v -0.198415 0.318653 -0.672073
v -0.126179 0.093202 -0.379219
v -0.156880 0.162870 -0.500992
v 0.104753 0.145557 0.477363
v 0.057071 0.064930 0.307689
v 0.007153 0.020132 0.125981
v -0.043083 0.012884 -0.060780
v -0.207042 0.360535 -0.708590
v -0.185549 0.261841 -0.618196
v -0.180350 0.241492 -0.596694
v -0.208804 0.369424 -0.716084
v -0.220413 0.432054 -0.765867
v -0.255362 0.856776 -0.940074
v -0.234010 0.521203 -0.825805
v -0.230505 0.496616 -0.810187
v -0.227672 0.477737 -0.797667
v -0.217260 0.414210 -0.752260
v -0.213826 0.395557 -0.737520
v -0.210886 0.380260 -0.724970
v -0.250562 0.707638 -0.906792
v -0.240180 0.574361 -0.854311
v -0.185810 1.580902 -0.755070
v -0.216482 1.416244 -0.852592
v -0.238776 1.234987 -0.917132
v -0.251835 1.044096 -0.946211
v -0.222081 0.442304 -0.773148
v -0.225958 0.466791 -0.790142
v 0.186839 1.622434 0.713915
v -0.202433 0.337858 -0.689052
v 0.224136 1.441749 0.841357
v 0.219700 1.474101 0.821469
v 0.216542 1.495537 0.807470
v 0.214510 1.508905 0.798511
v 0.203079 1.577348 0.748790
v 0.199814 1.594646 0.734822
v 0.197262 1.607893 0.723932
v 0.195680 1.616041 0.717188
v 0.206601 1.557840 0.763946
v 0.242289 1.034461 0.951079
v 0.234049 0.841363 0.940214
v 0.216270 0.654260 0.893129
v 0.189636 0.480343 0.811635
v 0.155210 0.326414 0.698994
v 0.232992 1.347091 0.884165
v 0.241490 1.202639 0.930768
v 0.208769 1.545289 0.773334
v 0.210632 1.526887 0.785402
v 0.152030 1.797944 0.535517
v 0.159053 1.773692 0.564230
v 0.163657 1.756781 0.583157
v 0.166514 1.746000 0.594934
v 0.180913 1.686845 0.654772
v 0.184468 1.670455 0.669729
v 0.187178 1.657705 0.681161
v 0.188850 1.649853 0.688209
v 0.176868 1.704716 0.637833
v 0.055165 1.958833 0.157384
v 0.005463 1.970546 -0.029339
v -0.044892 1.944362 -0.214594
v -0.093964 1.881287 -0.391261
v -0.139829 1.783867 -0.552422
v 0.130557 1.853106 0.449685
v 0.096664 1.918061 0.316483
v 0.174244 1.715841 0.626892
v 0.169472 1.730214 0.610818
v -0.177621 0.184078 -0.528661
v -0.184644 0.208330 -0.557374
v -0.189248 0.225241 -0.576301
v -0.192105 0.236022 -0.588078
v -0.206504 0.295177 -0.647916
v -0.210059 0.311567 -0.662873
v -0.212770 0.324317 -0.674305
v -0.214434 0.332206 -0.681332
v -0.202459 0.277306 -0.630977
v -0.080756 0.023190 -0.150528
v -0.031054 0.011477 0.036195
v 0.019300 0.037661 0.221450
v 0.068372 0.100735 0.398117
v 0.114276 0.198276 0.559408
v -0.156148 0.128916 -0.442828
v -0.122255 0.063961 -0.309627
v -0.199835 0.266181 -0.620036
v -0.196671 0.251852 -0.603531
v -0.249727 0.540273 -0.834501
v -0.245291 0.507921 -0.814612
v -0.242133 0.486486 -0.800614
v -0.240102 0.473117 -0.791655
v -0.228670 0.404674 -0.741934
v -0.225405 0.387377 -0.727966
v -0.222853 0.374129 -0.717076
v -0.221282 0.365963 -0.710370
v -0.232192 0.424183 -0.757089
v -0.267881 0.947561 -0.944223
v -0.259640 1.140660 -0.933358
v -0.241861 1.327763 -0.886273
v -0.215227 1.501680 -0.804779
v -0.180762 1.655728 -0.692007
v -0.258583 0.634931 -0.877309
v -0.267081 0.779383 -0.923912
v -0.234361 0.436733 -0.766478
v -0.237831 0.455180 -0.778115
v 0.191307 1.632493 0.702385
v -0.218509 0.349593 -0.695115
v 0.269039 1.274029 0.904922
v 0.013694 0.344057 -0.726659
v 0.212662 0.373066 -0.739783
v -0.958371 0.749829 -0.024901
v -0.198163 0.236225 -0.589975
v 0.959174 1.231484 0.024669
v -0.365147 1.563038 0.723037
v -0.205546 0.268396 -0.624128
v -0.205006 0.262890 -0.618262
v 0.744038 0.707615 0.568667
v 0.745420 0.551230 0.453413
v -0.716002 1.105081 -0.660306
v -0.234454 1.417878 -0.850456
v -0.168899 0.262543 -0.628613
v -0.171052 0.268183 -0.634128
v 0.322953 1.748583 0.526238
v -0.556410 1.795149 -0.048330
v -0.183933 0.326512 -0.688217
v -0.184234 0.331739 -0.692984
v 0.263518 1.506661 0.787587
v 0.296441 1.769563 0.513674
v 0.380674 1.819466 0.372025
v -0.527863 0.175700 0.137691
v -0.338149 0.716969 0.877430
v -0.077444 0.495166 -0.839146
v 0.033657 0.616006 -0.910504
v -0.146665 0.257182 -0.627143
v 0.214301 1.486137 0.817528
v -0.040369 0.204684 -0.582278
v 0.100666 0.148564 -0.500981
v 0.413941 1.597002 0.638211
v 0.234352 1.275069 0.914115
v 0.273863 1.124365 0.938348
v 0.364654 0.418311 -0.722923
v 0.073618 1.943266 0.245322
v 0.026265 1.971812 0.065628
v 0.144250 1.890470 0.375625
v 0.175106 1.820395 0.498019
v -0.248149 0.336001 -0.674308
v -0.220480 0.332782 -0.683224
v -0.213189 0.302237 -0.656142
v -0.209294 0.284670 -0.639796
v 0.220816 1.648633 0.683226
v 0.248341 1.645357 0.674272
v -0.529987 1.487221 0.673601
v 0.718423 0.412229 0.320508
v -0.203684 1.583037 -0.752622
v -0.174757 0.284178 -0.649605
v -0.178592 0.301403 -0.665694
v -0.203694 0.429428 -0.772578
v -0.204002 0.435948 -0.777504
v -0.359700 0.524242 -0.781987
v -0.479103 0.648079 -0.789518
v 0.143545 1.748913 0.600351
v 0.892489 0.851322 -0.402362
v 0.798913 0.729797 -0.521834
v -0.192129 0.366982 -0.722980
v 0.430403 1.848685 0.227520
v 0.209513 1.512428 0.800230
v 0.192204 1.508544 0.806740
v 0.116218 0.742324 -0.947513
v -0.380673 0.161850 -0.372026
v -0.296441 0.211752 -0.513674
v 0.211438 1.505273 0.804870
v 0.214357 0.114835 -0.400258
v -0.798110 1.251516 0.521601
v -0.891627 1.130019 0.402149
v 0.252373 1.461566 0.823395
v 0.529367 0.494132 -0.673453
v -0.024122 1.964519 -0.121694
v -0.216342 0.317043 -0.669438
v -0.680352 1.391117 0.597125
v -0.663738 1.685786 -0.174871
v -0.258282 0.573774 -0.852432
v -0.252122 0.520702 -0.823970
v 0.503259 1.350490 0.766658
v -0.440692 0.583969 0.771185
v -0.261844 0.445342 -0.766085
v -0.240389 0.437679 -0.768342
v -0.165704 1.725175 -0.625502
v -0.181722 0.316083 -0.678887
v -0.197152 0.393085 -0.744414
v -0.200561 0.411644 -0.759051
v -0.561442 0.779952 -0.783331
v 0.470246 1.853290 0.044233
v -0.224169 0.259229 -0.606282
v 0.209177 0.905070 -0.956797
v -0.430402 0.132631 -0.227521
v 0.340140 0.105657 -0.261344
v 0.204194 1.551058 0.773113
v 0.248851 1.486318 0.807697
v 0.679623 0.590238 -0.596948
v -0.074192 1.919565 -0.303953
v 0.186989 1.784556 0.546066
v -0.218578 0.327512 -0.678863
v -0.248611 0.496126 -0.808336
v -0.025859 0.009236 -0.065501
v 0.586641 1.219591 0.759209
v -0.268662 0.707194 -0.904922
v -0.194215 0.377800 -0.731880
v -0.636329 0.948458 -0.748683
v 0.207357 0.401710 -0.764470
v 0.493444 1.826077 -0.146380
v 0.295165 1.077171 -0.931208
v -0.470245 0.128026 -0.044234
v 0.403036 1.420100 -0.780966
v 0.201001 1.569072 0.759341
v 0.197521 1.587934 0.744406
v 0.456828 0.129009 -0.108207
v -0.206869 1.579637 0.764351
v -0.122012 1.838707 -0.474113
v 0.192333 1.765506 0.567976
v 0.155845 1.647904 0.699045
v -0.124802 1.815558 0.523906
v -0.245748 0.476989 -0.795678
v 0.024537 0.016484 0.121859
v 0.663287 1.052164 0.723055
v -0.235313 1.043912 -0.953908
v 0.196344 1.750493 0.584495
v 0.198607 1.744695 0.590433
v -0.979952 0.903005 0.099284
v -0.033656 1.365310 0.910504
v -0.689526 1.123861 -0.685310
v 0.359347 0.446930 -0.747639
v -0.493443 0.155239 0.146380
v 0.194558 1.603340 0.731763
v -0.358861 1.534392 0.747491
v 0.152109 1.786119 0.554486
v 0.140338 1.821627 0.506891
v 0.240571 1.544358 0.767707
v -0.155942 0.333450 -0.699018
v -0.239554 1.848254 0.424379
v -0.245463 0.469880 -0.790599
v 0.074614 0.061404 0.304148
v 0.716002 0.876235 0.660306
v -0.222217 1.235420 -0.924758
v 0.522374 1.653047 -0.492643
v -0.116218 1.238991 0.947512
v 0.524188 0.522747 -0.698203
v 0.214888 1.746888 0.581321
v -0.162038 0.235611 -0.600231
v -0.184301 0.443098 -0.786777
v 0.002236 0.634793 -0.918473
v 0.979102 1.078383 -0.099039
v 0.192465 1.614256 0.722826
v -0.143520 0.232458 -0.600441
v -0.523574 1.458571 0.698021
v 0.157413 1.767157 0.576235
v 0.232170 1.587264 0.735033
v 0.109601 1.891320 0.384981
v -0.060575 0.010450 -0.056436
v -0.367097 1.856352 0.286973
v -0.231831 0.394328 -0.735214
v 0.122447 0.142271 0.474358
v -0.199857 1.417258 -0.860032
v -0.591537 0.423761 -0.550438
v -0.209177 1.076246 0.956797
v 0.716583 0.530342 0.481044
v -0.263483 0.474739 -0.787643
v 0.674552 0.618851 -0.621727
v 0.663748 0.295560 0.174904
v -0.214824 0.234371 -0.581255
v 0.083317 0.762155 -0.956068
v -0.673830 1.362464 0.621516
v 0.413868 1.574110 0.664274
v 0.593654 1.515528 0.592478
v 0.716411 1.443043 0.519565
v 0.832151 1.338176 0.413999
v 0.920521 1.217252 0.289651
v 0.973517 1.087741 0.154052
v 0.989113 0.954648 0.012446
v 0.408532 1.544393 0.693287
v 0.582382 1.461081 0.645807
v 0.701410 1.368983 0.591951
v 0.813413 1.243970 0.505973
v 0.898604 1.105904 0.398295
v 0.949238 0.963655 0.275082
v 0.963379 0.822718 0.141104
v 0.397753 1.513913 0.724287
v 0.555480 1.407533 0.702857
v 0.663687 1.296803 0.669274
v 0.765049 1.152383 0.604232
v 0.840838 0.997537 0.514715
v 0.884701 0.843054 0.404719
v 0.894830 0.694673 0.278751
v 0.355714 1.452891 0.790723
v 0.472011 1.328855 0.799451
v 0.552798 1.195512 0.794777
v 0.626033 1.025397 0.761572
v 0.678139 0.848793 0.698974
v 0.704220 0.677940 0.609219
v 0.703264 0.519403 0.495825
v 0.341261 1.438100 0.807271
v 0.440228 1.311507 0.824571
v 0.509512 1.172189 0.828881
v 0.571532 0.995934 0.804601
v 0.614182 0.814244 0.749444
v 0.633205 0.639579 0.665259
v 0.627881 0.478681 0.555313
v 0.323338 1.420100 0.826516
v 0.398442 1.293855 0.852730
v 0.452533 1.149743 0.866195
v 0.499700 0.967614 0.851663
v 0.529716 0.780944 0.804783
v 0.539352 0.602578 0.726748
v 0.528247 0.439401 0.620590
v 0.303977 1.387518 0.851194
v 0.334197 1.277922 0.885546
v 0.363709 1.130757 0.909672
v 0.386985 0.943703 0.906667
v 0.396671 0.752841 0.869597
v 0.391200 0.571361 0.798851
v 0.370792 0.406266 0.697181
v 0.266371 1.458444 0.824640
v 0.265447 1.482145 0.808627
v 0.264718 1.500659 0.795546
v 0.260998 1.563858 0.747488
v 0.259231 1.583965 0.730738
v 0.257340 1.600958 0.716204
v 0.282350 1.274960 0.903904
v 0.269924 1.406914 0.852944
v 0.229959 0.397085 0.746908
v 0.259496 0.562686 0.845436
v 0.279792 0.744989 0.911080
v 0.290057 0.936957 0.941284
v 0.290226 1.125311 0.936220
v 0.969168 1.185429 0.065650
v 0.984260 1.059520 -0.082402
v 0.415784 1.592082 0.646443
v 0.593911 1.550296 0.560347
v 0.715276 1.494920 0.472276
v 0.829721 1.408500 0.350154
v 0.916990 1.303275 0.211717
v 0.255865 1.612578 0.706245
v 0.768505 0.726599 0.545699
v 0.771261 0.570954 0.428561
v 0.383687 1.486371 0.753420
v 0.514623 1.360812 0.757720
v 0.601736 1.232246 0.746705
v 0.682174 1.067466 0.706490
v 0.738125 0.893733 0.640127
v 0.262268 1.544816 0.762985
v 0.746353 0.707379 0.569430
v 0.747770 0.550655 0.453876
v 0.379021 1.479438 0.759955
v 0.504946 1.351696 0.767952
v 0.588544 1.220513 0.760459
v 0.665406 1.052720 0.724188
v 0.718233 0.876370 0.661307
v 0.262445 1.537974 0.767314
v 0.717662 0.686662 0.596862
v 0.717537 0.528756 0.482845
v 0.360090 1.457645 0.784381
v 0.479621 1.333607 0.791918
v 0.562126 1.201404 0.785748
v 0.637144 1.032479 0.751057
v 0.690476 0.856681 0.687521
v 0.264171 1.507135 0.789951
v 0.397772 1.653623 0.596001
v 0.569969 1.632528 0.492018
v 0.684819 1.599104 0.385566
v 0.791985 1.536587 0.243636
v 0.873060 1.451704 0.088343
v 0.920635 1.348972 -0.070249
v 0.932893 1.232371 -0.226015
v 0.380244 1.684133 0.573302
v 0.536394 1.688253 0.450750
v 0.639496 1.674829 0.329341
v 0.734682 1.632891 0.172033
v 0.805562 1.565520 0.003654
v 0.845562 1.475801 -0.164662
v 0.853155 1.367212 -0.326416
v 0.356961 1.715417 0.551269
v 0.487387 1.743900 0.414042
v 0.571962 1.749914 0.280218
v 0.648485 1.728193 0.109824
v 0.703026 1.678312 -0.069820
v 0.731197 1.601340 -0.246370
v 0.731703 1.500502 -0.413159
v 0.289979 1.777614 0.511905
v 0.370969 1.827991 0.370877
v 0.418586 1.858500 0.225514
v 0.456205 1.864323 0.041243
v 0.477938 1.837760 -0.150186
v 0.481464 1.778328 -0.335610
v 0.466624 1.688376 -0.507893
v 0.269590 1.792149 0.503273
v 0.331790 1.847177 0.364628
v 0.365318 1.884488 0.217278
v 0.389096 1.897143 0.030794
v 0.399196 1.876247 -0.162426
v 0.394032 1.821063 -0.349201
v 0.373814 1.733740 -0.522321
v 0.244631 1.808898 0.492682
v 0.282406 1.867057 0.360560
v 0.298560 1.910350 0.213114
v 0.304926 1.929769 0.025526
v 0.300223 1.914611 -0.168619
v 0.284059 1.863690 -0.356083
v 0.257067 1.778993 -0.529627
v 0.213921 1.832385 0.469217
v 0.211080 1.886108 0.363338
v 0.201008 1.934480 0.219569
v 0.181210 1.960206 0.033865
v 0.154241 1.950415 -0.158679
v 0.121533 1.903482 -0.344951
v 0.084352 1.821241 -0.517762
v 0.199387 1.789334 0.540527
v 0.207033 1.770703 0.560861
v 0.213110 1.755596 0.576648
v 0.233346 1.700457 0.630200
v 0.239512 1.681371 0.647102
v 0.244419 1.664786 0.661399
v 0.157359 1.892401 0.373748
v 0.185511 1.823903 0.494904
v -0.061802 1.838344 -0.490603
v -0.015183 1.919566 -0.319624
v 0.032851 1.964844 -0.136327
v 0.080446 1.972409 0.052211
v 0.124482 1.944067 0.233210
v 0.956110 1.250427 0.009811
v 0.970789 1.126589 -0.140021
v 0.407284 1.634579 0.609885
v 0.584471 1.597219 0.520033
v 0.704853 1.546709 0.427790
v 0.818237 1.465608 0.301096
v 0.904603 1.364910 0.158770
v 0.247623 1.653388 0.671205
v 0.566282 1.725554 -0.312036
v 0.556373 1.632471 -0.482891
v 0.331578 1.743783 0.532397
v 0.427051 1.793406 0.386281
v 0.483030 1.818637 0.243210
v 0.530105 1.818665 0.061486
v 0.556896 1.788984 -0.128564
v 0.227192 1.718086 0.614209
v 0.976167 1.107921 -0.124669
v 0.409691 1.627622 0.614152
v 0.586897 1.588252 0.526520
v 0.707871 1.535379 0.436421
v 0.822061 1.451673 0.312012
v 0.909120 1.348783 0.171656
v 0.248763 1.647531 0.675280
v 0.961152 1.232702 0.024196
v 0.536136 1.745825 -0.322213
v 0.524395 1.654101 -0.493579
v 0.324271 1.749896 0.527730
v 0.413744 1.802222 0.381117
v 0.465086 1.830379 0.236808
v 0.507293 1.833778 0.053547
v 0.529827 1.807074 -0.137825
v 0.224956 1.723161 0.608307
v 0.498688 1.768368 -0.331926
v 0.484906 1.677925 -0.503868
v 0.296476 1.771893 0.514558
v 0.380782 1.821856 0.372692
v 0.430591 1.851170 0.227838
v 0.470472 1.855815 0.044114
v 0.493741 1.828525 -0.146935
v 0.215156 1.749261 0.582054
v 0.004003 1.585423 0.774081
v -0.190347 1.537168 0.802520
v -0.336657 1.472110 0.801693
v -0.494877 1.374804 0.769523
v -0.639640 1.260316 0.707634
v -0.759877 1.135586 0.618447
v -0.850957 1.005438 0.505420
v 0.021582 1.555074 0.796955
v -0.156760 1.481482 0.843831
v -0.291333 1.396385 0.857917
v -0.437574 1.278500 0.841126
v -0.572142 1.146500 0.792323
v -0.684804 1.008758 0.712860
v -0.771220 0.870596 0.605821
v 0.044822 1.523654 0.818841
v -0.107752 1.425840 0.880544
v -0.223800 1.321300 0.907041
v -0.351378 1.183199 0.903335
v -0.469606 1.033708 0.865797
v -0.570439 0.883219 0.794567
v -0.649767 0.737307 0.692565
v 0.111224 1.459639 0.856224
v 0.008634 1.341645 0.923595
v -0.070424 1.212714 0.961745
v -0.159097 1.047068 0.971916
v -0.244518 0.874260 0.946163
v -0.320705 0.706230 0.883807
v -0.384688 0.549432 0.787299
v 0.131227 1.443897 0.863541
v 0.047774 1.322339 0.929714
v -0.017156 1.186726 0.969981
v -0.091988 1.014248 0.982365
v -0.165776 0.835773 0.958403
v -0.233274 0.663496 0.897398
v -0.291878 0.504069 0.801726
v 0.155415 1.424735 0.871504
v 0.097067 1.302173 0.933471
v 0.049602 1.160865 0.974145
v -0.007819 0.981623 0.987633
v -0.066803 0.797409 0.964597
v -0.123301 0.620869 0.904280
v -0.175132 0.458816 0.809032
v 0.182808 1.390863 0.883656
v 0.168196 1.282504 0.930020
v 0.147154 1.136734 0.967689
v 0.115898 0.951185 0.979294
v 0.079179 0.761605 0.954656
v 0.039226 0.581076 0.893149
v -0.002417 0.416567 0.797168
v 0.205769 1.459996 0.840939
v 0.199790 1.483815 0.826289
v 0.194832 1.502495 0.814315
v 0.177296 1.566095 0.769964
v 0.171482 1.586351 0.754258
v 0.166727 1.603438 0.740477
v 0.222090 1.276634 0.920035
v 0.214178 1.408396 0.867907
v 0.143772 0.399509 0.769958
v 0.175977 0.565033 0.867773
v 0.200605 0.747212 0.932260
v 0.216700 0.939013 0.960908
v 0.223720 1.127172 0.954014
v -0.795252 1.234131 0.538357
v -0.888747 1.111219 0.419396
v -0.005636 1.603714 0.759346
v -0.204832 1.572342 0.774339
v -0.356630 1.524506 0.759450
v -0.521053 1.445784 0.712040
v -0.671093 1.347110 0.637181
v 0.163625 1.615116 0.730950
v -0.405523 0.759004 0.860233
v -0.474438 0.605338 0.762297
v 0.070122 1.495026 0.837427
v -0.047417 1.376326 0.908296
v -0.134867 1.252577 0.944048
v -0.232997 1.092726 0.951673
v -0.323476 0.923036 0.924541
v 0.182967 1.546903 0.784314
v 0.275271 1.124685 0.940295
v 0.253753 1.462496 0.825173
v 0.250224 1.487279 0.809448
v 0.247390 1.506120 0.796928
v 0.236917 1.569940 0.751262
v 0.233489 1.588588 0.736547
v 0.230543 1.603926 0.723967
v 0.270439 1.274679 0.906804
v 0.259977 1.408871 0.853927
v 0.205361 0.396595 0.754363
v 0.236189 0.562126 0.852377
v 0.258602 0.744382 0.917258
v 0.271729 0.936328 0.946481
v 0.228448 1.614780 0.715032
v 0.240066 1.552081 0.764857
v -0.375502 0.738345 0.869986
v -0.442523 0.583509 0.772768
v 0.077064 1.487772 0.840852
v -0.034407 1.366583 0.912450
v -0.117192 1.239993 0.949533
v -0.210415 1.076895 0.958829
v -0.296587 0.904381 0.933188
v 0.184625 1.540018 0.788247
v 0.241525 1.545713 0.768582
v -0.338053 0.715802 0.879699
v -0.403033 0.559686 0.783058
v 0.104516 1.464700 0.852852
v -0.001465 1.346886 0.920806
v -0.082698 1.219203 0.958503
v -0.173594 1.054857 0.968262
v -0.260502 0.882930 0.942298
v 0.192845 1.509018 0.809107
v 0.246838 1.512237 0.791862
v -0.012093 1.664936 0.705808
v -0.214032 1.654168 0.702060
v -0.368249 1.628171 0.667694
v -0.535043 1.573216 0.599160
v -0.687101 1.494767 0.506327
v -0.812759 1.396817 0.394145
v -0.907178 1.283160 0.266959
v -0.006706 1.694813 0.676970
v -0.202747 1.708655 0.648773
v -0.353247 1.702231 0.595307
v -0.516305 1.667421 0.507186
v -0.665184 1.606115 0.397683
v -0.788480 1.520904 0.273115
v -0.881444 1.415091 0.138301
v 0.004031 1.725159 0.645823
v -0.175844 1.762206 0.591728
v -0.315525 1.774411 0.517985
v -0.467941 1.759008 0.408926
v -0.607419 1.714483 0.281262
v -0.723943 1.641505 0.143478
v -0.812895 1.543136 0.000655
v 0.045489 1.784362 0.577407
v -0.092408 1.840781 0.495021
v -0.204636 1.875702 0.392482
v -0.328925 1.885994 0.251587
v -0.444719 1.863227 0.097004
v -0.543462 1.806618 -0.061022
v -0.621329 1.718406 -0.216419
v 0.059556 1.797946 0.559544
v -0.060664 1.858009 0.469770
v -0.161350 1.899025 0.358378
v -0.274424 1.915458 0.208558
v -0.380762 1.897776 0.046533
v -0.472447 1.844979 -0.117062
v -0.545945 1.759127 -0.275908
v 0.076709 1.813533 0.537670
v -0.018969 1.875376 0.441301
v -0.104371 1.921471 0.321063
v -0.202592 1.943777 0.161496
v -0.296297 1.931076 -0.008806
v -0.378594 1.881980 -0.178551
v -0.446311 1.798408 -0.341184
v 0.092752 1.835730 0.501680
v 0.045078 1.890690 0.407812
v -0.015547 1.940457 0.277587
v -0.089877 1.967689 0.106492
v -0.163252 1.959178 -0.073619
v -0.230442 1.913198 -0.250654
v -0.288857 1.831543 -0.417776
v 0.138746 1.791083 0.556658
v 0.141329 1.772603 0.578326
v 0.143194 1.757581 0.595290
v 0.149616 1.702826 0.652562
v 0.151753 1.683809 0.670578
v 0.153802 1.667286 0.685655
v 0.097104 1.894051 0.389901
v 0.129746 1.825476 0.509789
v -0.147970 1.840678 -0.467476
v -0.098685 1.921829 -0.297215
v -0.046320 1.966992 -0.115082
v 0.007102 1.974401 0.071891
v 0.057986 1.945876 0.251049
v -0.808511 1.299134 0.482572
v -0.902432 1.178294 0.361834
v -0.014362 1.646217 0.722849
v -0.214393 1.619269 0.734057
v -0.367175 1.576299 0.714997
v -0.532691 1.502896 0.663024
v -0.683661 1.408749 0.584282
v 0.155346 1.655929 0.695917
v -0.607746 1.757960 0.002498
v -0.689326 1.666854 -0.149155
v 0.018013 1.752438 0.616405
v -0.134989 1.808920 0.536857
v -0.253573 1.838969 0.440554
v -0.385066 1.843926 0.306669
v -0.504706 1.818286 0.155850
v 0.147851 1.720369 0.635371
v 0.109277 1.944675 0.236226
v 0.188169 1.786471 0.546998
v 0.193520 1.767390 0.568936
v 0.197554 1.752305 0.585546
v 0.211022 1.697860 0.641426
v 0.214874 1.680543 0.657590
v 0.218015 1.665811 0.670830
v 0.145365 1.892525 0.376301
v 0.176275 1.822344 0.498907
v -0.086834 1.840004 -0.484994
v -0.038900 1.921032 -0.314424
v 0.011292 1.966062 -0.131716
v 0.061804 1.973333 0.056075
v 0.220237 1.655361 0.680201
v 0.207302 1.713933 0.625885
v -0.900374 1.159717 0.378076
v -0.014670 1.639335 0.727842
v -0.213712 1.610350 0.741012
v -0.366056 1.565021 0.724137
v -0.531261 1.489028 0.674581
v -0.681959 1.392700 0.597923
v 0.156095 1.650083 0.700099
v -0.806597 1.281495 0.497794
v 0.221694 1.650247 0.683790
v -0.585719 1.776790 -0.021656
v -0.665898 1.686956 -0.174687
v 0.022314 1.758231 0.608628
v -0.125609 1.817109 0.525615
v -0.240650 1.849859 0.425882
v -0.368528 1.857952 0.288188
v -0.484994 1.835085 0.134056
v 0.147096 1.725403 0.629069
v 0.206515 1.718657 0.620087
v -0.557028 1.797508 -0.049088
v -0.635665 1.708855 -0.203656
v 0.040901 1.778947 0.583029
v -0.100303 1.835135 0.501580
v -0.214233 1.868968 0.400593
v -0.340265 1.878193 0.261319
v -0.457237 1.854774 0.107842
v 0.143801 1.751286 0.601088
v 0.199410 1.746523 0.590696
v 0.012093 0.316380 -0.705808
v 0.214032 0.327148 -0.702060
v 0.368249 0.353145 -0.667694
v 0.535043 0.408100 -0.599160
v 0.687101 0.486548 -0.506327
v 0.812759 0.584498 -0.394145
v 0.907188 0.698185 -0.266926
v 0.966748 0.823211 -0.129593
v 0.006706 0.286502 -0.676970
v 0.202747 0.272661 -0.648773
v 0.353247 0.279085 -0.595307
v 0.516305 0.313894 -0.507186
v 0.665184 0.375200 -0.397683
v 0.788480 0.460412 -0.273115
v 0.881454 0.566255 -0.138268
v 0.940523 0.688632 0.001641
v -0.004031 0.256157 -0.645823
v 0.175844 0.219109 -0.591728
v 0.315525 0.206905 -0.517985
v 0.467941 0.222308 -0.408926
v 0.607419 0.266833 -0.281262
v 0.723943 0.339811 -0.143478
v 0.812904 0.438210 -0.000622
v 0.870631 0.558079 0.141984
v -0.045489 0.196954 -0.577407
v 0.092408 0.140535 -0.495021
v 0.204636 0.105613 -0.392482
v 0.328925 0.095321 -0.251587
v 0.444719 0.118089 -0.097004
v 0.543462 0.174697 0.061022
v 0.621339 0.262940 0.216452
v 0.675312 0.379374 0.363311
v -0.059556 0.183370 -0.559544
v 0.060664 0.123307 -0.469770
v 0.161350 0.082290 -0.358378
v 0.274424 0.065858 -0.208558
v 0.380762 0.083540 -0.046533
v 0.472447 0.136337 0.117062
v 0.545955 0.222218 0.275940
v 0.598452 0.337855 0.423965
v -0.076709 0.167783 -0.537670
v 0.018969 0.105940 -0.441301
v 0.104371 0.059844 -0.321063
v 0.202592 0.037538 -0.161496
v 0.296297 0.050240 0.008806
v 0.378594 0.099335 0.178551
v 0.446321 0.182938 0.341217
v 0.496866 0.297805 0.490520
v -0.092752 0.145586 -0.501680
v -0.045078 0.090625 -0.407811
v 0.015547 0.040859 -0.277587
v 0.089877 0.013627 -0.106492
v 0.163252 0.022137 0.073619
v 0.230442 0.068118 0.250654
v 0.288866 0.149803 0.417808
v 0.336270 0.264023 0.568627
v -0.138729 0.190308 -0.556778
v -0.141317 0.208798 -0.578467
v -0.143171 0.223789 -0.595386
v -0.149588 0.278547 -0.652640
v -0.151717 0.297521 -0.670623
v -0.153763 0.314028 -0.685687
v -0.097058 0.087250 -0.389904
v 0.192354 0.254671 0.619415
v -0.129715 0.155873 -0.509852
v 0.148033 0.140622 0.467536
v 0.098738 0.059443 0.297239
v 0.046372 0.014285 0.115103
v -0.007051 0.006881 -0.071875
v -0.057936 0.035412 -0.251038
v 0.808409 0.682187 -0.482547
v 0.902334 0.803057 -0.361775
v 0.014243 0.335086 -0.722840
v 0.961724 0.930508 -0.226618
v 0.214331 0.362047 -0.734047
v 0.367113 0.405021 -0.714983
v 0.532613 0.478424 -0.663005
v 0.683570 0.572571 -0.584260
v -0.155322 0.325385 -0.695932
v 0.607746 0.223356 -0.002498
v 0.689335 0.314491 0.149188
v -0.018013 0.228877 -0.616405
v 0.744641 0.431936 0.294729
v 0.134989 0.172396 -0.536857
v 0.253573 0.142347 -0.440554
v 0.385066 0.137390 -0.306669
v 0.504706 0.163029 -0.155850
v -0.147828 0.261039 -0.635472
v 0.585719 0.204525 0.021656
v 0.665908 0.294390 0.174719
v -0.022314 0.223085 -0.608628
v 0.720722 0.411340 0.320650
v 0.125609 0.164207 -0.525615
v 0.240650 0.131457 -0.425882
v 0.368528 0.123363 -0.288188
v 0.484994 0.146231 -0.134056
v -0.147074 0.256005 -0.629172
v 0.557028 0.183808 0.049088
v 0.635675 0.272491 0.203688
v -0.040901 0.202369 -0.583029
v 0.689897 0.389012 0.350187
v 0.100304 0.146181 -0.501580
v 0.214233 0.112348 -0.400593
v 0.340265 0.103122 -0.261319
v 0.457237 0.126542 -0.107842
v -0.143776 0.230084 -0.601178
v -0.004003 0.395893 -0.774081
v 0.190347 0.444148 -0.802520
v 0.336657 0.509206 -0.801693
v 0.494877 0.606512 -0.769523
v 0.639640 0.721000 -0.707634
v 0.759877 0.845730 -0.618447
v 0.850967 0.975908 -0.505388
v 0.909401 1.106502 -0.372835
v -0.021582 0.426242 -0.796955
v 0.156760 0.499833 -0.843831
v 0.291333 0.584931 -0.857917
v 0.437574 0.702816 -0.841126
v 0.572142 0.834816 -0.792323
v 0.684804 0.972558 -0.712860
v 0.771229 1.110749 -0.605789
v 0.828088 1.244049 -0.475258
v -0.044822 0.457662 -0.818841
v 0.107752 0.555476 -0.880544
v 0.223800 0.660016 -0.907041
v 0.351378 0.798117 -0.903335
v 0.469606 0.947608 -0.865797
v 0.570439 1.098097 -0.794567
v 0.649777 1.244039 -0.692532
v 0.704256 1.379950 -0.563701
v -0.111224 0.521676 -0.856224
v -0.008634 0.639671 -0.923595
v 0.070424 0.768602 -0.961745
v 0.159097 0.934248 -0.971916
v 0.244518 1.107056 -0.946163
v 0.320705 1.275086 -0.883807
v 0.384698 1.431913 -0.787266
v 0.433984 1.571505 -0.660291
v -0.131227 0.537419 -0.863541
v -0.047774 0.658976 -0.929714
v 0.017156 0.794590 -0.969981
v 0.091988 0.967068 -0.982365
v 0.165776 1.145543 -0.958403
v 0.233274 1.317820 -0.897398
v 0.291888 1.477277 -0.801693
v 0.339355 1.617758 -0.675001
v -0.155415 0.556581 -0.871504
v -0.097067 0.679142 -0.933471
v -0.049602 0.820451 -0.974145
v 0.007819 0.999693 -0.987633
v 0.066803 1.183907 -0.964597
v 0.123301 1.360447 -0.904280
v 0.175141 1.522530 -0.808999
v 0.220322 1.663897 -0.682450
v -0.182808 0.590453 -0.883656
v -0.168196 0.698811 -0.930020
v -0.147154 0.844581 -0.967689
v -0.115898 1.030131 -0.979294
v -0.079179 1.219711 -0.954656
v -0.039226 1.400240 -0.893149
v 0.002426 1.564779 -0.797135
v 0.044166 1.706975 -0.670338
v -0.205712 0.521198 -0.840891
v -0.199731 0.497357 -0.826233
v -0.194779 0.478727 -0.814283
v -0.177240 0.415146 -0.769928
v -0.171436 0.394928 -0.754259
v -0.166684 0.377855 -0.740492
v -0.222049 0.704692 -0.920059
v -0.105174 1.724421 -0.642559
v -0.214128 0.572861 -0.867892
v -0.143727 1.581881 -0.769975
v -0.175942 1.416323 -0.867822
v -0.200569 1.234140 -0.932305
v -0.216662 1.042333 -0.960948
v -0.223681 0.854168 -0.954048
v 0.795352 0.747185 -0.538386
v 0.888864 0.870126 -0.419394
v 0.005755 0.377619 -0.759358
v 0.948115 0.998277 -0.284838
v 0.204893 0.408977 -0.774354
v 0.356691 0.456810 -0.759469
v 0.521129 0.535532 -0.712063
v 0.671183 0.634206 -0.637208
v -0.163566 0.366190 -0.730978
v 0.405523 1.222311 -0.860233
v 0.474448 1.376008 -0.762264
v -0.070122 0.486290 -0.837427
v 0.525492 1.514504 -0.634799
v 0.047417 0.604990 -0.908296
v 0.134867 0.728738 -0.944048
v 0.232997 0.888590 -0.951673
v 0.323476 1.058280 -0.924541
v -0.182904 0.434309 -0.784247
v 0.894305 0.851656 -0.403826
v 0.008591 0.372008 -0.753625
v 0.953628 0.979357 -0.269087
v 0.207633 0.400994 -0.766795
v 0.359977 0.446322 -0.749920
v 0.525182 0.522316 -0.700364
v 0.675881 0.618644 -0.623706
v -0.162131 0.361253 -0.725901
v 0.800518 0.729848 -0.523577
v 0.375502 1.242971 -0.869986
v 0.442532 1.397837 -0.772735
v -0.077064 0.493543 -0.840852
v 0.492919 1.536659 -0.645585
v 0.034407 0.614732 -0.912450
v 0.117192 0.741323 -0.949533
v 0.210415 0.904421 -0.958829
v 0.296588 1.076934 -0.933188
v -0.184562 0.441192 -0.788180
v 0.338054 1.265514 -0.879699
v 0.403043 1.421660 -0.783025
v -0.104516 0.516616 -0.852852
v 0.452656 1.560949 -0.656077
v 0.001465 0.634430 -0.920806
v 0.082698 0.762113 -0.958503
v 0.173594 0.926458 -0.968262
v 0.260502 1.098386 -0.942298
v -0.192791 0.472210 -0.809075
v -0.397772 0.327693 -0.596001
v -0.569969 0.348788 -0.492018
v -0.684819 0.382212 -0.385566
v -0.791985 0.444728 -0.243636
v -0.873060 0.529612 -0.088343
v -0.920635 0.632343 0.070249
v -0.932883 0.748975 0.226048
v -0.909343 0.874995 0.373032
v -0.380244 0.297183 -0.573302
v -0.536394 0.293063 -0.450750
v -0.639496 0.306486 -0.329341
v -0.734682 0.348424 -0.172033
v -0.805562 0.415796 -0.003654
v -0.845562 0.505515 0.164662
v -0.853145 0.614134 0.326449
v -0.828030 0.737448 0.475455
v -0.356961 0.265899 -0.551269
v -0.487387 0.237416 -0.414042
v -0.571962 0.231401 -0.280218
v -0.648485 0.253123 -0.109824
v -0.703026 0.303004 0.069820
v -0.731197 0.379976 0.246370
v -0.731693 0.480844 0.413192
v -0.704198 0.601547 0.563897
v -0.289979 0.203702 -0.511905
v -0.370969 0.153325 -0.370877
v -0.418586 0.122816 -0.225514
v -0.456205 0.116992 -0.041243
v -0.477938 0.143556 0.150186
v -0.481464 0.202987 0.335610
v -0.466614 0.292970 0.507926
v -0.433926 0.409992 0.660488
v -0.269590 0.189167 -0.503273
v -0.331790 0.134139 -0.364628
v -0.365318 0.096827 -0.217278
v -0.389096 0.084172 -0.030794
v -0.399196 0.105069 0.162426
v -0.394032 0.160253 0.349201
v -0.373804 0.247606 0.522354
v -0.339298 0.363739 0.675197
v -0.244631 0.172418 -0.492682
v -0.282406 0.114258 -0.360560
v -0.298560 0.070966 -0.213114
v -0.304926 0.051547 -0.025526
v -0.300223 0.066705 0.168619
v -0.284059 0.117626 0.356083
v -0.257057 0.202353 0.529660
v -0.220264 0.317600 0.682647
v -0.213921 0.148931 -0.469217
v -0.211080 0.095207 -0.363338
v -0.201008 0.046836 -0.219569
v -0.181210 0.021109 -0.033865
v -0.154241 0.030901 0.158679
v -0.121533 0.077833 0.344951
v -0.084342 0.160104 0.517795
v -0.044109 0.274522 0.670534
v -0.199316 0.191905 -0.540430
v -0.206956 0.210524 -0.560744
v -0.213045 0.225663 -0.576576
v -0.233286 0.280799 -0.630147
v -0.239459 0.299928 -0.647080
v -0.244369 0.316529 -0.661391
v -0.157316 0.088927 -0.373769
v 0.105267 0.257120 0.642705
v -0.185454 0.157377 -0.494864
v 0.061847 0.143046 0.490585
v 0.015219 0.061791 0.319576
v -0.032814 0.016508 0.136283
v -0.080408 0.008938 -0.052251
v -0.124443 0.037274 -0.233244
v -0.956010 0.730888 -0.009841
v -0.970673 0.854756 0.140023
v -0.407177 0.346718 -0.609937
v -0.947948 0.983219 0.285003
v -0.584412 0.384094 -0.520055
v -0.704792 0.434608 -0.427808
v -0.818160 0.515708 -0.301119
v -0.904513 0.616406 -0.158796
v -0.247558 0.327937 -0.671212
v -0.566282 0.255762 0.312036
v -0.556364 0.348875 0.482924
v -0.331578 0.237532 -0.532397
v -0.525434 0.466992 0.634996
v -0.427051 0.187909 -0.386281
v -0.483030 0.162679 -0.243210
v -0.530105 0.162650 -0.061486
v -0.556896 0.192332 0.128564
v -0.227126 0.263135 -0.614132
v -0.072622 0.035629 -0.246046
v -0.151515 0.193833 -0.556819
v -0.156865 0.212914 -0.578756
v -0.160899 0.227999 -0.595367
v -0.174367 0.282444 -0.651246
v -0.178220 0.299761 -0.667411
v -0.181360 0.314493 -0.680650
v -0.108710 0.087779 -0.386121
v 0.167342 0.254271 0.627117
v -0.139620 0.157960 -0.508727
v 0.123499 0.140330 0.475207
v 0.075555 0.059272 0.304603
v 0.025363 0.014242 0.121896
v -0.025149 0.006971 -0.065895
v -0.183580 0.324952 -0.690016
v -0.170647 0.266371 -0.635705
v -0.536136 0.235491 0.322213
v -0.524385 0.327244 0.493611
v -0.324271 0.231419 -0.527730
v -0.492861 0.444837 0.645782
v -0.413744 0.179094 -0.381117
v -0.465086 0.150937 -0.236808
v -0.507293 0.147538 -0.053547
v -0.529827 0.174242 0.137825
v -0.224890 0.258060 -0.608228
v -0.168674 0.261614 -0.630225
v -0.498688 0.212948 0.331926
v -0.484896 0.303421 0.503901
v -0.296476 0.209423 -0.514558
v -0.452598 0.420547 0.656273
v -0.380782 0.159460 -0.372692
v -0.430591 0.130146 -0.227838
v -0.470472 0.125501 -0.044114
v -0.493741 0.152791 0.146935
v -0.215093 0.231998 -0.581988
v -0.161569 0.233748 -0.600834
v -0.413868 0.407206 -0.664274
v -0.593654 0.465788 -0.592478
v -0.716411 0.538272 -0.519565
v -0.832151 0.643140 -0.413999
v -0.920521 0.764063 -0.289651
v -0.973517 0.893575 -0.154052
v -0.989104 1.026698 -0.012413
v -0.966691 1.158286 0.129789
v -0.408532 0.436923 -0.693287
v -0.582382 0.520235 -0.645807
v -0.701410 0.612333 -0.591951
v -0.813413 0.737346 -0.505973
v -0.898604 0.875411 -0.398295
v -0.949238 1.017661 -0.275082
v -0.963370 1.158628 -0.141071
v -0.940466 1.292864 -0.001444
v -0.397753 0.467403 -0.724287
v -0.555480 0.573783 -0.702857
v -0.663687 0.684512 -0.669274
v -0.765049 0.828933 -0.604232
v -0.840838 0.983779 -0.514715
v -0.884701 1.138262 -0.404719
v -0.894821 1.286673 -0.278718
v -0.870573 1.423418 -0.141787
v -0.355714 0.528425 -0.790723
v -0.472011 0.652461 -0.799451
v -0.552798 0.785804 -0.794777
v -0.626033 0.955919 -0.761572
v -0.678139 1.132523 -0.698974
v -0.704220 1.303376 -0.609219
v -0.703255 1.461943 -0.495792
v -0.675254 1.602122 -0.363114
v -0.341261 0.543216 -0.807271
v -0.440228 0.669809 -0.824571
v -0.509512 0.809127 -0.828881
v -0.571532 0.985382 -0.804601
v -0.614182 1.167072 -0.749444
v -0.633205 1.341736 -0.665259
v -0.627871 1.502664 -0.555280
v -0.598394 1.643641 -0.423768
v -0.323338 0.561216 -0.826516
v -0.398442 0.687461 -0.852730
v -0.452533 0.831573 -0.866195
v -0.499700 1.013702 -0.851663
v -0.529716 1.200372 -0.804783
v -0.539352 1.378737 -0.726748
v -0.528237 1.541945 -0.620557
v -0.496808 1.683691 -0.490323
v -0.303977 0.593797 -0.851194
v -0.334197 0.703393 -0.885546
v -0.363709 0.850559 -0.909672
v -0.386985 1.037613 -0.906667
v -0.396671 1.228474 -0.869597
v -0.391200 1.409955 -0.798851
v -0.370782 1.575080 -0.697148
v -0.336212 1.717474 -0.568430
v -0.266339 0.522991 -0.824712
v -0.265417 0.499312 -0.808707
v -0.264683 0.480749 -0.795601
v -0.260965 0.417530 -0.747548
v -0.259188 0.397386 -0.730761
v -0.257294 0.380377 -0.716213
v -0.282303 0.706344 -0.903904
v -0.192243 1.726779 -0.619191
v -0.269885 0.574458 -0.852983
v -0.229896 1.584215 -0.746849
v -0.259443 1.418586 -0.845412
v -0.279740 1.236288 -0.911059
v -0.290006 1.044326 -0.941269
v -0.290177 0.855978 -0.936210
v -0.969269 0.795892 -0.065625
v -0.984358 0.921831 0.082462
v -0.415892 0.389257 -0.646395
v -0.961777 1.050994 0.226842
v -0.593971 0.431027 -0.560330
v -0.715338 0.486400 -0.472261
v -0.829799 0.572820 -0.350135
v -0.917081 0.678045 -0.211695
v -0.255838 0.368745 -0.706251
v -0.768505 1.254717 -0.545699
v -0.771251 1.410392 -0.428528
v -0.383687 0.494945 -0.753420
v -0.744583 1.549561 -0.294532
v -0.514623 0.620503 -0.757720
v -0.601736 0.749070 -0.746705
v -0.682174 0.913850 -0.706490
v -0.738125 1.087582 -0.640127
v -0.262242 0.436601 -0.763076
v -0.238616 0.855619 -0.950115
v -0.217098 0.517808 -0.834994
v -0.213569 0.493025 -0.819268
v -0.210735 0.474184 -0.806748
v -0.200262 0.410364 -0.761082
v -0.196835 0.391716 -0.746367
v -0.193888 0.376378 -0.733787
v -0.233784 0.705625 -0.916624
v -0.130630 1.726213 -0.636740
v -0.223322 0.571433 -0.863748
v -0.168697 1.583739 -0.764151
v -0.199534 1.418178 -0.862197
v -0.221947 1.235922 -0.927078
v -0.235075 1.043976 -0.956301
v -0.191796 0.365520 -0.724862
v -0.203411 0.428223 -0.774677
v -0.982236 0.903453 0.098919
v -0.415769 0.383722 -0.639935
v -0.959649 1.032167 0.243500
v -0.592975 0.423092 -0.552303
v -0.713949 0.475965 -0.462204
v -0.828139 0.559670 -0.337795
v -0.915198 0.662561 -0.197439
v -0.254796 0.363817 -0.701068
v -0.967231 0.778642 -0.049979
v -0.190133 0.361051 -0.720569
v -0.746353 1.273936 -0.569430
v -0.747761 1.430691 -0.453843
v -0.379021 0.501878 -0.759955
v -0.720665 1.570157 -0.320454
v -0.504946 0.629620 -0.767952
v -0.588544 0.760803 -0.760459
v -0.665406 0.928595 -0.724188
v -0.718233 1.104945 -0.661307
v -0.262418 0.443445 -0.767405
v -0.203683 0.434558 -0.778721
v -0.717662 1.294654 -0.596862
v -0.717527 1.452590 -0.482812
v -0.360090 0.523670 -0.784381
v -0.689839 1.592485 -0.349990
v -0.479621 0.647709 -0.791918
v -0.562126 0.779912 -0.785748
v -0.637144 0.948836 -0.751057
v -0.690476 1.124635 -0.687521
v -0.264136 0.474266 -0.790007
v -0.208996 0.468035 -0.802000
v 0.981492 1.077931 -0.098700
v 0.415017 1.597759 0.640269
v 0.958938 0.949367 -0.243113
v 0.592555 1.558274 0.552426
v 0.713517 1.505380 0.462304
v 0.827595 1.421677 0.337925
v 0.914559 1.318790 0.197595
v 0.254708 1.617504 0.701060
v 0.966520 1.202711 0.050154
v 0.227958 1.619192 0.710371
v -0.893548 1.129686 0.403643
v -0.007765 1.609429 0.753536
v -0.952808 1.002135 0.269064
v -0.207206 1.580349 0.766690
v -0.359551 1.534999 0.749791
v -0.524645 1.459002 0.700204
v -0.675248 1.362672 0.623521
v 0.162289 1.620049 0.725813
v -0.799814 1.251465 0.523373
v 0.899630 0.821666 -0.377857
v 0.013837 0.341893 -0.727783
v 0.213278 0.370973 -0.740937
v 0.365623 0.416323 -0.724037
v 0.530717 0.492320 -0.674451
v 0.681320 0.588650 -0.597767
v -0.156175 0.331265 -0.700078
v 0.805886 0.699857 -0.497620
v -0.183841 0.330083 -0.693894
v -0.975411 0.873421 0.124486
v -0.408945 0.353563 -0.614515
v -0.586483 0.393048 -0.526672
v -0.707445 0.445942 -0.436551
v -0.821523 0.529645 -0.312172
v -0.908487 0.632532 -0.171841
v -0.248590 0.333822 -0.675312
v -0.960449 0.748611 -0.024400
v 0.192090 1.615728 0.724726
v 0.203850 1.552364 0.775146
v 0.238890 1.125868 0.949878
v 0.217498 1.462656 0.835332
v 0.213980 1.487284 0.819662
v 0.211109 1.506475 0.806971
v 0.200648 1.570426 0.761336
v 0.197158 1.589339 0.746360
v 0.194188 1.604783 0.733684
v 0.234074 1.275755 0.916458
v 0.130933 0.255594 0.636579
v 0.223671 1.409473 0.863853
v 0.168953 0.397911 0.763831
v 0.199785 0.563424 0.861861
v 0.222203 0.745650 0.926767
v 0.235339 0.937557 0.956024
v 0.184115 1.651245 0.693812
v 0.204074 1.546098 0.779142
v 0.209329 1.512740 0.802195
v 0.183875 1.656327 0.689879
v 0.170807 1.715589 0.634996
v 0.072968 1.945499 0.246117
v 0.151636 1.788006 0.555975
v 0.156950 1.769001 0.577771
v 0.161063 1.753698 0.594697
v 0.174565 1.699271 0.650705
v 0.178470 1.681654 0.667095
v 0.181632 1.666811 0.680425
v 0.109034 1.893435 0.386099
v -0.166910 1.726897 -0.626729
v 0.139840 1.823588 0.508280
v -0.123116 1.840694 -0.474988
v -0.075186 1.921740 -0.304433
v -0.024999 1.966799 -0.121751
v 0.025504 1.974111 0.066006
v 0.168813 1.720281 0.629583
v 0.161725 1.747900 0.600280
v -0.219909 0.325993 -0.680220
v -0.206842 0.266722 -0.625342
v -0.109003 0.036811 -0.236463
v -0.187671 0.194304 -0.546321
v -0.192985 0.213309 -0.568117
v -0.197098 0.228612 -0.585043
v -0.210601 0.283040 -0.641051
v -0.214505 0.300656 -0.657441
v -0.217667 0.315499 -0.670771
v -0.145069 0.088876 -0.376444
v -0.175875 0.158722 -0.498626
v 0.087091 0.141647 0.484675
v 0.039150 0.060570 0.314087
v -0.011036 0.015511 0.131405
v -0.061540 0.008200 -0.056352
v -0.227687 0.362127 -0.710463
v -0.206104 0.262065 -0.619593
v -0.199016 0.234446 -0.590289
v -0.228128 0.366579 -0.715081
v -0.239885 0.429946 -0.765492
v -0.274925 0.856443 -0.940224
v -0.253533 0.519655 -0.825678
v -0.250015 0.495026 -0.810008
v -0.247144 0.475835 -0.797316
v -0.236683 0.411885 -0.751682
v -0.233193 0.392971 -0.736705
v -0.230223 0.377527 -0.724030
v -0.270109 0.706555 -0.906804
v -0.259706 0.572838 -0.854199
v -0.204978 1.584429 -0.754144
v -0.235820 1.418886 -0.852206
v -0.258239 1.236660 -0.917113
v -0.271374 1.044754 -0.946370
v -0.241365 0.436247 -0.769152
v -0.246620 0.469605 -0.792204
v 0.190380 1.620191 0.720394
v -0.221396 0.331157 -0.683789
v 0.738898 0.705811 0.570605
v 0.740093 0.549649 0.455802
v 0.374628 1.474137 0.759828
v 0.499079 1.347504 0.767724
v 0.582137 1.216787 0.760449
v 0.658386 1.049616 0.724567
v 0.711038 0.874161 0.661886
v 0.261467 1.531142 0.766904
v 0.718415 0.691021 0.590189
v 0.718510 0.534016 0.476482
v 0.361114 1.458580 0.777265
v 0.480999 1.334590 0.784833
v 0.563277 1.203146 0.778503
v 0.638209 1.035166 0.743748
v 0.691222 0.860105 0.680600
v 0.262700 1.509127 0.783064
v 0.972512 1.103157 -0.120473
v 0.408664 1.620443 0.614916
v 0.585039 1.581258 0.527697
v 0.705452 1.528631 0.438016
v 0.819115 1.445314 0.314183
v 0.905773 1.342901 0.174478
v 0.248467 1.640264 0.675769
v 0.957565 1.227359 0.027702
v 0.528437 1.745458 -0.322070
v 0.516466 1.654338 -0.492720
v 0.318898 1.749435 0.523448
v 0.407238 1.801188 0.378176
v 0.458127 1.829376 0.234461
v 0.499815 1.832933 0.051985
v 0.522347 1.806271 -0.138454
v 0.222549 1.723394 0.601830
v 0.501703 1.761551 -0.329004
v 0.488275 1.671345 -0.500066
v 0.299056 1.765138 0.514045
v 0.383706 1.815205 0.372162
v 0.433502 1.844218 0.228057
v 0.473529 1.848665 0.045252
v 0.496585 1.821584 -0.144957
v 0.215553 1.742027 0.583089
v 0.268901 1.124199 0.937301
v 0.247480 1.460470 0.822698
v 0.243967 1.485142 0.807044
v 0.241147 1.503887 0.794587
v 0.230722 1.567407 0.749131
v 0.227312 1.585961 0.734492
v 0.224380 1.601225 0.721973
v 0.264091 1.273499 0.903963
v 0.253676 1.407082 0.851325
v 0.199317 0.399484 0.752235
v 0.230001 0.564247 0.849793
v 0.252310 0.745658 0.914373
v 0.265376 0.936714 0.943459
v 0.222295 1.612026 0.713080
v 0.233855 1.549636 0.762657
v -0.368547 0.736378 0.867301
v -0.434973 0.582083 0.770614
v 0.080528 1.482255 0.838620
v -0.029662 1.362098 0.909379
v -0.111848 1.235943 0.946375
v -0.204314 1.073428 0.955693
v -0.290189 0.901796 0.930125
v 0.184912 1.533155 0.787492
v 0.237334 1.540278 0.768417
v -0.341814 0.720285 0.874235
v -0.406782 0.565076 0.777960
v 0.100125 1.465783 0.847187
v -0.006146 1.348036 0.915344
v -0.087222 1.221101 0.952779
v -0.178028 1.057696 0.962427
v -0.264428 0.886483 0.936629
v 0.190780 1.511024 0.802384
v 0.241592 1.513474 0.787071
v 0.103675 1.940394 0.236490
v 0.182208 1.782904 0.545845
v 0.187535 1.763910 0.567685
v 0.191548 1.748900 0.584210
v 0.204952 1.694708 0.639827
v 0.208785 1.677480 0.655910
v 0.211911 1.662819 0.669086
v 0.139597 1.888483 0.375918
v 0.170366 1.818619 0.497966
v -0.091527 1.836212 -0.481386
v -0.043815 1.916864 -0.311607
v 0.006145 1.961684 -0.129746
v 0.056422 1.968920 0.057174
v 0.214122 1.652419 0.678411
v 0.201250 1.710700 0.624362
v -0.895361 1.154714 0.379950
v -0.013769 1.632103 0.728090
v -0.211877 1.603255 0.741199
v -0.363514 1.558137 0.724403
v -0.527955 1.482496 0.675078
v -0.677957 1.386615 0.598776
v 0.156222 1.642804 0.700475
v -0.802018 1.275927 0.499113
v 0.217707 1.644483 0.684420
v -0.579008 1.776026 -0.025373
v -0.658600 1.686773 -0.177908
v 0.024798 1.757552 0.602241
v -0.121504 1.815783 0.519831
v -0.235857 1.848531 0.420387
v -0.362884 1.856745 0.283112
v -0.478880 1.833907 0.129786
v 0.145956 1.725596 0.622256
v 0.201312 1.718222 0.615629
v -0.558526 1.790816 -0.044957
v -0.637017 1.702406 -0.198588
v 0.038067 1.772341 0.583966
v -0.103439 1.828651 0.502673
v -0.216997 1.862173 0.402333
v -0.342708 1.871195 0.263930
v -0.459064 1.847962 0.111071
v 0.143603 1.744073 0.602281
v 0.195624 1.740548 0.592098
v 0.579009 0.205290 0.025373
v 0.658611 0.294573 0.177940
v -0.024797 0.223763 -0.602241
v 0.713089 0.410921 0.323273
v 0.121505 0.165533 -0.519831
v 0.235858 0.132784 -0.420387
v 0.362885 0.124571 -0.283112
v 0.478881 0.147409 -0.129786
v -0.145932 0.255807 -0.622357
v 0.558527 0.190500 0.044957
v 0.637028 0.278940 0.198621
v -0.038066 0.208974 -0.583967
v 0.691082 0.394981 0.344359
v 0.103440 0.152665 -0.502673
v 0.216998 0.119143 -0.402333
v 0.342709 0.110121 -0.263930
v 0.459065 0.133354 -0.111072
v -0.143578 0.237302 -0.602372
v 0.891030 0.848081 -0.398334
v 0.009428 0.370662 -0.746507
v 0.950077 0.975189 -0.264220
v 0.207536 0.399511 -0.759616
v 0.359173 0.444628 -0.742820
v 0.523614 0.520269 -0.693495
v 0.673616 0.616150 -0.617193
v -0.160522 0.359954 -0.718911
v 0.797677 0.726838 -0.517530
v 0.368548 1.244938 -0.867301
v 0.434984 1.399263 -0.770582
v -0.080527 0.499061 -0.838621
v 0.485029 1.537506 -0.644050
v 0.029663 0.619218 -0.909379
v 0.111848 0.745373 -0.946375
v 0.204315 0.907888 -0.955693
v 0.290190 1.079519 -0.930125
v -0.184850 0.448058 -0.787431
v 0.341814 1.261031 -0.874235
v 0.406793 1.416270 -0.777927
v -0.100124 0.515532 -0.847187
v 0.456286 1.554847 -0.651539
v 0.006147 0.633280 -0.915344
v 0.087223 0.760215 -0.952779
v 0.178028 0.923620 -0.962427
v 0.264429 1.094833 -0.936629
v -0.190725 0.470202 -0.802347
v -0.077378 0.040196 -0.243535
v -0.155910 0.197686 -0.552891
v -0.161237 0.216680 -0.574730
v -0.165250 0.231690 -0.591255
v -0.178654 0.285882 -0.646872
v -0.182488 0.303110 -0.662955
v -0.185613 0.317771 -0.676131
v -0.113299 0.092107 -0.382963
v 0.161474 0.257820 0.625579
v -0.144069 0.161971 -0.505011
v 0.117834 0.144408 0.474373
v 0.070113 0.063726 0.304561
v 0.020153 0.018906 0.122701
v -0.030124 0.011670 -0.064219
v -0.187822 0.328181 -0.685451
v -0.174953 0.269890 -0.631408
v -0.528436 0.235858 0.322069
v -0.516456 0.327007 0.492753
v -0.318898 0.231881 -0.523449
v -0.484970 0.443989 0.644245
v -0.407237 0.180128 -0.378176
v -0.458127 0.151940 -0.234461
v -0.499814 0.148383 -0.051986
v -0.522346 0.175045 0.138453
v -0.222483 0.257832 -0.601754
v -0.170924 0.262256 -0.623770
v -0.501702 0.219765 0.329003
v -0.488265 0.310000 0.500098
v -0.299055 0.216178 -0.514045
v -0.456227 0.426649 0.651735
v -0.383706 0.166111 -0.372162
v -0.433501 0.137098 -0.228058
v -0.473528 0.132651 -0.045252
v -0.496585 0.159731 0.144957
v -0.215489 0.239227 -0.583022
v -0.165236 0.239929 -0.600239
v -0.242604 0.856391 -0.944346
v -0.221182 0.520120 -0.829743
v -0.217669 0.495448 -0.814089
v -0.214849 0.476703 -0.801632
v -0.204424 0.413183 -0.756177
v -0.201014 0.394629 -0.741537
v -0.198082 0.379365 -0.729018
v -0.237793 0.707091 -0.911008
v -0.135119 1.722950 -0.632428
v -0.227378 0.573508 -0.858370
v -0.173009 1.581136 -0.759248
v -0.203704 1.416343 -0.856839
v -0.226012 1.234932 -0.921418
v -0.239079 1.043876 -0.950505
v -0.196000 0.368559 -0.720135
v -0.207558 0.430954 -0.769703
v -0.976844 0.899638 0.102089
v -0.413005 0.382322 -0.633333
v -0.954361 1.027756 0.245999
v -0.589380 0.421507 -0.546114
v -0.709793 0.474134 -0.456433
v -0.823456 0.557451 -0.332601
v -0.910114 0.659864 -0.192896
v -0.252762 0.362506 -0.694191
v -0.961907 0.775406 -0.046119
v -0.192347 0.360838 -0.713893
v -0.738897 1.275505 -0.570605
v -0.740083 1.431697 -0.455769
v -0.374627 0.507179 -0.759828
v -0.713030 1.570575 -0.323077
v -0.499078 0.633812 -0.767724
v -0.582136 0.764529 -0.760450
v -0.658385 0.931700 -0.724567
v -0.711037 1.107155 -0.661886
v -0.261440 0.450274 -0.766990
v -0.206946 0.440199 -0.776558
v -0.718415 1.290295 -0.590189
v -0.718500 1.447330 -0.476450
v -0.361113 0.522736 -0.777266
v -0.691024 1.586515 -0.344163
v -0.480999 0.646726 -0.784833
v -0.563277 0.778170 -0.778503
v -0.638209 0.946150 -0.743748
v -0.691221 1.121211 -0.680600
v -0.262666 0.472276 -0.783125
v -0.211203 0.467004 -0.795213
v 0.976210 1.081744 -0.101901
v 0.412363 1.599139 0.633614
v 0.953762 0.953777 -0.245645
v 0.589021 1.559857 0.546214
v 0.709424 1.507211 0.456515
v 0.822991 1.423897 0.332708
v 0.909568 1.321486 0.193024
v 0.252693 1.618820 0.694180
v 0.961300 1.205945 0.046264
v 0.222719 1.619615 0.705690
v -0.890383 1.133266 0.398179
v -0.008723 1.610762 0.746427
v -0.949370 1.006308 0.264224
v -0.207171 1.581833 0.759523
v -0.358810 1.536697 0.742705
v -0.523156 1.461053 0.693354
v -0.673076 1.365170 0.617031
v 0.160662 1.621355 0.718829
v -0.797076 1.254480 0.517352
v 0.894727 0.826669 -0.379762
v 0.013058 0.349143 -0.728043
v 0.211506 0.378072 -0.741139
v 0.363145 0.423208 -0.724322
v 0.527491 0.498852 -0.674971
v 0.677411 0.594735 -0.598647
v -0.156284 0.338543 -0.700464
v 0.801411 0.705425 -0.498968
v -0.187308 0.336054 -0.692530
v -0.971865 0.878191 0.120317
v -0.408027 0.360766 -0.615230
v -0.584686 0.400048 -0.527831
v -0.705089 0.452694 -0.438131
v -0.818656 0.536008 -0.314324
v -0.905233 0.638419 -0.174641
v -0.248312 0.341089 -0.675802
v -0.956965 0.753960 -0.027880
v 0.196340 1.612695 0.719994
v 0.208020 1.549737 0.770079
v 0.242926 1.125068 0.944120
v 0.221612 1.460467 0.830008
v 0.218108 1.485007 0.814402
v 0.215257 1.504050 0.801798
v 0.204843 1.567681 0.756370
v 0.201379 1.586462 0.741507
v 0.198427 1.601816 0.728907
v 0.238129 1.274278 0.910843
v 0.135474 0.258809 0.632295
v 0.227765 1.407455 0.858436
v 0.173318 0.400467 0.758956
v 0.204006 0.565215 0.856528
v 0.226320 0.746601 0.921129
v 0.239393 0.937623 0.950244
v 0.187631 1.645275 0.692433
v 0.207377 1.540483 0.776935
v 0.211589 1.513774 0.795407
v 0.188163 1.653102 0.685312
v 0.175178 1.711973 0.630779
v 0.077762 1.940957 0.243572
v 0.156102 1.784075 0.552148
v 0.161398 1.765145 0.573866
v 0.165478 1.749950 0.590660
v 0.178913 1.695772 0.646387
v 0.182790 1.678288 0.662662
v 0.185934 1.663532 0.675915
v 0.113664 1.889120 0.382920
v -0.161008 1.723393 -0.625243
v 0.144344 1.819541 0.504607
v -0.117417 1.836661 -0.474206
v -0.069708 1.917328 -0.304440
v -0.019754 1.962173 -0.122601
v 0.030517 1.969444 0.064290
v 0.171118 1.719601 0.623138
v 0.165443 1.741730 0.599677
v -0.213753 0.328929 -0.678450
v -0.200769 0.270049 -0.623923
v -0.103353 0.041065 -0.236716
v -0.181693 0.197948 -0.545291
v -0.186990 0.216877 -0.567010
v -0.191069 0.232073 -0.583804
v -0.204504 0.286250 -0.639531
v -0.208382 0.303734 -0.655806
v -0.211525 0.318490 -0.669059
v -0.139255 0.092902 -0.376064
v -0.169936 0.162481 -0.497751
v 0.091835 0.145392 0.481095
v 0.044117 0.064695 0.311296
v -0.005837 0.019849 0.129457
v -0.056108 0.012579 -0.057434
v -0.222399 0.361705 -0.705798
v -0.200856 0.262536 -0.615171
v -0.195181 0.240406 -0.591710
v -0.221933 0.369323 -0.713147
v -0.233611 0.432285 -0.763223
v -0.268517 0.856954 -0.937264
v -0.247203 0.521556 -0.823152
v -0.243699 0.497015 -0.807545
v -0.240848 0.477973 -0.794942
v -0.230434 0.414341 -0.749514
v -0.226970 0.395560 -0.734651
v -0.224018 0.380206 -0.722050
v -0.263720 0.707744 -0.903987
v -0.253356 0.574567 -0.851580
v -0.198900 1.581585 -0.752067
v -0.229597 1.416807 -0.849671
v -0.251911 1.235422 -0.914273
v -0.264984 1.044399 -0.943388
v -0.237116 0.441654 -0.768967
v -0.241328 0.468363 -0.787440
v 0.192644 1.620408 0.713705
v -0.217360 0.336920 -0.684436
vt 0.604107 0.384836
vt 0.551551 0.378334
vt 0.555033 0.346266
vt 0.608498 0.353863
vt 0.661590 0.363473
vt 0.656453 0.393006
vt 0.650280 0.433764
vt 0.598784 0.427430
vt 0.547265 0.422306
vt 0.498836 0.373575
vt 0.445982 0.370570
vt 0.447312 0.337453
vt 0.501280 0.340763
vt 0.495742 0.418431
vt 0.444168 0.415771
vt 1.095803 0.523853
vt 1.045293 0.502426
vt 1.048726 0.492444
vt 1.098125 0.516243
vt 1.150121 0.542264
vt 1.148658 0.547848
vt 1.146754 0.555992
vt 1.092876 0.535260
vt 1.041057 0.517452
vt 1.003128 0.486164
vt 0.961904 0.471881
vt 0.966848 0.456874
vt 1.007403 0.473746
vt 0.997910 0.504588
vt 0.955918 0.493746
vt 0.914219 0.456394
vt 0.863182 0.440957
vt 0.869134 0.420260
vt 0.919753 0.438547
vt 0.907565 0.482002
vt 0.856057 0.470302
vt 0.811899 0.426822
vt 0.760356 0.414069
vt 0.766373 0.388386
vt 0.818008 0.403504
vt 0.804605 0.459586
vt 0.753175 0.449895
vt 0.708538 0.402774
vt 0.714224 0.375011
vt 0.701739 0.441270
vt 0.798628 0.496928
vt 0.747334 0.490134
vt 0.850133 0.504366
vt 0.845964 0.540822
vt 0.794427 0.536578
vt 0.743203 0.532584
vt 0.696203 0.483989
vt 0.645207 0.478556
vt 0.692231 0.528804
vt 0.641479 0.525322
vt 0.594318 0.473904
vt 0.543539 0.469996
vt 0.590916 0.522221
vt 0.540538 0.519409
vt 0.492871 0.466799
vt 0.442219 0.464362
vt 0.490343 0.516791
vt 0.440207 0.514526
vt 1.089729 0.550367
vt 1.036952 0.537091
vt 1.144376 0.566705
vt 1.142136 0.578769
vt 1.087145 0.567378
vt 1.033836 0.559107
vt 0.993131 0.527936
vt 0.950651 0.520516
vt 0.989629 0.553821
vt 0.946862 0.549808
vt 0.901896 0.512444
vt 0.897875 0.545354
vt 0.988242 0.579857
vt 0.945310 0.579235
vt 1.032570 0.581265
vt 1.033489 0.604462
vt 0.989531 0.607390
vt 0.946731 0.610690
vt 0.896161 0.578363
vt 0.844107 0.577340
vt 0.897596 0.614019
vt 0.845454 0.617180
vt 0.792461 0.576262
vt 0.741155 0.575042
vt 0.793630 0.619974
vt 0.742053 0.622174
vt 0.690123 0.573592
vt 0.639339 0.571998
vt 0.690652 0.623553
vt 0.639417 0.624215
vt 0.588780 0.570347
vt 0.538432 0.568551
vt 0.588341 0.624264
vt 0.537421 0.623664
vt 0.488281 0.566521
vt 0.438204 0.564444
vt 0.486657 0.622375
vt 0.435956 0.620542
vt 1.085908 0.584495
vt 1.140649 0.590965
vt 1.139833 0.603523
vt 1.086100 0.602248
vt 0.618502 0.400041
vt 0.565283 0.394689
vt 0.565521 0.392263
vt 0.618808 0.397686
vt 0.671834 0.404457
vt 0.671468 0.406729
vt 0.670288 0.415880
vt 0.617497 0.409544
vt 0.564486 0.404465
vt 0.511857 0.390761
vt 0.458277 0.388340
vt 0.458353 0.385846
vt 0.512016 0.388286
vt 0.511298 0.400714
vt 0.457973 0.398363
vt 1.105884 0.513013
vt 1.061241 0.494699
vt 1.061904 0.492802
vt 1.106650 0.511170
vt 1.147078 0.532640
vt 1.146079 0.534300
vt 1.144388 0.537283
vt 1.104500 0.516880
vt 1.059938 0.499355
vt 1.021084 0.481243
vt 0.979819 0.469781
vt 0.980461 0.467771
vt 1.021721 0.479296
vt 1.019715 0.486564
vt 0.978336 0.475727
vt 0.931853 0.457446
vt 0.880380 0.445189
vt 0.880971 0.443021
vt 0.932479 0.455346
vt 0.930307 0.464063
vt 0.878825 0.452447
vt 0.828599 0.433957
vt 0.776516 0.423777
vt 0.776983 0.421626
vt 0.829131 0.431794
vt 0.827088 0.441754
vt 0.775089 0.432051
vt 0.724140 0.414671
vt 0.724555 0.412475
vt 0.722821 0.423404
vt 0.926925 0.479714
vt 0.875342 0.469888
vt 0.975171 0.489546
vt 0.971548 0.507272
vt 0.923039 0.499818
vt 0.871319 0.492327
vt 0.823619 0.460819
vt 0.771741 0.452572
vt 0.819588 0.485392
vt 0.767830 0.479056
vt 0.719695 0.445212
vt 0.667480 0.438787
vt 0.716026 0.473363
vt 0.664167 0.468344
vt 0.615094 0.433344
vt 0.562570 0.428939
vt 0.612241 0.464032
vt 0.560271 0.460470
vt 0.509940 0.425627
vt 0.457213 0.423445
vt 0.508277 0.457700
vt 0.456235 0.455725
vt 1.101882 0.524795
vt 1.057356 0.509528
vt 1.141312 0.542913
vt 1.137565 0.549926
vt 1.098769 0.534808
vt 1.054367 0.522529
vt 1.016883 0.498631
vt 1.013642 0.514096
vt 0.506806 0.489136
vt 0.455278 0.487338
vt 0.558324 0.491419
vt 0.556775 0.526984
vt 0.505471 0.525207
vt 0.454181 0.523579
vt 1.095902 0.544966
vt 1.051847 0.535664
vt 1.133858 0.557055
vt 1.129479 0.565171
vt 1.093097 0.556709
vt 1.050054 0.551006
vt 1.011045 0.529610
vt 0.968691 0.524941
vt 1.009485 0.547715
vt 0.966983 0.545488
vt 0.919985 0.519794
vt 0.868145 0.514582
vt 0.918140 0.542978
vt 0.866197 0.540373
vt 0.816394 0.509716
vt 0.764712 0.505221
vt 0.814394 0.537861
vt 0.762710 0.535451
vt 0.713078 0.501123
vt 0.661475 0.497442
vt 0.711123 0.533152
vt 0.659613 0.530969
vt 0.609885 0.494198
vt 0.608160 0.528909
vt 0.710435 0.574107
vt 0.658794 0.573811
vt 0.762145 0.574133
vt 0.763312 0.615559
vt 0.711311 0.618099
vt 0.659303 0.619941
vt 0.607202 0.573233
vt 0.555672 0.572362
vt 0.607275 0.621050
vt 0.555253 0.621389
vt 0.504220 0.571186
vt 0.452785 0.569744
vt 0.503263 0.620923
vt 0.451275 0.619702
vt 1.090167 0.571471
vt 1.049247 0.570626
vt 1.123712 0.575143
vt 1.113862 0.584046
vt 1.089156 0.586589
vt 1.049946 0.590847
vt 1.009358 0.570955
vt 0.966804 0.571849
vt 1.010720 0.595102
vt 0.968275 0.599474
vt 0.917886 0.572705
vt 0.865850 0.573421
vt 0.919405 0.604084
vt 0.867342 0.608515
vt 0.813943 0.573901
vt 0.815317 0.612352
vt 1.152142 0.595266
vt 1.163645 0.591426
vt 1.164535 0.592981
vt 1.152946 0.596850
vt 1.132689 0.603415
vt 1.131993 0.601797
vt 1.129711 0.598266
vt 1.149072 0.591481
vt 1.159805 0.586977
vt 1.172091 0.588582
vt 1.178888 0.586272
vt 1.179841 0.587805
vt 1.173037 0.590117
vt 1.167686 0.583536
vt 1.174058 0.580656
vt 1.185447 0.584034
vt 1.190757 0.582218
vt 1.191575 0.583794
vt 1.186336 0.585587
vt 1.180264 0.577841
vt 1.185305 0.575552
vt 1.193811 0.581172
vt 1.195737 0.580511
vt 1.196545 0.582090
vt 1.194611 0.582754
vt 1.188181 0.574256
vt 1.189974 0.573456
vt 1.236279 0.616272
vt 1.239408 0.610461
vt 1.241039 0.611233
vt 1.237942 0.616988
vt 1.234679 0.623032
vt 1.232980 0.622382
vt 1.220676 0.619227
vt 1.223675 0.612370
vt 1.226587 0.605814
vt 1.242240 0.605183
vt 1.244730 0.600533
vt 1.246337 0.601350
vt 1.243856 0.605985
vt 1.229324 0.599747
vt 1.231764 0.594398
vt 1.246831 0.596605
vt 1.248491 0.593499
vt 1.250082 0.594342
vt 1.248429 0.597438
vt 1.233789 0.589992
vt 1.235381 0.586609
vt 1.013628 0.615929
vt 0.971516 0.623810
vt 1.052673 0.607990
vt 1.055597 0.620115
vt 1.016493 0.630731
vt 0.974706 0.641257
vt 1.092104 0.599398
vt 1.124258 0.590912
vt 1.095945 0.608552
vt 0.502812 0.668268
vt 0.449837 0.667324
vt 0.555755 0.667904
vt 0.556487 0.702295
vt 0.502661 0.703327
vt 0.448772 0.702612
vt 0.608644 0.666241
vt 0.661426 0.663335
vt 0.663656 0.695298
vt 0.610178 0.699596
vt 0.714048 0.659241
vt 0.766505 0.654020
vt 0.769712 0.682193
vt 0.716842 0.689470
vt 0.818790 0.647731
vt 0.870913 0.640444
vt 0.874444 0.663637
vt 0.822246 0.673550
vt 0.922883 0.632226
vt 0.926310 0.652549
vt 1.197859 0.571817
vt 1.199232 0.567625
vt 1.196078 0.577628
vt 1.193805 0.585043
vt 1.191390 0.593415
vt 1.189185 0.602096
vt 1.187159 0.611062
vt 1.172891 0.556673
vt 1.174304 0.555451
vt 1.170586 0.558707
vt 1.166496 0.562364
vt 1.161472 0.566875
vt 1.156364 0.571469
vt 1.150066 0.576744
vt 1.141471 0.583293
vt 0.610169 0.342256
vt 0.556351 0.334284
vt 0.556587 0.332347
vt 0.610479 0.340332
vt 0.663939 0.350448
vt 0.663557 0.352356
vt 0.502200 0.328529
vt 0.447807 0.325114
vt 0.447885 0.323162
vt 0.502358 0.326583
vt 1.099461 0.512530
vt 1.050421 0.487937
vt 1.051246 0.486168
vt 1.100303 0.510766
vt 1.152036 0.537470
vt 1.151180 0.539229
vt 1.009356 0.468420
vt 0.968993 0.450672
vt 0.969738 0.448874
vt 1.010146 0.466638
vt 0.922061 0.431388
vt 0.871544 0.412139
vt 0.872183 0.410305
vt 0.922755 0.429573
vt 0.820431 0.394496
vt 0.768723 0.378576
vt 0.769239 0.376704
vt 0.821011 0.392643
vt 0.716420 0.364496
vt 0.716871 0.362605
vt 1.249658 0.591311
vt 1.250578 0.589583
vt 1.252166 0.590429
vt 1.251246 0.592158
vt 1.236519 0.584326
vt 1.237430 0.582593
vt 1.200279 0.565063
vt 1.201164 0.563317
vt 0.590028 0.689955
vt 0.537709 0.690990
vt 0.642341 0.687599
vt 0.645653 0.739829
vt 0.592126 0.744159
vt 0.538430 0.746600
vt 0.485443 0.690740
vt 0.433202 0.689246
vt 0.484684 0.747248
vt 0.430926 0.746046
vt 1.087799 0.621168
vt 1.036931 0.629592
vt 1.139604 0.616673
vt 1.139727 0.627181
vt 1.089772 0.636218
vt 1.040604 0.649588
vt 0.994059 0.637764
vt 0.951863 0.646062
vt 0.998811 0.662043
vt 0.957234 0.674510
vt 0.903024 0.654866
vt 0.850897 0.663605
vt 0.908716 0.687918
vt 0.856631 0.701378
vt 0.798836 0.671707
vt 0.746761 0.678643
vt 0.804355 0.713997
vt 0.751803 0.724976
vt 0.694590 0.683884
vt 0.698891 0.733510
vt 1.229635 0.628559
vt 1.231365 0.629152
vt 1.228643 0.634171
vt 1.226892 0.633615
vt 1.215265 0.631865
vt 1.217683 0.626196
vt 1.185285 0.620291
vt 1.183884 0.627725
vt 0.927680 0.660473
vt 0.875821 0.672525
vt 0.976021 0.648216
vt 0.976400 0.649931
vt 0.928020 0.662198
vt 0.876121 0.674260
vt 0.823569 0.683320
vt 0.770925 0.692755
vt 0.823827 0.685066
vt 0.771140 0.694511
vt 0.717887 0.700723
vt 0.664485 0.707135
vt 0.718060 0.702489
vt 0.664614 0.708910
vt 0.610746 0.711902
vt 0.556757 0.714951
vt 0.610831 0.713684
vt 0.556797 0.716738
vt 0.502607 0.716208
vt 0.448381 0.715569
vt 0.502600 0.717999
vt 0.448327 0.717361
vt 1.097608 0.612709
vt 1.056885 0.625283
vt 1.098183 0.614366
vt 1.057355 0.626973
vt 1.017723 0.636803
vt 1.018137 0.638508
vt 0.592921 0.763618
vt 0.538718 0.766564
vt 0.646896 0.758584
vt 0.647105 0.760602
vt 0.593063 0.765703
vt 0.538789 0.768706
vt 0.484427 0.767533
vt 0.430109 0.766434
vt 0.484420 0.769707
vt 0.430022 0.768616
vt 1.090784 0.642366
vt 1.042217 0.657382
vt 1.139971 0.631816
vt 1.140275 0.633514
vt 1.091316 0.644062
vt 1.042801 0.659074
vt 1.000774 0.671290
vt 0.959374 0.685193
vt 1.001342 0.673022
vt 0.959899 0.686993
vt 0.910942 0.700191
vt 0.858847 0.715261
vt 0.911435 0.702073
vt 0.859304 0.717201
vt 0.806461 0.729382
vt 0.753707 0.741698
vt 0.806861 0.731314
vt 0.754040 0.743616
vt 0.700505 0.751355
vt 0.700776 0.753309
vt 1.225398 0.636362
vt 1.227154 0.636910
vt 1.226282 0.638511
vt 1.224529 0.637954
vt 1.213287 0.636426
vt 1.213990 0.634823
vt 1.183277 0.631305
vt 1.183067 0.632957
vt 0.616336 0.391692
vt 0.620220 0.360465
vt 0.566244 0.353661
vt 0.563335 0.386015
vt 0.559830 0.430329
vt 0.611702 0.434591
vt 0.663517 0.440144
vt 0.669085 0.399127
vt 0.673774 0.369375
vt 0.510140 0.382192
vt 0.511939 0.349073
vt 0.457422 0.346832
vt 0.456807 0.380254
vt 0.455969 0.425817
vt 0.507926 0.427414
vt 1.109820 0.524811
vt 1.112002 0.517184
vt 1.062576 0.494013
vt 1.059292 0.504009
vt 1.055235 0.519029
vt 1.107030 0.536204
vt 1.160889 0.556253
vt 1.162693 0.548126
vt 1.164028 0.542524
vt 1.017100 0.488254
vt 1.021204 0.475822
vt 0.980568 0.459419
vt 0.975826 0.474449
vt 0.970099 0.496324
vt 1.012101 0.506678
vt 0.928054 0.459499
vt 0.933352 0.441611
vt 0.882566 0.423865
vt 0.876885 0.444628
vt 0.870113 0.474040
vt 0.921703 0.485141
vt 0.825418 0.431063
vt 0.831219 0.407646
vt 0.779303 0.393078
vt 0.773636 0.418898
vt 0.766918 0.454881
vt 0.818528 0.463935
vt 0.721521 0.408224
vt 0.726812 0.380284
vt 0.715251 0.446928
vt 0.813033 0.501369
vt 0.761620 0.495252
vt 0.758088 0.537793
vt 0.809364 0.541074
vt 0.860912 0.544636
vt 0.864612 0.508158
vt 0.710328 0.489822
vt 0.659132 0.485154
vt 0.656150 0.532082
vt 0.707025 0.534764
vt 0.608011 0.481325
vt 0.556969 0.478310
vt 0.554884 0.527946
vt 0.605437 0.529840
vt 0.506014 0.476085
vt 0.455071 0.474703
vt 0.454145 0.525092
vt 0.504490 0.526308
vt 1.104065 0.551284
vt 1.051365 0.538644
vt 1.048514 0.560616
vt 1.101686 0.568253
vt 1.156550 0.578974
vt 1.158642 0.566942
vt 1.007601 0.530010
vt 0.965153 0.523093
vt 0.961720 0.552359
vt 1.004410 0.555856
vt 0.916404 0.515604
vt 0.912793 0.548508
vt 1.003338 0.581825
vt 0.960533 0.581726
vt 0.962348 0.613066
vt 1.004959 0.609245
vt 1.048705 0.605802
vt 1.047512 0.582707
vt 0.911502 0.581474
vt 0.859543 0.581130
vt 0.861437 0.620873
vt 0.913404 0.617020
vt 0.807953 0.580760
vt 0.756667 0.580281
vt 0.758287 0.627355
vt 0.809755 0.624391
vt 0.705618 0.579614
vt 0.654788 0.578850
vt 0.655764 0.631062
vt 0.706958 0.629542
vt 0.604156 0.578083
vt 0.553710 0.577225
vt 0.553765 0.632379
vt 0.604700 0.632019
vt 0.503438 0.576188
vt 0.453227 0.575163
vt 0.452198 0.631341
vt 0.502959 0.632103
vt 1.100653 0.585313
vt 1.101053 0.602987
vt 1.154545 0.603637
vt 1.155211 0.591129
vt 0.676014 0.708492
vt 0.676178 0.710861
vt 0.622656 0.713048
vt 0.622566 0.710611
vt 0.622362 0.700804
vt 0.675587 0.698945
vt 0.728670 0.695817
vt 0.729294 0.705023
vt 0.729522 0.707314
vt 0.568998 0.711297
vt 0.569007 0.713776
vt 0.515295 0.712962
vt 0.515370 0.710469
vt 0.515674 0.700446
vt 0.569043 0.701327
vt 1.169485 0.625226
vt 1.170138 0.627113
vt 1.124336 0.642744
vt 1.123789 0.640810
vt 1.122770 0.636081
vt 1.168338 0.621280
vt 1.209414 0.603320
vt 1.210922 0.606403
vt 1.211819 0.608121
vt 1.082870 0.651812
vt 1.083389 0.653796
vt 1.041489 0.662803
vt 1.040970 0.660757
vt 1.039849 0.654729
vt 1.081826 0.646416
vt 0.992327 0.670165
vt 0.992825 0.672300
vt 0.940650 0.681485
vt 0.940191 0.679285
vt 0.939078 0.671943
vt 0.991185 0.663465
vt 0.887812 0.687360
vt 0.888211 0.689552
vt 0.835533 0.696544
vt 0.835197 0.694369
vt 0.834274 0.686022
vt 0.886775 0.679484
vt 0.782357 0.700286
vt 0.782638 0.702503
vt 0.781569 0.691488
vt 0.988756 0.647633
vt 0.936657 0.654319
vt 0.933999 0.631671
vt 0.986094 0.627324
vt 1.034982 0.622818
vt 1.037526 0.640738
vt 0.884466 0.660240
vt 0.832174 0.665332
vt 0.829873 0.638654
vt 0.881930 0.635462
vt 0.779769 0.669527
vt 0.727253 0.672779
vt 0.725736 0.643073
vt 0.777810 0.641202
vt 0.674629 0.675041
vt 0.621932 0.676258
vt 0.621545 0.644644
vt 0.673639 0.644234
vt 0.569195 0.676378
vt 0.516433 0.675364
vt 0.517411 0.643085
vt 0.569477 0.644263
vt 1.166202 0.613216
vt 1.120808 0.625764
vt 1.118611 0.612600
vt 1.163700 0.603027
vt 1.203365 0.590279
vt 1.206683 0.597510
vt 1.079729 0.634194
vt 1.077430 0.618554
vt 0.569911 0.612795
vt 0.518368 0.611472
vt 0.519466 0.575230
vt 0.570760 0.576708
vt 0.622080 0.578037
vt 0.621474 0.613632
vt 1.161453 0.592708
vt 1.116890 0.599329
vt 1.116028 0.583899
vt 1.159362 0.580810
vt 1.196212 0.574560
vt 1.200095 0.582932
vt 1.075776 0.602904
vt 1.033200 0.605002
vt 1.032737 0.584382
vt 1.075314 0.584730
vt 0.984253 0.607192
vt 0.932178 0.609258
vt 0.931794 0.583389
vt 0.983815 0.583932
vt 0.880214 0.610984
vt 0.828344 0.612344
vt 0.828174 0.582042
vt 0.879920 0.582763
vt 0.776547 0.613310
vt 0.724809 0.613861
vt 0.724979 0.580280
vt 0.776534 0.581216
vt 0.673113 0.613979
vt 0.673490 0.579224
vt 0.778324 0.540289
vt 0.726752 0.537462
vt 0.730049 0.491441
vt 0.781858 0.496423
vt 0.833619 0.502102
vt 0.829950 0.543389
vt 0.675214 0.534920
vt 0.623723 0.532674
vt 0.626268 0.483708
vt 0.678178 0.487190
vt 0.572292 0.530736
vt 0.520863 0.529066
vt 0.522376 0.479109
vt 0.574343 0.481032
vt 1.157329 0.565888
vt 1.116409 0.564256
vt 1.118331 0.544104
vt 1.157233 0.550728
vt 1.181756 0.554763
vt 1.191055 0.564252
vt 1.076594 0.561515
vt 1.034153 0.558047
vt 1.037293 0.530551
vt 1.079414 0.537483
vt 0.985359 0.554234
vt 0.933446 0.550372
vt 0.937058 0.515423
vt 0.988774 0.522994
vt 0.881650 0.546753
vt 0.885346 0.508447
vt 1.220671 0.545870
vt 1.221570 0.544337
vt 1.232914 0.548903
vt 1.231930 0.550403
vt 1.227825 0.554614
vt 1.217376 0.549466
vt 1.198446 0.541518
vt 1.200939 0.538129
vt 1.201733 0.536554
vt 1.240197 0.553756
vt 1.241235 0.552278
vt 1.247894 0.555001
vt 1.246849 0.556475
vt 1.241683 0.561792
vt 1.235491 0.558530
vt 1.253267 0.559108
vt 1.254250 0.557610
vt 1.259378 0.559720
vt 1.258464 0.561245
vt 1.252612 0.567574
vt 1.247714 0.564982
vt 1.261453 0.562477
vt 1.262350 0.560944
vt 1.264245 0.561727
vt 1.263339 0.563256
vt 1.257151 0.569953
vt 1.255407 0.569044
vt 1.250652 0.615206
vt 1.252314 0.615899
vt 1.255330 0.610139
vt 1.253698 0.609389
vt 1.240889 0.604913
vt 1.238066 0.611470
vt 1.235162 0.618326
vt 1.247440 0.621323
vt 1.249138 0.621950
vt 1.256456 0.604106
vt 1.258072 0.604885
vt 1.260488 0.600247
vt 1.258881 0.599451
vt 1.245910 0.593496
vt 1.243543 0.598846
vt 1.260928 0.595520
vt 1.262527 0.596332
vt 1.264138 0.593235
vt 1.262545 0.592413
vt 1.249413 0.585703
vt 1.247877 0.589090
vt 1.083578 0.516860
vt 1.042000 0.506447
vt 1.046240 0.489217
vt 1.087332 0.502252
vt 1.125744 0.515216
vt 1.122091 0.527149
vt 1.160953 0.538114
vt 1.165342 0.529203
vt 1.192555 0.548533
vt 0.576753 0.433745
vt 0.523818 0.431487
vt 0.524886 0.396199
vt 0.578721 0.398740
vt 0.632387 0.403020
vt 0.629579 0.437306
vt 0.682275 0.442160
vt 0.685821 0.408956
vt 0.738947 0.416476
vt 0.734790 0.448250
vt 0.787076 0.455515
vt 0.791691 0.425506
vt 0.844035 0.435964
vt 0.839131 0.463897
vt 0.890952 0.473334
vt 0.895962 0.447765
vt 0.947480 0.460815
vt 0.942553 0.483759
vt 0.993947 0.495105
vt 0.998598 0.475019
vt 1.211922 0.571422
vt 1.213203 0.567218
vt 1.210214 0.577224
vt 1.208036 0.584627
vt 1.205729 0.592984
vt 1.203634 0.601646
vt 1.201722 0.610591
vt 1.239063 0.585681
vt 1.240401 0.586988
vt 1.236884 0.583509
vt 1.233020 0.579607
vt 1.228274 0.574797
vt 1.223449 0.569898
vt 1.217476 0.564248
vt 1.209287 0.557185
vt 0.621660 0.348749
vt 0.621877 0.346788
vt 0.567479 0.339589
vt 0.567320 0.341561
vt 0.675519 0.358160
vt 0.675793 0.356213
vt 0.512605 0.336713
vt 0.512703 0.334731
vt 0.457688 0.332383
vt 0.457651 0.334368
vt 1.113143 0.513404
vt 1.113764 0.511548
vt 1.064807 0.487646
vt 1.064125 0.489467
vt 1.164869 0.539407
vt 1.165462 0.537534
vt 1.023017 0.470464
vt 1.023685 0.468643
vt 0.983175 0.451343
vt 0.982559 0.453182
vt 0.935491 0.434410
vt 0.936051 0.432551
vt 0.885297 0.413815
vt 0.884795 0.415692
vt 0.833449 0.398576
vt 0.833894 0.396680
vt 0.781838 0.381281
vt 0.781450 0.383195
vt 0.728795 0.369683
vt 0.729125 0.367752
vt 1.263681 0.590228
vt 1.265272 0.591054
vt 1.266168 0.589331
vt 1.264577 0.588504
vt 1.251340 0.581662
vt 1.250491 0.583409
vt 1.214103 0.564605
vt 1.214811 0.562789
vt 0.607603 0.697613
vt 0.555370 0.699639
vt 0.557183 0.755158
vt 0.610711 0.751699
vt 0.664031 0.746408
vt 0.659798 0.694320
vt 0.503157 0.700436
vt 0.450941 0.700048
vt 0.449903 0.756822
vt 0.503569 0.756884
vt 1.102970 0.621801
vt 1.052438 0.630787
vt 1.056341 0.650653
vt 1.105114 0.636760
vt 1.154716 0.627181
vt 1.154470 0.616725
vt 1.009850 0.639446
vt 0.967922 0.648250
vt 0.973648 0.676526
vt 1.014891 0.663570
vt 0.919369 0.657669
vt 0.867526 0.667099
vt 0.873787 0.704681
vt 0.925496 0.690537
vt 0.815725 0.675934
vt 0.763878 0.683650
vt 0.769652 0.729807
vt 0.821872 0.718038
vt 0.711896 0.689722
vt 0.717025 0.739187
vt 1.244184 0.627507
vt 1.245912 0.628077
vt 1.232265 0.625294
vt 1.229925 0.630962
vt 1.241513 0.632568
vt 1.243261 0.633101
vt 1.199965 0.619795
vt 1.198656 0.627207
vt 1.000444 0.467189
vt 0.949392 0.452024
vt 0.949796 0.450310
vt 1.000888 0.465488
vt 1.048456 0.480658
vt 1.047974 0.482348
vt 0.897874 0.438090
vt 0.845884 0.425492
vt 0.846205 0.423752
vt 0.898237 0.436363
vt 0.793415 0.414335
vt 0.740489 0.404709
vt 0.740725 0.402945
vt 0.793693 0.412582
vt 0.687131 0.396706
vt 0.633421 0.390403
vt 0.633569 0.388621
vt 0.687323 0.394932
vt 0.579444 0.385879
vt 0.525279 0.383242
vt 0.525333 0.381450
vt 0.579546 0.384091
vt 1.167254 0.525152
vt 1.127342 0.510132
vt 1.127914 0.508474
vt 1.167929 0.523532
vt 1.088928 0.496263
vt 1.089444 0.494585
vt 0.611867 0.771112
vt 0.557863 0.775088
vt 0.557976 0.777222
vt 0.612048 0.773189
vt 0.665849 0.767117
vt 0.665605 0.765109
vt 0.503731 0.777145
vt 0.449530 0.777198
vt 0.449490 0.779376
vt 0.503769 0.779314
vt 1.106195 0.642867
vt 1.058043 0.658393
vt 1.058645 0.660070
vt 1.106745 0.644548
vt 1.155336 0.633476
vt 1.155014 0.631790
vt 1.016963 0.672756
vt 0.975921 0.687142
vt 0.976467 0.688928
vt 1.017551 0.674473
vt 0.927883 0.702738
vt 0.876196 0.718492
vt 0.876680 0.720418
vt 0.928401 0.704606
vt 0.824207 0.733352
vt 0.771819 0.746463
vt 0.772183 0.748369
vt 0.824635 0.735271
vt 0.718937 0.756971
vt 0.719241 0.758914
vt 1.240059 0.635318
vt 1.241812 0.635843
vt 1.228691 0.633919
vt 1.228011 0.635522
vt 1.239213 0.636912
vt 1.240963 0.637446
vt 1.198094 0.630776
vt 1.197905 0.632422
vt 0.608006 0.391865
vt 0.611687 0.360801
vt 0.558062 0.354430
vt 0.555316 0.386570
vt 0.552040 0.430628
vt 0.603661 0.434570
vt 0.655289 0.439722
vt 0.660526 0.398833
vt 0.664985 0.369191
vt 0.502507 0.383020
vt 0.504198 0.350162
vt 0.450169 0.348090
vt 0.449599 0.381228
vt 0.448822 0.426458
vt 0.500442 0.427935
vt 1.102753 0.519569
vt 1.104901 0.511908
vt 1.054967 0.489248
vt 1.051765 0.499307
vt 1.047874 0.514426
vt 1.100089 0.531041
vt 1.154431 0.550533
vt 1.156147 0.542347
vt 1.157482 0.536730
vt 1.009237 0.484017
vt 1.013227 0.471505
vt 0.972297 0.455567
vt 0.967698 0.470684
vt 0.962215 0.492680
vt 1.004444 0.502556
vt 0.919672 0.456296
vt 0.924795 0.438327
vt 0.873772 0.421205
vt 0.868295 0.442033
vt 0.861846 0.471532
vt 0.913606 0.482049
vt 0.816703 0.429078
vt 0.822277 0.405626
vt 0.770310 0.391695
vt 0.764883 0.417509
vt 0.758525 0.453490
vt 0.810162 0.461999
vt 0.712821 0.407405
vt 0.717869 0.379520
vt 0.706906 0.446047
vt 0.805043 0.499468
vt 0.753608 0.493852
vt 0.750452 0.536384
vt 0.801753 0.539203
vt 0.853372 0.542264
vt 0.856704 0.505723
vt 0.702350 0.488880
vt 0.651244 0.484618
vt 0.648589 0.531456
vt 0.699407 0.533773
vt 0.600263 0.481133
vt 0.549407 0.478390
vt 0.547541 0.527858
vt 0.597969 0.529515
vt 0.498680 0.476355
vt 0.447986 0.475080
vt 0.447124 0.525276
vt 0.497300 0.526392
vt 1.097289 0.546217
vt 1.044221 0.534154
vt 1.041612 0.556236
vt 1.095096 0.563282
vt 1.150335 0.573411
vt 1.152298 0.561298
vt 1.000202 0.526007
vt 0.957564 0.519564
vt 0.954448 0.548934
vt 0.997295 0.551965
vt 0.908638 0.512612
vt 0.905372 0.545604
vt 0.996505 0.578026
vt 0.953571 0.578389
vt 0.955713 0.609802
vt 0.998425 0.605522
vt 1.042304 0.601587
vt 1.040854 0.578418
vt 0.904415 0.578644
vt 0.852352 0.578814
vt 0.854612 0.618613
vt 0.906668 0.614257
vt 0.800696 0.578921
vt 0.749377 0.578877
vt 0.751356 0.625975
vt 0.802867 0.622594
vt 0.698326 0.578598
vt 0.647520 0.578169
vt 0.648795 0.630369
vt 0.700001 0.628532
vt 0.596937 0.577677
vt 0.546561 0.577035
vt 0.546814 0.632156
vt 0.597734 0.631589
vt 0.496378 0.576156
vt 0.446267 0.575227
vt 0.445305 0.631362
vt 0.496035 0.632032
vt 1.094252 0.580424
vt 1.094851 0.598168
vt 1.148600 0.598213
vt 1.149128 0.585638
vt 0.684562 0.712281
vt 0.684729 0.714653
vt 0.631144 0.716905
vt 0.631052 0.714465
vt 0.630841 0.704651
vt 0.684119 0.702726
vt 0.737258 0.699491
vt 0.737904 0.708705
vt 0.738137 0.710998
vt 0.577424 0.715173
vt 0.577433 0.717655
vt 0.523659 0.716816
vt 0.523737 0.714320
vt 0.524050 0.704289
vt 0.577469 0.705195
vt 1.178549 0.626577
vt 1.179216 0.628464
vt 1.133407 0.644441
vt 1.132846 0.642505
vt 1.131794 0.637772
vt 1.177372 0.622630
vt 1.218422 0.604348
vt 1.219955 0.607427
vt 1.220866 0.609143
vt 1.091900 0.653799
vt 1.092432 0.655784
vt 1.050487 0.665067
vt 1.049954 0.663020
vt 1.048796 0.656986
vt 1.090819 0.648397
vt 1.001256 0.672727
vt 1.001768 0.674864
vt 0.949529 0.684343
vt 0.949058 0.682140
vt 0.947907 0.674791
vt 1.000075 0.666020
vt 0.896615 0.690478
vt 0.897025 0.692672
vt 0.844280 0.699890
vt 0.843935 0.697712
vt 0.842979 0.689357
vt 0.895542 0.682594
vt 0.791030 0.703818
vt 0.791319 0.706038
vt 0.790214 0.695012
vt 0.997555 0.650170
vt 0.945394 0.657148
vt 0.942618 0.634478
vt 0.994776 0.629839
vt 1.043729 0.625038
vt 1.046385 0.642980
vt 0.893145 0.663331
vt 0.840799 0.668648
vt 0.838393 0.641949
vt 0.890495 0.638530
vt 0.788345 0.673032
vt 0.735786 0.676434
vt 0.734195 0.646710
vt 0.786296 0.644688
vt 0.683123 0.678804
vt 0.630391 0.680087
vt 0.629978 0.648458
vt 0.682082 0.647981
vt 0.577623 0.680228
vt 0.524833 0.679188
vt 0.525841 0.646895
vt 0.577907 0.648097
vt 1.175178 0.614561
vt 1.129760 0.627444
vt 1.127473 0.614265
vt 1.172602 0.604367
vt 1.212272 0.591319
vt 1.215646 0.598544
vt 1.088641 0.636161
vt 1.086239 0.620501
vt 0.578341 0.616631
vt 0.526827 0.615284
vt 0.527958 0.579079
vt 0.579187 0.580580
vt 0.630448 0.581883
vt 0.629880 0.617448
vt 1.170281 0.594039
vt 1.125662 0.600976
vt 1.124695 0.585519
vt 1.168105 0.582129
vt 1.204997 0.575615
vt 1.208945 0.583979
vt 1.084482 0.604830
vt 1.041836 0.607199
vt 1.041244 0.586547
vt 1.083901 0.586623
vt 0.992819 0.609685
vt 0.940679 0.612044
vt 0.940155 0.586151
vt 0.992243 0.586396
vt 0.888665 0.614034
vt 0.836759 0.615624
vt 0.836461 0.585315
vt 0.888234 0.585796
vt 0.784941 0.616785
vt 0.733195 0.617493
vt 0.733272 0.583924
vt 0.784814 0.584694
vt 0.681503 0.617724
vt 0.681813 0.582992
vt 0.786449 0.543784
vt 0.734915 0.541143
vt 0.738061 0.495182
vt 0.789806 0.499949
vt 0.841540 0.505378
vt 0.838064 0.546661
vt 0.683440 0.538743
vt 0.632035 0.536591
vt 0.634511 0.487736
vt 0.686289 0.491101
vt 0.580709 0.534692
vt 0.529397 0.533003
vt 0.530955 0.483186
vt 0.582746 0.485118
vt 1.165966 0.567190
vt 1.124944 0.565833
vt 1.126731 0.545627
vt 1.165766 0.551997
vt 1.190373 0.555872
vt 1.199758 0.565319
vt 1.085029 0.563357
vt 1.042493 0.560163
vt 1.045457 0.532607
vt 1.087692 0.539263
vt 0.993609 0.556655
vt 0.941623 0.553101
vt 0.945035 0.518113
vt 0.996834 0.525362
vt 0.889782 0.549768
vt 0.893277 0.511442
vt 1.229144 0.546519
vt 1.229862 0.544801
vt 1.241130 0.549249
vt 1.240391 0.550961
vt 1.236484 0.555360
vt 1.225995 0.550277
vt 1.206990 0.542447
vt 1.209395 0.538926
vt 1.210086 0.537198
vt 1.248653 0.554247
vt 1.249404 0.552541
vt 1.256086 0.555222
vt 1.255332 0.556925
vt 1.250404 0.562454
vt 1.244179 0.559228
vt 1.261831 0.559541
vt 1.262577 0.557835
vt 1.267846 0.559960
vt 1.267110 0.561669
vt 1.261418 0.568183
vt 1.256480 0.565614
vt 1.270127 0.562888
vt 1.270860 0.561177
vt 1.272748 0.561940
vt 1.272014 0.563650
vt 1.265983 0.570534
vt 1.264232 0.569637
vt 1.245348 0.608917
vt 1.247057 0.609759
vt 1.250073 0.603836
vt 1.248368 0.602986
vt 1.235402 0.598546
vt 1.232634 0.605180
vt 1.229786 0.612118
vt 1.242161 0.615159
vt 1.243874 0.615993
vt 1.251094 0.597618
vt 1.252797 0.598472
vt 1.255188 0.593752
vt 1.253486 0.592897
vt 1.240323 0.587004
vt 1.238003 0.592412
vt 1.255504 0.588908
vt 1.257205 0.589765
vt 1.258799 0.586611
vt 1.257099 0.585754
vt 1.243765 0.579127
vt 1.242250 0.582549
vt 1.091722 0.518572
vt 1.050011 0.508435
vt 1.054161 0.491132
vt 1.095404 0.503890
vt 1.133975 0.516603
vt 1.130382 0.528609
vt 1.169407 0.539328
vt 1.173743 0.530339
vt 1.201155 0.549555
vt 0.585137 0.438010
vt 0.532438 0.435755
vt 0.533538 0.400608
vt 0.587092 0.403135
vt 0.640503 0.407305
vt 0.637747 0.441485
vt 0.690265 0.446187
vt 0.693729 0.413059
vt 0.746698 0.420340
vt 0.742647 0.452068
vt 0.794846 0.459083
vt 0.799341 0.429088
vt 0.851639 0.439232
vt 0.846860 0.467179
vt 0.898688 0.476306
vt 0.903574 0.450699
vt 0.955153 0.463404
vt 0.950342 0.486404
vt 1.001833 0.497413
vt 1.006380 0.477259
vt 1.205888 0.565185
vt 1.207165 0.560961
vt 1.204240 0.571035
vt 1.202137 0.578501
vt 1.199914 0.586926
vt 1.197908 0.595655
vt 1.196089 0.604666
vt 1.248012 0.586465
vt 1.249361 0.587765
vt 1.245813 0.584304
vt 1.241916 0.580421
vt 1.237128 0.575633
vt 1.232261 0.570756
vt 1.226238 0.565135
vt 1.217984 0.558112
vt 0.613091 0.349158
vt 0.613357 0.347227
vt 0.559296 0.340480
vt 0.559105 0.342422
vt 0.666696 0.358032
vt 0.667035 0.356115
vt 0.504837 0.337910
vt 0.504950 0.335961
vt 0.450415 0.333790
vt 0.450381 0.335742
vt 1.106151 0.508165
vt 1.106952 0.506382
vt 1.057343 0.482916
vt 1.056558 0.484704
vt 1.158471 0.533672
vt 1.159287 0.531893
vt 1.015056 0.466134
vt 1.015806 0.464336
vt 0.975002 0.447504
vt 0.974299 0.449319
vt 0.926938 0.431117
vt 0.927590 0.429286
vt 0.876592 0.411183
vt 0.875995 0.413031
vt 0.824493 0.396565
vt 0.825030 0.394699
vt 0.772908 0.379951
vt 0.772434 0.381835
vt 0.719823 0.368957
vt 0.720230 0.367056
vt 1.258218 0.583536
vt 1.259918 0.584394
vt 1.260800 0.582644
vt 1.259100 0.581787
vt 1.245725 0.575064
vt 1.244852 0.576818
vt 1.208154 0.558376
vt 1.208999 0.556610
vt 0.600927 0.697223
vt 0.548646 0.699457
vt 0.550642 0.755036
vt 0.604268 0.751365
vt 0.657680 0.745808
vt 0.653172 0.693668
vt 0.496388 0.700406
vt 0.444128 0.700110
vt 0.443155 0.756947
vt 0.496925 0.756916
vt 1.096983 0.617044
vt 1.046321 0.626632
vt 1.050452 0.646538
vt 1.099299 0.632045
vt 1.149035 0.621867
vt 1.148671 0.611364
vt 1.003648 0.635784
vt 0.961654 0.645047
vt 0.967676 0.673364
vt 1.008955 0.659947
vt 0.913030 0.654968
vt 0.861118 0.664900
vt 0.867716 0.702530
vt 0.919478 0.687881
vt 0.809258 0.674193
vt 0.757357 0.682320
vt 0.763460 0.728525
vt 0.815744 0.716345
vt 0.705321 0.688756
vt 0.710758 0.738270
vt 1.238932 0.621462
vt 1.240650 0.622289
vt 1.226947 0.619167
vt 1.224655 0.624898
vt 1.236288 0.626613
vt 1.238008 0.627436
vt 1.194426 0.613936
vt 1.193196 0.621400
vt 0.605508 0.770799
vt 0.551388 0.774988
vt 0.551508 0.777127
vt 0.605699 0.772880
vt 0.659608 0.766542
vt 0.659353 0.764529
vt 0.497133 0.777202
vt 0.442805 0.777348
vt 0.442768 0.779532
vt 0.497176 0.779375
vt 1.100452 0.638168
vt 1.052243 0.654292
vt 1.052866 0.655971
vt 1.101023 0.639852
vt 1.149728 0.628186
vt 1.149385 0.626495
vt 1.011129 0.669147
vt 0.970060 0.683995
vt 0.970626 0.685783
vt 1.011737 0.670866
vt 0.921984 0.700099
vt 0.870249 0.716359
vt 0.870751 0.718287
vt 0.922521 0.701969
vt 0.818203 0.731677
vt 0.765746 0.745199
vt 0.766124 0.747108
vt 0.818647 0.733599
vt 0.712781 0.756073
vt 0.713097 0.758020
vt 1.234854 0.629401
vt 1.236575 0.630224
vt 1.223447 0.627887
vt 1.222782 0.629504
vt 1.234024 0.631006
vt 1.235745 0.631833
vt 1.192671 0.624993
vt 1.192499 0.626650
vt 0.578975 0.388901
vt 0.526102 0.382135
vt 0.529677 0.349848
vt 0.583501 0.357761
vt 0.636860 0.367772
vt 0.631560 0.397421
vt 0.625148 0.438315
vt 0.573458 0.431697
vt 0.521685 0.426367
vt 0.472997 0.377218
vt 0.419715 0.374183
vt 0.421018 0.340780
vt 0.475478 0.344143
vt 0.469852 0.422385
vt 0.417939 0.419718
vt 1.069641 0.532161
vt 1.019547 0.510321
vt 1.023036 0.500393
vt 1.071979 0.524580
vt 1.123480 0.550989
vt 1.122029 0.556564
vt 1.120058 0.564653
vt 1.066617 0.543496
vt 1.015181 0.525255
vt 0.977684 0.493698
vt 0.936700 0.479045
vt 0.941751 0.464114
vt 0.982044 0.481352
vt 0.972306 0.512017
vt 0.930523 0.500799
vt 0.889242 0.463113
vt 0.838386 0.447190
vt 0.844494 0.426547
vt 0.894908 0.445336
vt 0.882364 0.488620
vt 0.831010 0.476458
vt 0.787206 0.432568
vt 0.735683 0.419339
vt 0.741881 0.393640
vt 0.793488 0.409274
vt 0.779641 0.465293
vt 0.728226 0.455177
vt 0.683798 0.407595
vt 0.689662 0.379769
vt 0.676733 0.446163
vt 0.773376 0.502608
vt 0.722098 0.495433
vt 0.824807 0.510458
vt 0.820356 0.546854
vt 0.768890 0.542230
vt 0.717691 0.537893
vt 0.670927 0.488947
vt 0.619838 0.483226
vt 0.666700 0.533813
vt 0.615890 0.530083
vt 0.568805 0.478345
vt 0.517837 0.474280
vt 0.565233 0.526797
vt 0.514730 0.523862
vt 0.466938 0.471006
vt 0.416035 0.468575
vt 0.464380 0.521187
vt 0.414072 0.518934
vt 1.063341 0.558514
vt 1.010907 0.544788
vt 1.117590 0.575295
vt 1.115250 0.587283
vt 1.060612 0.575432
vt 1.007602 0.566700
vt 0.967326 0.535253
vt 0.925026 0.527462
vt 0.963602 0.561031
vt 0.920991 0.556653
vt 0.876439 0.518970
vt 0.872150 0.551795
vt 0.961994 0.586974
vt 0.919198 0.585992
vt 1.006145 0.588767
vt 1.006861 0.611884
vt 0.963050 0.614423
vt 0.920366 0.617365
vt 0.870180 0.584728
vt 0.818235 0.583314
vt 0.871348 0.620309
vt 0.819310 0.623089
vt 0.766662 0.581880
vt 0.715394 0.580344
vt 0.767564 0.625541
vt 0.716044 0.627443
vt 0.664369 0.578625
vt 0.613564 0.576814
vt 0.664680 0.628572
vt 0.613464 0.629035
vt 0.562958 0.575004
vt 0.512541 0.573107
vt 0.562391 0.628940
vt 0.511459 0.628250
vt 0.462301 0.571034
vt 0.412122 0.568976
vt 0.460670 0.626927
vt 0.409936 0.625120
vt 1.059227 0.592469
vt 1.113661 0.599410
vt 1.112736 0.611903
vt 1.059262 0.610150
vt 0.652055 0.425810
vt 0.598785 0.420295
vt 0.599029 0.417866
vt 0.652369 0.423454
vt 0.705446 0.430430
vt 0.705071 0.432704
vt 0.703852 0.441860
vt 0.651017 0.435319
vt 0.597962 0.430077
vt 0.545305 0.416246
vt 0.491669 0.413751
vt 0.491747 0.411255
vt 0.545469 0.413769
vt 0.544729 0.426207
vt 0.491356 0.423782
vt 1.139762 0.542141
vt 1.095139 0.523394
vt 1.095819 0.521497
vt 1.140546 0.540299
vt 1.180912 0.562181
vt 1.179896 0.563837
vt 1.178174 0.566815
vt 1.138342 0.546008
vt 1.093793 0.528052
vt 1.054973 0.509568
vt 1.013681 0.497750
vt 1.014340 0.495740
vt 1.055628 0.507620
vt 1.053558 0.514893
vt 1.012149 0.503701
vt 0.965679 0.485026
vt 0.914166 0.472377
vt 0.914773 0.470208
vt 0.966323 0.482925
vt 0.964083 0.491647
vt 0.912559 0.479641
vt 0.862342 0.460787
vt 0.810214 0.450284
vt 0.810693 0.448131
vt 0.862888 0.458623
vt 0.860780 0.468590
vt 0.808739 0.458563
vt 0.757790 0.440892
vt 0.758217 0.438695
vt 0.756428 0.449631
vt 0.960579 0.507310
vt 0.908951 0.497093
vt 1.008870 0.517530
vt 1.005100 0.535272
vt 0.956538 0.527430
vt 0.904768 0.519548
vt 0.857187 0.487667
vt 0.805272 0.479097
vt 0.852997 0.512255
vt 0.801207 0.505595
vt 0.753192 0.471452
vt 0.700945 0.464781
vt 0.749380 0.499615
vt 0.697505 0.494348
vt 0.648532 0.459133
vt 0.595982 0.454566
vt 0.645572 0.489831
vt 0.593599 0.486108
vt 0.543326 0.451136
vt 0.490573 0.448882
vt 0.541606 0.483221
vt 0.489565 0.481176
vt 1.135649 0.553924
vt 1.091120 0.538234
vt 1.175041 0.572435
vt 1.171223 0.579435
vt 1.132442 0.563939
vt 1.088015 0.551246
vt 1.050622 0.526971
vt 1.047247 0.542451
vt 0.540077 0.514653
vt 0.488579 0.512787
vt 0.591567 0.517052
vt 0.589917 0.552583
vt 0.538674 0.550688
vt 0.487450 0.548992
vt 1.129481 0.574102
vt 1.085379 0.564397
vt 1.167445 0.586554
vt 1.162983 0.594656
vt 1.126567 0.585854
vt 1.083450 0.579764
vt 1.044517 0.557983
vt 1.002098 0.552959
vt 1.042802 0.576119
vt 1.000220 0.573536
vt 0.953328 0.547423
vt 0.901434 0.541818
vt 0.951302 0.570633
vt 0.899297 0.567630
vt 0.849643 0.536590
vt 0.797935 0.531768
vt 0.847453 0.564748
vt 0.795748 0.562001
vt 0.746288 0.527379
vt 0.694686 0.523447
vt 0.744161 0.559400
vt 0.692670 0.556956
vt 0.643108 0.519994
vt 0.641252 0.554678
vt 0.743243 0.600334
vt 0.691643 0.599757
vt 0.794939 0.600681
vt 0.795834 0.642102
vt 0.743861 0.644295
vt 0.691917 0.645827
vt 0.640117 0.598943
vt 0.588677 0.597887
vt 0.639991 0.646672
vt 0.588102 0.646802
vt 0.537332 0.596582
vt 0.486014 0.595068
vt 0.536274 0.646187
vt 0.484462 0.644886
vt 1.123501 0.600632
vt 1.082471 0.599429
vt 1.157113 0.604605
vt 1.147157 0.613449
vt 1.122354 0.615783
vt 1.082996 0.619708
vt 1.042477 0.599412
vt 0.999822 0.599948
vt 1.043633 0.623627
vt 1.001063 0.627638
vt 0.950812 0.600402
vt 0.898702 0.600709
vt 0.952079 0.631837
vt 0.899927 0.635844
vt 0.846752 0.600803
vt 0.847851 0.639275
vt 1.185271 0.625201
vt 1.196773 0.621468
vt 1.197403 0.623223
vt 1.185880 0.626961
vt 1.165668 0.633317
vt 1.165086 0.631549
vt 1.162905 0.627885
vt 1.182362 0.621254
vt 1.193147 0.616834
vt 1.205223 0.618703
vt 1.212055 0.616446
vt 1.212702 0.618194
vt 1.205866 0.620452
vt 1.201069 0.613454
vt 1.207482 0.610621
vt 1.218705 0.614241
vt 1.224106 0.612446
vt 1.224733 0.614198
vt 1.219343 0.615991
vt 1.213742 0.607846
vt 1.218832 0.605590
vt 1.227193 0.611418
vt 1.229122 0.610775
vt 1.229748 0.612527
vt 1.227817 0.613171
vt 1.221730 0.604314
vt 1.223534 0.603528
vt 1.208627 0.625619
vt 1.211820 0.619816
vt 1.213488 0.620716
vt 1.210300 0.626512
vt 1.206937 0.632610
vt 1.205259 0.631726
vt 1.193047 0.628310
vt 1.196100 0.621499
vt 1.199065 0.614989
vt 1.214701 0.614564
vt 1.217231 0.609945
vt 1.218896 0.610851
vt 1.216368 0.615468
vt 1.201847 0.608971
vt 1.204328 0.603666
vt 1.219367 0.606043
vt 1.221054 0.602959
vt 1.222717 0.603867
vt 1.221031 0.606950
vt 1.206387 0.599297
vt 1.207995 0.595939
vt 1.046365 0.644530
vt 1.004101 0.652048
vt 1.085579 0.636922
vt 1.088417 0.649129
vt 1.049125 0.659414
vt 1.007165 0.669577
vt 1.125199 0.628655
vt 1.157524 0.620427
vt 1.128966 0.637898
vt 0.535722 0.693354
vt 0.482984 0.692317
vt 0.588448 0.693166
vt 0.589068 0.727452
vt 0.535499 0.728284
vt 0.481890 0.727465
vt 0.641159 0.691748
vt 0.693806 0.689144
vt 0.695872 0.721064
vt 0.642550 0.725028
vt 0.746342 0.685397
vt 0.798762 0.680559
vt 0.801789 0.708751
vt 0.748959 0.715615
vt 0.851061 0.674681
vt 0.903246 0.667823
vt 0.906614 0.691079
vt 0.854341 0.700544
vt 0.955327 0.660045
vt 0.958608 0.680445
vt 1.170776 0.580873
vt 1.172144 0.576696
vt 1.168949 0.586639
vt 1.166618 0.593997
vt 1.164138 0.602307
vt 1.161865 0.610925
vt 1.159769 0.619830
vt 1.206592 0.586508
vt 1.208019 0.585294
vt 1.204263 0.588528
vt 1.200130 0.592160
vt 1.195054 0.596640
vt 1.189892 0.601204
vt 1.183530 0.606440
vt 1.174855 0.612934
vt 0.585181 0.346077
vt 0.531002 0.337773
vt 0.531201 0.335804
vt 0.585438 0.344121
vt 0.639149 0.354654
vt 0.638835 0.356595
vt 0.476398 0.331799
vt 0.421504 0.328324
vt 0.421581 0.326340
vt 0.476537 0.329820
vt 1.073198 0.520824
vt 1.024679 0.495880
vt 1.025398 0.494073
vt 1.073857 0.518981
vt 1.125017 0.546029
vt 1.124385 0.547890
vt 0.983967 0.476032
vt 0.943871 0.457920
vt 0.944524 0.456093
vt 0.984673 0.474225
vt 0.897195 0.438180
vt 0.846890 0.418421
vt 0.847431 0.416554
vt 0.897793 0.436334
vt 0.795905 0.400251
vt 0.744232 0.383803
vt 0.744658 0.381897
vt 0.796388 0.398364
vt 0.691864 0.369211
vt 0.692234 0.367287
vt 1.222237 0.600794
vt 1.223169 0.599088
vt 1.224833 0.599997
vt 1.223901 0.601702
vt 1.209121 0.593666
vt 1.210005 0.591937
vt 1.173098 0.574101
vt 1.173844 0.572299
vt 0.563941 0.694580
vt 0.511677 0.695529
vt 0.616193 0.692364
vt 0.619351 0.744528
vt 0.565932 0.748719
vt 0.512345 0.751073
vt 0.459459 0.695249
vt 0.407263 0.693785
vt 0.458707 0.751693
vt 0.405055 0.750524
vt 1.060790 0.629002
vt 1.010078 0.636943
vt 1.112391 0.624989
vt 1.112422 0.635449
vt 1.062625 0.644003
vt 1.013570 0.656887
vt 0.967317 0.644722
vt 0.925213 0.652659
vt 0.971859 0.668947
vt 0.930355 0.681049
vt 0.876474 0.661075
vt 0.824444 0.669433
vt 0.881921 0.694063
vt 0.829929 0.707138
vt 0.772470 0.677198
vt 0.720473 0.683843
vt 0.777748 0.719421
vt 0.725294 0.730110
vt 0.668376 0.688842
vt 0.672483 0.738402
vt 1.201847 0.637892
vt 1.203530 0.638770
vt 1.200739 0.643805
vt 1.199054 0.642932
vt 1.187538 0.640858
vt 1.190000 0.635230
vt 1.157821 0.628997
vt 1.156360 0.636382
vt 0.566688 0.768151
vt 0.512614 0.771012
vt 0.620538 0.763259
vt 0.620741 0.765272
vt 0.566826 0.770231
vt 0.512683 0.773149
vt 0.458452 0.771953
vt 0.404262 0.770888
vt 0.458445 0.774121
vt 0.404177 0.773064
vt 1.063580 0.650132
vt 1.015112 0.664662
vt 1.112624 0.640064
vt 1.112911 0.641757
vt 1.064095 0.651825
vt 1.015680 0.666351
vt 0.973741 0.678174
vt 0.932408 0.691710
vt 0.974293 0.679903
vt 0.932918 0.693507
vt 0.884057 0.706312
vt 0.832053 0.720996
vt 0.884536 0.708190
vt 0.832498 0.722931
vt 0.779766 0.734780
vt 0.727117 0.746808
vt 0.780155 0.736708
vt 0.727441 0.748721
vt 0.674028 0.756222
vt 0.674291 0.758172
vt 1.197539 0.645659
vt 1.199225 0.646532
vt 1.198349 0.648106
vt 1.196663 0.647230
vt 1.185529 0.645380
vt 1.186242 0.643792
vt 1.155724 0.639939
vt 1.155501 0.641582
vt 0.287078 0.372127
vt 0.285180 0.340904
vt 0.339105 0.337611
vt 0.340009 0.369855
vt 0.340760 0.414027
vt 0.288975 0.415010
vt 0.237138 0.417201
vt 0.234248 0.376081
vt 0.231491 0.346233
vt 0.393009 0.369333
vt 0.393201 0.336432
vt 0.392500 0.414292
vt -0.214133 0.471319
vt -0.215838 0.463548
vt -0.164696 0.443785
vt -0.162074 0.454010
vt -0.159056 0.469326
vt -0.212130 0.482923
vt -0.267492 0.499271
vt -0.268736 0.491001
vt -0.269747 0.485318
vt -0.118746 0.441179
vt -0.122013 0.428460
vt -0.080242 0.414892
vt -0.076515 0.430246
vt -0.072300 0.452517
vt -0.115021 0.459960
vt -0.027749 0.418628
vt -0.031836 0.400397
vt 0.020080 0.386223
vt 0.024356 0.407328
vt 0.029107 0.437146
vt -0.023167 0.444684
vt 0.076601 0.397345
vt 0.072378 0.373614
vt 0.125055 0.362678
vt 0.128996 0.388759
vt 0.133286 0.425043
vt 0.081249 0.430585
vt 0.181549 0.381648
vt 0.178104 0.353521
vt 0.185245 0.420564
vt 0.084216 0.468284
vt 0.135887 0.465618
vt 0.136605 0.508260
vt 0.085229 0.508140
vt 0.033521 0.508243
vt 0.032285 0.471573
vt 0.187343 0.463586
vt 0.238608 0.462254
vt 0.238580 0.509166
vt 0.187714 0.508574
vt 0.289705 0.461691
vt 0.340657 0.461862
vt 0.339691 0.511356
vt 0.289228 0.510124
vt 0.391488 0.462734
vt 0.390003 0.512768
vt -0.210203 0.498233
vt -0.156537 0.489228
vt -0.155196 0.511420
vt -0.208991 0.515394
vt -0.264713 0.522343
vt -0.265979 0.510139
vt -0.112128 0.483614
vt -0.069195 0.479621
vt -0.067765 0.509119
vt -0.110712 0.509694
vt -0.019955 0.475480
vt -0.018582 0.508603
vt -0.111414 0.535755
vt -0.068574 0.538574
vt -0.072510 0.569811
vt -0.114905 0.563094
vt -0.158483 0.556654
vt -0.155709 0.533607
vt -0.019517 0.541641
vt 0.032448 0.544790
vt 0.027915 0.584392
vt -0.023804 0.577065
vt 0.084011 0.547852
vt 0.135247 0.550744
vt 0.130577 0.597650
vt 0.079345 0.591327
vt 0.186229 0.553385
vt 0.236975 0.555863
vt 0.232716 0.607904
vt 0.181701 0.603141
vt 0.287503 0.558266
vt 0.337856 0.560508
vt 0.334450 0.615524
vt 0.283623 0.612044
vt 0.388076 0.562503
vt 0.385224 0.618307
vt -0.209130 0.532553
vt -0.210743 0.550233
vt -0.264400 0.547200
vt -0.264208 0.534618
vt 0.297483 0.390319
vt 0.297320 0.387950
vt 0.350866 0.385762
vt 0.350957 0.388199
vt 0.351160 0.398006
vt 0.297911 0.399866
vt 0.244827 0.402996
vt 0.244203 0.393789
vt 0.243975 0.391499
vt 0.404599 0.387513
vt 0.404590 0.385033
vt 0.404554 0.397482
vt -0.195980 0.473616
vt -0.196634 0.471729
vt -0.150836 0.456094
vt -0.150289 0.458028
vt -0.149270 0.462757
vt -0.194833 0.477562
vt -0.235902 0.495524
vt -0.237411 0.492442
vt -0.238308 0.490724
vt -0.109373 0.447022
vt -0.109892 0.445038
vt -0.067993 0.436028
vt -0.067474 0.438074
vt -0.066353 0.444101
vt -0.108328 0.452418
vt -0.018832 0.428661
vt -0.019331 0.426527
vt 0.032845 0.417338
vt 0.033304 0.419539
vt 0.034417 0.426880
vt -0.017689 0.435362
vt 0.085683 0.411460
vt 0.085284 0.409268
vt 0.137962 0.402273
vt 0.138298 0.404449
vt 0.139222 0.412796
vt 0.086720 0.419336
vt 0.191140 0.398529
vt 0.190858 0.396312
vt 0.191928 0.407327
vt -0.015260 0.451194
vt 0.036839 0.444504
vt 0.039498 0.467152
vt -0.012596 0.471503
vt -0.061484 0.476011
vt -0.064029 0.458091
vt 0.089030 0.438580
vt 0.141323 0.433486
vt 0.143626 0.460164
vt 0.091567 0.463358
vt 0.193729 0.429288
vt 0.246245 0.426034
vt 0.247764 0.455740
vt 0.195688 0.457614
vt 0.298869 0.423770
vt 0.351592 0.422552
vt 0.351979 0.454166
vt 0.299861 0.454577
vt 0.404402 0.422432
vt 0.404120 0.454547
vt -0.192696 0.485624
vt -0.147306 0.473072
vt -0.145109 0.486235
vt -0.190194 0.495812
vt -0.229853 0.508563
vt -0.233171 0.501333
vt -0.106231 0.464639
vt -0.103930 0.480279
vt 0.403687 0.486016
vt 0.402838 0.522103
vt 0.351447 0.520773
vt 0.352051 0.485178
vt -0.187945 0.506130
vt -0.143387 0.499505
vt -0.142524 0.514935
vt -0.185854 0.518027
vt -0.222700 0.524278
vt -0.226583 0.515908
vt -0.102275 0.495927
vt -0.059700 0.493826
vt -0.059236 0.514447
vt -0.101812 0.514101
vt -0.010754 0.491633
vt 0.041321 0.489565
vt 0.041706 0.515434
vt -0.010314 0.514894
vt 0.093285 0.487836
vt 0.145156 0.486474
vt 0.145327 0.516777
vt 0.093580 0.516058
vt 0.196953 0.485506
vt 0.248691 0.484952
vt 0.248523 0.518534
vt 0.196968 0.517600
vt 0.300389 0.484833
vt 0.300012 0.519588
vt 0.195179 0.558528
vt 0.246751 0.561352
vt 0.243457 0.607374
vt 0.191646 0.602394
vt 0.139884 0.596717
vt 0.143552 0.555429
vt 0.298290 0.563893
vt 0.349806 0.566137
vt 0.347263 0.615104
vt 0.295329 0.611623
vt 0.401309 0.568074
vt 0.399260 0.617780
vt -0.183821 0.532947
vt -0.142904 0.534577
vt -0.144824 0.554727
vt -0.183724 0.548106
vt -0.208244 0.544073
vt -0.217543 0.534585
vt -0.103090 0.537315
vt -0.060651 0.540780
vt -0.063789 0.568276
vt -0.105909 0.561346
vt -0.011857 0.544591
vt 0.040055 0.548451
vt 0.036445 0.583400
vt -0.015271 0.575831
vt 0.091852 0.552067
vt 0.088157 0.590374
vt -0.247154 0.552965
vt -0.248053 0.554499
vt -0.259394 0.549934
vt -0.258411 0.548434
vt -0.254306 0.544223
vt -0.243859 0.549370
vt -0.224932 0.557317
vt -0.227425 0.560705
vt -0.228218 0.562279
vt -0.266675 0.545082
vt -0.267712 0.546559
vt -0.274369 0.543838
vt -0.273325 0.542364
vt -0.268161 0.537048
vt -0.261970 0.540309
vt -0.279741 0.539733
vt -0.280723 0.541230
vt -0.285848 0.539122
vt -0.284935 0.537597
vt -0.279086 0.531269
vt -0.274190 0.533859
vt -0.287923 0.536366
vt -0.288819 0.537898
vt -0.290712 0.537117
vt -0.289808 0.535589
vt -0.283624 0.528892
vt -0.281881 0.529800
vt -0.361550 0.552184
vt -0.363264 0.552765
vt -0.365891 0.546782
vt -0.364203 0.546142
vt -0.351053 0.542536
vt -0.348674 0.549304
vt -0.346234 0.556379
vt -0.358751 0.558538
vt -0.360496 0.559050
vt -0.366605 0.540655
vt -0.368279 0.541325
vt -0.370382 0.536507
vt -0.368715 0.535820
vt -0.355300 0.530743
vt -0.353295 0.536271
vt -0.370496 0.531738
vt -0.372156 0.532440
vt -0.373557 0.529222
vt -0.371903 0.528508
vt -0.358283 0.522689
vt -0.356967 0.526190
vt -0.110071 0.581968
vt -0.068496 0.592380
vt -0.072734 0.609609
vt -0.113825 0.596576
vt -0.152235 0.583614
vt -0.148583 0.571682
vt -0.187443 0.560719
vt -0.191831 0.569629
vt -0.219042 0.550302
vt 0.396854 0.665067
vt 0.394889 0.700072
vt 0.341150 0.695792
vt 0.343955 0.661506
vt 0.291234 0.656653
vt 0.287690 0.689857
vt 0.234562 0.682340
vt 0.238717 0.650566
vt 0.186430 0.643302
vt 0.181816 0.673312
vt 0.129471 0.662856
vt 0.134374 0.634923
vt 0.082553 0.625487
vt 0.077543 0.651056
vt 0.026025 0.638008
vt 0.030951 0.615064
vt -0.020443 0.603720
vt -0.025092 0.623806
vt -0.319697 0.510951
vt -0.320730 0.506662
vt -0.318387 0.516885
vt -0.316715 0.524459
vt -0.314978 0.532997
vt -0.313475 0.541825
vt -0.312174 0.550924
vt -0.265544 0.513164
vt -0.266881 0.511858
vt -0.263364 0.515336
vt -0.259501 0.519235
vt -0.254756 0.524044
vt -0.249932 0.528942
vt -0.243960 0.534591
vt -0.235772 0.541652
vt 0.284444 0.329200
vt 0.284288 0.327257
vt 0.338671 0.323613
vt 0.338751 0.325563
vt 0.230420 0.334994
vt 0.230192 0.333061
vt 0.393264 0.324163
vt 0.393263 0.322210
vt -0.216872 0.459741
vt -0.217570 0.457915
vt -0.166705 0.437328
vt -0.166024 0.439158
vt -0.270560 0.482208
vt -0.271273 0.480386
vt -0.123532 0.422995
vt -0.124177 0.421156
vt -0.082481 0.406688
vt -0.081883 0.408539
vt -0.033562 0.393077
vt -0.034109 0.391212
vt 0.017837 0.376056
vt 0.018327 0.377935
vt 0.070684 0.364441
vt 0.070255 0.362548
vt 0.123132 0.350804
vt 0.123497 0.352712
vt 0.176757 0.342864
vt 0.176459 0.340943
vt -0.372892 0.526233
vt -0.374545 0.526951
vt -0.375325 0.525154
vt -0.373672 0.524436
vt -0.360006 0.518522
vt -0.359236 0.520323
vt -0.321569 0.504025
vt -0.322312 0.502214
vt 0.276680 0.677387
vt 0.328771 0.682609
vt 0.323599 0.737981
vt 0.270247 0.731247
vt 0.217240 0.722644
vt 0.224725 0.670848
vt 0.380962 0.686549
vt 0.377195 0.742935
vt -0.213952 0.568954
vt -0.163927 0.581425
vt -0.169190 0.601061
vt -0.217124 0.583796
vt -0.266190 0.570788
vt -0.265225 0.560324
vt -0.121851 0.593005
vt -0.080459 0.604656
vt -0.088091 0.632580
vt -0.128533 0.616823
vt -0.032485 0.617343
vt 0.018771 0.630229
vt 0.010031 0.667419
vt -0.040806 0.649831
vt 0.070013 0.642474
vt 0.121362 0.653558
vt 0.112625 0.699336
vt 0.061125 0.684185
vt 0.172943 0.662961
vt 0.164682 0.712081
vt -0.355911 0.564963
vt -0.357683 0.565415
vt -0.343809 0.563564
vt -0.341853 0.569407
vt -0.353582 0.570221
vt -0.355371 0.570635
vt -0.311046 0.560273
vt -0.310244 0.567794
vt -0.026938 0.631635
vt 0.024113 0.646799
vt 0.023709 0.648513
vt -0.027382 0.633337
vt -0.074950 0.618168
vt -0.074468 0.616478
vt 0.075631 0.660731
vt 0.127622 0.673328
vt 0.127302 0.675068
vt 0.075269 0.662459
vt 0.180093 0.684484
vt 0.233020 0.694108
vt 0.232784 0.695871
vt 0.179814 0.686236
vt 0.286381 0.702108
vt 0.340116 0.708409
vt 0.339969 0.710191
vt 0.286189 0.703882
vt 0.394167 0.712933
vt 0.394066 0.714721
vt -0.193743 0.573680
vt -0.153833 0.588697
vt -0.154405 0.590356
vt -0.194417 0.575300
vt -0.115421 0.602564
vt -0.115937 0.604243
vt 0.267896 0.750578
vt 0.321714 0.757858
vt 0.321471 0.759987
vt 0.267587 0.752645
vt 0.214129 0.743233
vt 0.214499 0.741239
vt 0.375828 0.763176
vt 0.375661 0.765343
vt -0.218625 0.589843
vt -0.171423 0.608699
vt -0.172140 0.610339
vt -0.219291 0.591490
vt -0.267243 0.577056
vt -0.266804 0.575388
vt -0.131230 0.625883
vt -0.091080 0.643057
vt -0.091747 0.644809
vt -0.131934 0.627563
vt -0.044007 0.661885
vt 0.006710 0.681080
vt 0.006099 0.682976
vt -0.044650 0.663722
vt 0.057793 0.699350
vt 0.109389 0.715852
vt 0.108902 0.717737
vt 0.057240 0.701244
vt 0.161643 0.729739
vt 0.161217 0.731665
vt -0.352313 0.573078
vt -0.354107 0.573485
vt -0.340819 0.572458
vt -0.340247 0.574112
vt -0.351574 0.574734
vt -0.353366 0.575149
vt -0.309926 0.571410
vt -0.309849 0.573074
vt 0.296818 0.385827
vt 0.350016 0.382100
vt 0.348297 0.349662
vt 0.294083 0.354478
vt 0.240238 0.361416
vt 0.243831 0.391321
vt 0.247889 0.432516
vt 0.299874 0.428869
vt 0.351892 0.426513
vt 0.403389 0.380233
vt 0.402809 0.347071
vt 0.403941 0.425506
vt -0.201281 0.500746
vt -0.150011 0.481810
vt -0.152926 0.471698
vt -0.203181 0.493043
vt -0.256117 0.516460
vt -0.254988 0.522109
vt -0.253483 0.530299
vt -0.198911 0.512237
vt -0.146508 0.496972
vt -0.107260 0.467613
vt -0.065500 0.455331
vt -0.069687 0.440134
vt -0.110905 0.455036
vt -0.102940 0.486211
vt -0.060579 0.477405
vt -0.017204 0.442143
vt 0.034485 0.429160
vt 0.029570 0.408200
vt -0.021842 0.424071
vt -0.011798 0.468004
vt 0.040172 0.458805
vt 0.086421 0.417494
vt 0.138620 0.407238
vt 0.133904 0.381226
vt 0.081484 0.393877
vt 0.092099 0.450600
vt 0.144011 0.443446
vt 0.191094 0.398486
vt 0.186833 0.370369
vt 0.195938 0.437396
vt 0.096217 0.488214
vt 0.147824 0.483988
vt 0.044417 0.493106
vt 0.046776 0.529700
vt 0.098426 0.528031
vt 0.149792 0.526633
vt 0.199284 0.480444
vt 0.250619 0.477659
vt 0.200935 0.525480
vt 0.251877 0.524666
vt 0.301848 0.475708
vt 0.352991 0.474568
vt 0.302640 0.524286
vt 0.353253 0.524248
vt 0.404064 0.474215
vt 0.403744 0.524461
vt -0.196501 0.527420
vt -0.143360 0.516720
vt -0.251630 0.541066
vt -0.249981 0.553170
vt -0.194745 0.544469
vt -0.141316 0.538787
vt -0.099299 0.509696
vt -0.056619 0.504341
vt -0.097058 0.535648
vt -0.054262 0.533718
vt -0.007621 0.498646
vt -0.005219 0.531666
vt -0.096939 0.561643
vt -0.054153 0.563115
vt -0.141125 0.560904
vt -0.143165 0.583945
vt -0.099566 0.588990
vt -0.057116 0.594372
vt -0.005139 0.564660
vt 0.046805 0.566223
vt -0.008343 0.600118
vt 0.043455 0.605874
vt 0.098380 0.567745
vt 0.149654 0.569149
vt 0.094978 0.611286
vt 0.146308 0.616135
vt 0.200696 0.570354
vt 0.251523 0.571455
vt 0.197526 0.620203
vt 0.248633 0.623598
vt 0.302151 0.572546
vt 0.352619 0.573538
vt 0.299630 0.626427
vt 0.350542 0.628654
vt 0.402966 0.574345
vt 0.401395 0.630242
vt -0.194340 0.561558
vt -0.249089 0.565370
vt -0.248882 0.577897
vt -0.195387 0.579210
vt 0.355001 0.698758
vt 0.408243 0.704111
vt 0.408006 0.706537
vt 0.354694 0.701112
vt 0.301669 0.694341
vt 0.302034 0.692069
vt 0.303215 0.682918
vt 0.356006 0.689255
vt 0.409040 0.694335
vt 0.461742 0.708044
vt 0.461583 0.710518
vt 0.462301 0.698090
vt -0.132376 0.585772
vt -0.087736 0.604087
vt -0.088399 0.605984
vt -0.133142 0.587615
vt -0.173565 0.566145
vt -0.172567 0.564485
vt -0.170876 0.561502
vt -0.130992 0.581905
vt -0.086433 0.599432
vt -0.047581 0.617544
vt -0.006318 0.629009
vt -0.006959 0.631019
vt -0.048219 0.619492
vt -0.046212 0.612224
vt -0.004834 0.623063
vt 0.041649 0.641346
vt 0.093121 0.653605
vt 0.092531 0.655773
vt 0.041022 0.643445
vt 0.043195 0.634729
vt 0.094677 0.646346
vt 0.144903 0.664838
vt 0.196986 0.675020
vt 0.196519 0.677171
vt 0.144372 0.667001
vt 0.146414 0.657041
vt 0.198414 0.666745
vt 0.249363 0.684126
vt 0.248948 0.686322
vt 0.250682 0.675393
vt 0.046577 0.619078
vt 0.098161 0.628906
vt -0.001669 0.609244
vt 0.001955 0.591518
vt 0.050463 0.598974
vt 0.102184 0.606466
vt 0.149884 0.637976
vt 0.201762 0.646224
vt 0.153915 0.613403
vt 0.205674 0.619740
vt 0.253808 0.653585
vt 0.306024 0.660011
vt 0.257478 0.625434
vt 0.309337 0.630455
vt 0.358409 0.665455
vt 0.410956 0.669862
vt 0.361262 0.634767
vt 0.413256 0.638331
vt 0.463659 0.673178
vt 0.465321 0.641106
vt -0.128373 0.573991
vt -0.083850 0.589258
vt -0.167800 0.555873
vt -0.164053 0.548861
vt -0.125260 0.563979
vt -0.080862 0.576259
vt -0.043380 0.600157
vt -0.040138 0.584692
vt 0.466793 0.609670
vt 0.415204 0.607383
vt 0.416754 0.571819
vt 0.468129 0.573599
vt -0.122394 0.553821
vt -0.078341 0.563124
vt -0.160347 0.541732
vt -0.155967 0.533617
vt -0.119588 0.542079
vt -0.076548 0.547782
vt -0.037540 0.569179
vt 0.004813 0.573850
vt -0.035980 0.551075
vt 0.006522 0.553303
vt 0.053519 0.578997
vt 0.105358 0.584211
vt 0.055364 0.555814
vt 0.107307 0.558420
vt 0.157110 0.589079
vt 0.208793 0.593575
vt 0.159111 0.560933
vt 0.210796 0.563344
vt 0.260427 0.597674
vt 0.312030 0.601356
vt 0.262382 0.565645
vt 0.313892 0.567829
vt 0.363620 0.604602
vt 0.365346 0.569891
vt 0.263071 0.524690
vt 0.314713 0.524988
vt 0.211361 0.524662
vt 0.210195 0.483237
vt 0.262196 0.480697
vt 0.314205 0.478857
vt 0.366305 0.525567
vt 0.417858 0.526441
vt 0.366234 0.477750
vt 0.418280 0.477414
vt 0.469382 0.527621
vt 0.470341 0.477884
vt -0.116659 0.527318
vt -0.075740 0.528163
vt -0.150201 0.523646
vt -0.140352 0.514744
vt -0.115647 0.512200
vt -0.076439 0.507943
vt -0.035853 0.527835
vt 0.006701 0.526941
vt -0.037214 0.503689
vt 0.005231 0.499317
vt 0.055619 0.526087
vt 0.107655 0.525372
vt 0.054101 0.494708
vt 0.106164 0.490278
vt 0.159562 0.524893
vt 0.158190 0.486442
vt -0.178629 0.503524
vt -0.190130 0.507365
vt -0.191019 0.505810
vt -0.179433 0.501941
vt -0.159178 0.495376
vt -0.158481 0.496994
vt -0.156200 0.500525
vt -0.175559 0.507310
vt -0.186290 0.511813
vt -0.198574 0.510209
vt -0.205371 0.512519
vt -0.206323 0.510987
vt -0.199520 0.508674
vt -0.194170 0.515254
vt -0.200541 0.518134
vt -0.211927 0.514756
vt -0.217236 0.516572
vt -0.218054 0.514997
vt -0.212817 0.513204
vt -0.206746 0.520949
vt -0.211786 0.523237
vt -0.220289 0.517618
vt -0.222214 0.518279
vt -0.223022 0.516701
vt -0.221089 0.516037
vt -0.214661 0.524533
vt -0.216454 0.525333
vt -0.345380 0.585930
vt -0.348210 0.580003
vt -0.349869 0.580693
vt -0.347067 0.586562
vt -0.344114 0.592728
vt -0.342394 0.592163
vt -0.330010 0.589619
vt -0.332661 0.582658
vt -0.335242 0.576000
vt -0.350773 0.574621
vt -0.353026 0.569878
vt -0.354662 0.570615
vt -0.352417 0.575340
vt -0.337671 0.569838
vt -0.339841 0.564403
vt -0.354927 0.565874
vt -0.356429 0.562708
vt -0.358052 0.563471
vt -0.356555 0.566626
vt -0.341645 0.559926
vt -0.343056 0.556483
vt -0.040122 0.482862
vt 0.001990 0.474981
vt -0.079166 0.490801
vt -0.082090 0.478676
vt -0.042986 0.468060
vt -0.001199 0.457534
vt -0.118595 0.499393
vt -0.150747 0.507878
vt -0.122435 0.490239
vt 0.470796 0.430540
vt 0.417781 0.430899
vt 0.417052 0.396509
vt 0.470950 0.395481
vt 0.364867 0.432559
vt 0.312084 0.435463
vt 0.309855 0.403500
vt 0.363335 0.399204
vt 0.259461 0.439555
vt 0.207004 0.444775
vt 0.203797 0.416601
vt 0.256668 0.409326
vt 0.154718 0.451063
vt 0.102594 0.458349
vt 0.099063 0.435155
vt 0.151262 0.425243
vt 0.050624 0.466566
vt 0.047196 0.446243
vt -0.305054 0.543587
vt -0.306180 0.539337
vt -0.303560 0.549448
vt -0.301655 0.556929
vt -0.299656 0.565368
vt -0.297880 0.574104
vt -0.296298 0.583115
vt -0.199374 0.542113
vt -0.200787 0.543336
vt -0.197070 0.540080
vt -0.192981 0.536423
vt -0.187958 0.531914
vt -0.182850 0.527319
vt -0.176552 0.522046
vt -0.167959 0.515497
vt 0.293075 0.342717
vt 0.347666 0.337531
vt 0.347580 0.335554
vt 0.292930 0.340750
vt 0.238704 0.348189
vt 0.238905 0.350144
vt 0.402598 0.334694
vt 0.402573 0.332711
vt -0.204183 0.489223
vt -0.154307 0.467097
vt -0.154923 0.465252
vt -0.204735 0.487344
vt -0.257367 0.511419
vt -0.256843 0.513314
vt -0.112521 0.449614
vt -0.071448 0.433828
vt -0.071996 0.431967
vt -0.113122 0.447769
vt -0.023715 0.416794
vt 0.027643 0.399950
vt 0.027209 0.398055
vt -0.024206 0.414916
vt 0.079588 0.384731
vt 0.132121 0.371270
vt 0.131804 0.369343
vt 0.079213 0.382819
vt 0.185241 0.359701
vt 0.184982 0.357759
vt -0.357485 0.560482
vt -0.358316 0.558726
vt -0.359937 0.559493
vt -0.359105 0.561249
vt -0.344049 0.554151
vt -0.344833 0.552373
vt -0.306983 0.536692
vt -0.307625 0.534850
vt 0.294325 0.691872
vt 0.346474 0.695811
vt 0.242283 0.686669
vt 0.236144 0.738569
vt 0.289238 0.745810
vt 0.342629 0.751227
vt 0.398696 0.698522
vt 0.396220 0.754917
vt -0.197994 0.597946
vt -0.147813 0.608781
vt -0.249288 0.590983
vt -0.249918 0.601425
vt -0.200685 0.612820
vt -0.152442 0.628495
vt -0.105562 0.618998
vt -0.063977 0.629334
vt -0.111484 0.642925
vt -0.070736 0.657385
vt -0.015795 0.640527
vt 0.035675 0.651851
vt -0.023123 0.673152
vt 0.028040 0.689183
vt 0.087122 0.662580
vt 0.138657 0.672192
vt 0.079436 0.704435
vt 0.131195 0.718110
vt 0.190385 0.680165
vt 0.183447 0.729412
vt -0.339366 0.598465
vt -0.341114 0.598971
vt -0.338650 0.604091
vt -0.336882 0.603622
vt -0.325239 0.602442
vt -0.327370 0.596690
vt -0.294879 0.592380
vt -0.293843 0.599838
vt 0.045827 0.438318
vt 0.097686 0.426267
vt -0.002515 0.450575
vt -0.002894 0.448860
vt 0.045487 0.436593
vt 0.097387 0.424532
vt 0.149939 0.415473
vt 0.202584 0.406039
vt 0.149681 0.413727
vt 0.202369 0.404283
vt 0.255623 0.398073
vt 0.309026 0.391662
vt 0.255451 0.396307
vt 0.308898 0.389888
vt 0.362768 0.386898
vt 0.416782 0.383853
vt 0.362683 0.385116
vt 0.416742 0.382065
vt 0.471005 0.382600
vt 0.471012 0.380809
vt -0.124098 0.486083
vt -0.083378 0.473508
vt -0.124673 0.484425
vt -0.083848 0.471818
vt -0.044216 0.461989
vt -0.044630 0.460283
vt 0.287371 0.765168
vt 0.341220 0.771119
vt 0.233886 0.757201
vt 0.233569 0.759200
vt 0.287114 0.767237
vt 0.341029 0.773248
vt 0.395316 0.775159
vt 0.395199 0.777324
vt -0.201990 0.618885
vt -0.154427 0.636170
vt -0.250384 0.606022
vt -0.250768 0.607695
vt -0.202601 0.620546
vt -0.155090 0.637824
vt -0.113892 0.652031
vt -0.073397 0.667912
vt -0.114542 0.653725
vt -0.074008 0.669677
vt -0.025956 0.685260
vt 0.025125 0.702898
vt -0.026542 0.687108
vt 0.024571 0.704805
vt 0.076541 0.719654
vt 0.128419 0.734677
vt 0.076043 0.721557
vt 0.127985 0.736568
vt 0.180885 0.747115
vt 0.180510 0.749046
vt -0.335529 0.606425
vt -0.337301 0.606886
vt -0.336511 0.608519
vt -0.334742 0.608049
vt -0.323493 0.607072
vt -0.324114 0.605444
vt -0.293412 0.603426
vt -0.293283 0.605079
vt 0.290774 0.386426
vt 0.343639 0.382941
vt 0.341997 0.350727
vt 0.288161 0.355254
vt 0.234608 0.361811
vt 0.238048 0.391589
vt 0.241879 0.432632
vt 0.293652 0.429253
vt 0.345402 0.427085
vt 0.396612 0.381205
vt 0.396051 0.348309
vt 0.397133 0.426164
vt -0.208043 0.497084
vt -0.156394 0.478583
vt -0.159250 0.468422
vt -0.209926 0.489355
vt -0.263320 0.512358
vt -0.262179 0.518016
vt -0.260745 0.526255
vt -0.205774 0.508640
vt -0.153025 0.493826
vt -0.113371 0.464761
vt -0.071400 0.452860
vt -0.075478 0.437595
vt -0.116929 0.452120
vt -0.109215 0.483452
vt -0.066675 0.475030
vt -0.022910 0.440127
vt 0.028924 0.427635
vt 0.024165 0.406633
vt -0.027414 0.421994
vt -0.017732 0.466072
vt 0.034358 0.457337
vt 0.080929 0.416458
vt 0.133114 0.406673
vt 0.128577 0.380689
vt 0.076163 0.392829
vt 0.086337 0.449583
vt 0.138234 0.442850
vt 0.185491 0.398361
vt 0.181402 0.370320
vt 0.190077 0.437182
vt 0.090167 0.487205
vt 0.141764 0.483356
vt 0.038324 0.491684
vt 0.040400 0.528317
vt 0.092093 0.527028
vt 0.143459 0.525971
vt 0.193160 0.480145
vt 0.244382 0.477639
vt 0.194562 0.525113
vt 0.245429 0.524540
vt 0.295452 0.475905
vt 0.346394 0.474908
vt 0.296085 0.524337
vt 0.346563 0.524411
vt 0.397232 0.474616
vt 0.396894 0.524670
vt -0.203495 0.523901
vt -0.150050 0.513666
vt -0.258982 0.537086
vt -0.257436 0.549257
vt -0.201889 0.541030
vt -0.148199 0.535823
vt -0.105780 0.507033
vt -0.062948 0.502056
vt -0.103765 0.533075
vt -0.060841 0.531515
vt -0.013814 0.496787
vt -0.011682 0.529871
vt -0.103869 0.559146
vt -0.060975 0.560981
vt -0.148202 0.558016
vt -0.150446 0.581120
vt -0.106731 0.586558
vt -0.064194 0.592301
vt -0.011859 0.562923
vt 0.040165 0.564879
vt -0.015333 0.598436
vt 0.036541 0.604575
vt 0.091786 0.566758
vt 0.143075 0.568475
vt 0.088117 0.610329
vt 0.139482 0.615476
vt 0.194104 0.569947
vt 0.244895 0.571261
vt 0.190718 0.619794
vt 0.241829 0.623387
vt 0.295465 0.572505
vt 0.345855 0.573593
vt 0.292818 0.626358
vt 0.343711 0.628672
vt 0.396108 0.574436
vt 0.394535 0.630291
vt -0.201633 0.558189
vt -0.256650 0.561517
vt -0.256553 0.574101
vt -0.202840 0.575901
vt 0.363202 0.702247
vt 0.416497 0.707765
vt 0.416253 0.710194
vt 0.362887 0.704603
vt 0.309809 0.697624
vt 0.310185 0.695350
vt 0.311404 0.686193
vt 0.364241 0.692737
vt 0.417320 0.697983
vt 0.470052 0.711820
vt 0.469888 0.714297
vt 0.470628 0.701859
vt -0.124546 0.585876
vt -0.079913 0.604630
vt -0.080593 0.606527
vt -0.125330 0.587718
vt -0.165706 0.565829
vt -0.164689 0.564173
vt -0.162967 0.561194
vt -0.123125 0.582009
vt -0.078567 0.599970
vt -0.039740 0.618459
vt 0.001557 0.630280
vt 0.000898 0.632291
vt -0.040395 0.620407
vt -0.038324 0.613134
vt 0.003089 0.624329
vt 0.049563 0.643009
vt 0.101079 0.655661
vt 0.100473 0.657830
vt 0.048919 0.645110
vt 0.051160 0.636387
vt 0.102687 0.648398
vt 0.152907 0.667255
vt 0.205038 0.677763
vt 0.204558 0.679916
vt 0.152361 0.669420
vt 0.154470 0.659453
vt 0.206514 0.669484
vt 0.257464 0.687158
vt 0.257037 0.689356
vt 0.258827 0.678419
vt 0.054665 0.620723
vt 0.106297 0.630944
vt 0.006370 0.610498
vt 0.010141 0.592754
vt 0.058708 0.600601
vt 0.110482 0.608487
vt 0.158064 0.640375
vt 0.209982 0.648949
vt 0.162257 0.615785
vt 0.214050 0.622449
vt 0.262064 0.656598
vt 0.314312 0.663272
vt 0.265878 0.628434
vt 0.317754 0.633704
vt 0.366727 0.668923
vt 0.419302 0.673494
vt 0.369689 0.638224
vt 0.421687 0.641952
vt 0.472031 0.676930
vt 0.473752 0.644844
vt -0.120431 0.574091
vt -0.075892 0.589787
vt -0.159833 0.555573
vt -0.156013 0.548570
vt -0.117223 0.564074
vt -0.072786 0.576772
vt -0.035387 0.601054
vt -0.032011 0.585572
vt 0.475282 0.613412
vt 0.423720 0.611008
vt 0.425373 0.575476
vt 0.476687 0.577377
vt -0.114260 0.553908
vt -0.070148 0.563619
vt -0.152233 0.541450
vt -0.147768 0.533346
vt -0.111344 0.542154
vt -0.068218 0.548249
vt -0.029279 0.570037
vt 0.013145 0.575065
vt -0.027563 0.551898
vt 0.015025 0.554485
vt 0.061919 0.580606
vt 0.113818 0.586216
vt 0.063948 0.557394
vt 0.115957 0.560402
vt 0.165612 0.591448
vt 0.217323 0.596276
vt 0.167805 0.563289
vt 0.219513 0.566041
vt 0.268972 0.600669
vt 0.320576 0.604605
vt 0.271102 0.568646
vt 0.322595 0.571094
vt 0.372155 0.608062
vt 0.374013 0.573377
vt 0.272024 0.527711
vt 0.323626 0.528293
vt 0.220326 0.527359
vt 0.219435 0.485936
vt 0.271410 0.483749
vt 0.323355 0.482222
vt 0.375152 0.529111
vt 0.426617 0.530172
vt 0.375283 0.481382
vt 0.427196 0.481258
vt 0.478033 0.531483
vt 0.479096 0.481879
vt -0.108275 0.527373
vt -0.067237 0.528581
vt -0.141895 0.523394
vt -0.131936 0.514550
vt -0.107127 0.512218
vt -0.067759 0.508297
vt -0.027235 0.528602
vt 0.015426 0.528070
vt -0.028389 0.504383
vt 0.014188 0.500377
vt 0.064442 0.527622
vt 0.116556 0.527321
vt 0.063178 0.496183
vt 0.115335 0.492183
vt 0.168510 0.527231
vt 0.167415 0.488757
vt -0.170060 0.502789
vt -0.181566 0.506521
vt -0.182196 0.504766
vt -0.170669 0.501029
vt -0.150450 0.494674
vt -0.149868 0.496442
vt -0.147686 0.500108
vt -0.167150 0.506738
vt -0.177940 0.511157
vt -0.190020 0.509286
vt -0.196856 0.511543
vt -0.197502 0.509794
vt -0.190663 0.507536
vt -0.185865 0.514538
vt -0.192281 0.517371
vt -0.203509 0.513748
vt -0.208913 0.515543
vt -0.209541 0.513790
vt -0.204147 0.511997
vt -0.198545 0.520146
vt -0.203637 0.522402
vt -0.212002 0.516571
vt -0.213934 0.517215
vt -0.214561 0.515462
vt -0.212628 0.514817
vt -0.206538 0.523679
vt -0.208342 0.524465
vt -0.353597 0.581478
vt -0.356412 0.575448
vt -0.358144 0.576240
vt -0.355334 0.582262
vt -0.352367 0.588600
vt -0.350626 0.587825
vt -0.338156 0.585211
vt -0.340764 0.578180
vt -0.343303 0.571456
vt -0.358951 0.569991
vt -0.361179 0.565192
vt -0.362910 0.565988
vt -0.360682 0.570786
vt -0.345692 0.565237
vt -0.347825 0.559754
vt -0.363060 0.561137
vt -0.364545 0.557930
vt -0.366273 0.558729
vt -0.364789 0.561934
vt -0.349597 0.555237
vt -0.350994 0.551765
vt -0.031119 0.483476
vt 0.011153 0.475963
vt -0.070341 0.491080
vt -0.073177 0.478870
vt -0.033877 0.468590
vt 0.008091 0.458432
vt -0.109971 0.499343
vt -0.142306 0.507569
vt -0.113738 0.490097
vt 0.479653 0.434713
vt 0.426855 0.434893
vt 0.426239 0.400608
vt 0.479881 0.399784
vt 0.374120 0.436305
vt 0.321471 0.438904
vt 0.319409 0.406983
vt 0.372732 0.403026
vt 0.268933 0.442645
vt 0.216511 0.447477
vt 0.213487 0.419283
vt 0.266320 0.412426
vt 0.164209 0.453349
vt 0.112019 0.460200
vt 0.108654 0.436942
vt 0.160932 0.427484
vt 0.059933 0.467972
vt 0.056654 0.447570
vt -0.312667 0.539132
vt -0.313798 0.534868
vt -0.311221 0.545034
vt -0.309375 0.552567
vt -0.307443 0.561062
vt -0.305737 0.569854
vt -0.304228 0.578920
vt -0.191393 0.541493
vt -0.192821 0.542707
vt -0.189063 0.539472
vt -0.184929 0.535839
vt -0.179849 0.531358
vt -0.174685 0.526793
vt -0.168320 0.521556
vt -0.159641 0.515061
vt 0.287157 0.343571
vt 0.341366 0.338690
vt 0.341242 0.336743
vt 0.286957 0.341632
vt 0.233008 0.348673
vt 0.233280 0.350601
vt 0.395833 0.336042
vt 0.395786 0.334090
vt -0.211047 0.485572
vt -0.160684 0.463825
vt -0.161407 0.462012
vt -0.211787 0.483762
vt -0.264959 0.507462
vt -0.264204 0.509268
vt -0.118573 0.446690
vt -0.077264 0.431282
vt -0.077905 0.429444
vt -0.119261 0.444867
vt -0.029308 0.414715
vt 0.022224 0.398387
vt 0.021691 0.396520
vt -0.029897 0.412863
vt 0.074260 0.383698
vt 0.126792 0.370762
vt 0.126383 0.368863
vt 0.073787 0.381814
vt 0.179812 0.359697
vt 0.179470 0.357783
vt -0.365588 0.555676
vt -0.366409 0.553897
vt -0.368137 0.554696
vt -0.367316 0.556474
vt -0.352001 0.549420
vt -0.352813 0.547638
vt -0.314698 0.532251
vt -0.315482 0.530457
vt 0.287375 0.691843
vt 0.339572 0.695870
vt 0.235284 0.686498
vt 0.228989 0.738451
vt 0.282179 0.745837
vt 0.335671 0.751346
vt 0.391839 0.698612
vt 0.389367 0.755070
vt -0.205618 0.594690
vt -0.155320 0.606010
vt -0.257076 0.587240
vt -0.257801 0.597723
vt -0.208449 0.609602
vt -0.160131 0.625761
vt -0.112989 0.616620
vt -0.071341 0.627319
vt -0.119123 0.640586
vt -0.078331 0.655411
vt -0.023089 0.638903
vt 0.028450 0.650610
vt -0.030662 0.671574
vt 0.020564 0.687991
vt 0.079959 0.661677
vt 0.131551 0.671582
vt 0.072030 0.703581
vt 0.123865 0.717548
vt 0.183334 0.679800
vt 0.176201 0.729097
vt -0.347615 0.594234
vt -0.349360 0.595001
vt -0.346897 0.600235
vt -0.345150 0.599472
vt -0.333467 0.598157
vt -0.335560 0.592352
vt -0.302885 0.588241
vt -0.301912 0.595741
vt 0.280272 0.765217
vt 0.334242 0.771260
vt 0.226674 0.757104
vt 0.226351 0.759107
vt 0.280011 0.767290
vt 0.334048 0.773394
vt 0.388464 0.775336
vt 0.388346 0.777507
vt -0.209811 0.615681
vt -0.162188 0.633449
vt -0.258309 0.602336
vt -0.258709 0.604013
vt -0.210439 0.617343
vt -0.162867 0.635105
vt -0.121611 0.649705
vt -0.081078 0.665953
vt -0.122277 0.651402
vt -0.081705 0.667721
vt -0.033586 0.683698
vt 0.017558 0.701724
vt -0.034187 0.685549
vt 0.016990 0.703634
vt 0.069047 0.718819
vt 0.121008 0.734134
vt 0.068537 0.720725
vt 0.120565 0.736029
vt 0.173569 0.746819
vt 0.173186 0.748755
vt -0.343812 0.602307
vt -0.345560 0.603070
vt -0.344786 0.604706
vt -0.343038 0.603940
vt -0.331753 0.602824
vt -0.332362 0.601185
vt -0.301510 0.599349
vt -0.301395 0.601011
vt 0.259645 0.376463
vt 0.257555 0.345065
vt 0.311857 0.341364
vt 0.312909 0.373831
vt 0.313870 0.418272
vt 0.261816 0.419557
vt 0.209768 0.422134
vt 0.206557 0.380865
vt 0.203580 0.350894
vt 0.366309 0.373062
vt 0.366411 0.339895
vt 0.365928 0.418337
vt -0.240686 0.481109
vt -0.242427 0.473368
vt -0.191746 0.453062
vt -0.189040 0.463232
vt -0.185850 0.478461
vt -0.238553 0.492645
vt -0.293483 0.509581
vt -0.294819 0.501362
vt -0.295832 0.495691
vt -0.146008 0.449918
vt -0.149394 0.437269
vt -0.107881 0.423220
vt -0.104007 0.438499
vt -0.099542 0.460668
vt -0.142072 0.468600
vt -0.055453 0.426308
vt -0.059718 0.408145
vt -0.007996 0.393336
vt -0.003513 0.414392
vt 0.001564 0.444145
vt -0.050581 0.452273
vt 0.048649 0.403797
vt 0.044199 0.380084
vt 0.096865 0.368514
vt 0.101045 0.394616
vt 0.105691 0.430926
vt 0.053645 0.437011
vt 0.153686 0.386945
vt 0.150005 0.358747
vt 0.157729 0.425945
vt 0.056988 0.474699
vt 0.108669 0.471536
vt 0.109760 0.514210
vt 0.058378 0.514551
vt 0.006708 0.515157
vt 0.005102 0.478524
vt 0.160189 0.469051
vt 0.211568 0.467322
vt 0.211859 0.514344
vt 0.160913 0.514110
vt 0.262826 0.466426
vt 0.313980 0.466339
vt 0.313219 0.516013
vt 0.262618 0.515009
vt 0.365049 0.467037
vt 0.363694 0.517265
vt -0.236456 0.507874
vt -0.183109 0.498269
vt -0.181519 0.520372
vt -0.235051 0.524954
vt -0.290451 0.532519
vt -0.291851 0.520384
vt -0.138915 0.492154
vt -0.096136 0.487678
vt -0.094385 0.517096
vt -0.137209 0.518144
vt -0.047035 0.482993
vt -0.045313 0.516052
vt -0.137625 0.544135
vt -0.094880 0.546486
vt -0.098486 0.577674
vt -0.140813 0.571420
vt -0.184297 0.565480
vt -0.181784 0.542488
vt -0.045911 0.549040
vt 0.005986 0.551671
vt 0.001821 0.591242
vt -0.049844 0.584422
vt 0.057515 0.554254
vt 0.108746 0.556712
vt 0.104435 0.603617
vt 0.053218 0.597713
vt 0.159750 0.558967
vt 0.210542 0.561114
vt 0.206579 0.613185
vt 0.155555 0.608738
vt 0.261135 0.563247
vt 0.311571 0.565278
vt 0.308359 0.620338
vt 0.257505 0.617063
vt 0.361889 0.567122
vt 0.359167 0.622973
vt -0.234997 0.542048
vt -0.236407 0.559674
vt -0.289860 0.557262
vt -0.289810 0.544734
vt 0.330696 0.415792
vt 0.330529 0.413421
vt 0.384139 0.411168
vt 0.384231 0.413608
vt 0.384442 0.423422
vt 0.331140 0.425347
vt 0.277999 0.428585
vt 0.277353 0.419370
vt 0.277120 0.417077
vt 0.437933 0.412899
vt 0.437924 0.410417
vt 0.437888 0.422877
vt -0.163330 0.501513
vt -0.163998 0.499626
vt -0.118182 0.483646
vt -0.117620 0.485582
vt -0.116568 0.490316
vt -0.162154 0.505461
vt -0.203211 0.523747
vt -0.204744 0.520667
vt -0.205655 0.518951
vt -0.076668 0.474286
vt -0.077201 0.472301
vt -0.035250 0.463016
vt -0.034718 0.465064
vt -0.033559 0.471099
vt -0.075587 0.479689
vt 0.013985 0.455355
vt 0.013474 0.453218
vt 0.065717 0.443738
vt 0.066188 0.445940
vt 0.067339 0.453290
vt 0.015166 0.462063
vt 0.118635 0.437602
vt 0.118225 0.435407
vt 0.170973 0.428187
vt 0.171317 0.430365
vt 0.172274 0.438721
vt 0.119707 0.445486
vt 0.224225 0.424258
vt 0.223936 0.422038
vt 0.225041 0.433065
vt 0.017687 0.477914
vt 0.069853 0.470934
vt 0.072630 0.493607
vt 0.020467 0.498248
vt -0.028492 0.503050
vt -0.031148 0.485107
vt 0.122105 0.464750
vt 0.174454 0.459431
vt 0.176861 0.486132
vt 0.124756 0.489553
vt 0.226911 0.455045
vt 0.279472 0.451642
vt 0.281064 0.481367
vt 0.228961 0.483391
vt 0.332136 0.449270
vt 0.384893 0.447986
vt 0.385307 0.479615
vt 0.333178 0.480093
vt 0.437734 0.447844
vt 0.437451 0.479975
vt -0.159959 0.513531
vt -0.114534 0.500645
vt -0.112247 0.513826
vt -0.157383 0.523727
vt -0.197059 0.536778
vt -0.200434 0.529552
vt -0.073409 0.491927
vt -0.071006 0.507588
vt 0.437018 0.511441
vt 0.436173 0.547493
vt 0.384840 0.546191
vt 0.385406 0.510626
vt -0.155060 0.534056
vt -0.110434 0.527117
vt -0.109467 0.542576
vt -0.152884 0.545968
vt -0.189782 0.552485
vt -0.193731 0.544119
vt -0.069249 0.523262
vt -0.026597 0.520890
vt -0.026005 0.541546
vt -0.068668 0.541471
vt 0.022425 0.518403
vt 0.074569 0.516042
vt 0.075094 0.541937
vt 0.023001 0.541695
vt 0.126587 0.514050
vt 0.178497 0.512458
vt 0.178796 0.542769
vt 0.127019 0.542291
vt 0.230317 0.511295
vt 0.282066 0.510584
vt 0.281990 0.544155
vt 0.230446 0.543387
vt 0.333759 0.510351
vt 0.333450 0.545084
vt 0.228813 0.584299
vt 0.280349 0.586937
vt 0.277206 0.632901
vt 0.225458 0.628137
vt 0.173721 0.622712
vt 0.177195 0.581425
vt 0.331826 0.589334
vt 0.383257 0.591484
vt 0.380784 0.640339
vt 0.328981 0.636978
vt 0.434654 0.593382
vt 0.432622 0.642956
vt -0.150744 0.560910
vt -0.109715 0.562265
vt -0.111502 0.582474
vt -0.150543 0.576105
vt -0.175155 0.572230
vt -0.184542 0.562782
vt -0.069794 0.564740
vt -0.027253 0.567932
vt -0.030216 0.595492
vt -0.072457 0.588838
vt 0.021636 0.571438
vt 0.073627 0.574990
vt 0.070217 0.609982
vt 0.018413 0.602735
vt 0.125473 0.578321
vt 0.121980 0.616651
vt -0.213933 0.581586
vt -0.214651 0.583305
vt -0.225920 0.578856
vt -0.225182 0.577145
vt -0.221274 0.572744
vt -0.210783 0.577828
vt -0.191774 0.585659
vt -0.194179 0.589181
vt -0.194870 0.590909
vt -0.233446 0.573857
vt -0.234197 0.575564
vt -0.240880 0.572883
vt -0.240126 0.571179
vt -0.235197 0.565649
vt -0.228971 0.568876
vt -0.246627 0.568563
vt -0.247373 0.570270
vt -0.252643 0.568144
vt -0.251907 0.566434
vt -0.246214 0.559919
vt -0.241274 0.562488
vt -0.254925 0.565215
vt -0.255659 0.566926
vt -0.257547 0.566162
vt -0.256812 0.564452
vt -0.250780 0.557567
vt -0.249029 0.558464
vt -0.386538 0.563477
vt -0.388276 0.564237
vt -0.391003 0.558211
vt -0.389270 0.557443
vt -0.376177 0.553622
vt -0.373727 0.560344
vt -0.371213 0.567372
vt -0.383655 0.569829
vt -0.385397 0.570580
vt -0.391735 0.551983
vt -0.393467 0.552754
vt -0.395629 0.547954
vt -0.393898 0.547181
vt -0.380544 0.541923
vt -0.378483 0.547405
vt -0.395725 0.543123
vt -0.397455 0.543899
vt -0.398898 0.540693
vt -0.397168 0.539917
vt -0.383600 0.533933
vt -0.382258 0.537407
vt -0.076486 0.609531
vt -0.034769 0.619667
vt -0.038919 0.636972
vt -0.080168 0.624215
vt -0.118745 0.611503
vt -0.115153 0.599495
vt -0.154185 0.588776
vt -0.158521 0.597767
vt -0.185939 0.578549
vt 0.430236 0.690065
vt 0.428285 0.724941
vt 0.374800 0.720773
vt 0.377552 0.686592
vt 0.325008 0.681894
vt 0.321547 0.715022
vt 0.268574 0.707747
vt 0.272624 0.676016
vt 0.220422 0.669006
vt 0.215928 0.699003
vt 0.163626 0.688863
vt 0.168404 0.660913
vt 0.116571 0.651789
vt 0.111686 0.677398
vt 0.060102 0.664697
vt 0.064912 0.641694
vt 0.013415 0.630687
vt 0.008869 0.650844
vt -0.345316 0.521807
vt -0.346355 0.517535
vt -0.343943 0.527699
vt -0.342191 0.535217
vt -0.340365 0.543694
vt -0.338769 0.552464
vt -0.337372 0.561506
vt -0.232806 0.541633
vt -0.234155 0.540332
vt -0.230607 0.543795
vt -0.226708 0.547678
vt -0.221919 0.552467
vt -0.217050 0.557345
vt -0.211026 0.562967
vt -0.202771 0.569991
vt 0.256789 0.333286
vt 0.256685 0.331316
vt 0.311430 0.327245
vt 0.311476 0.329223
vt 0.202480 0.339597
vt 0.202318 0.337638
vt 0.366455 0.327517
vt 0.366470 0.325534
vt -0.243350 0.469528
vt -0.243864 0.467639
vt -0.193610 0.446577
vt -0.193033 0.448434
vt -0.296493 0.492531
vt -0.296979 0.490626
vt -0.150897 0.431815
vt -0.151460 0.429959
vt -0.110021 0.415007
vt -0.109511 0.416879
vt -0.061442 0.400832
vt -0.061894 0.398945
vt -0.010147 0.383145
vt -0.009753 0.385049
vt 0.042492 0.370901
vt 0.042156 0.368983
vt 0.095011 0.356590
vt 0.095287 0.358524
vt 0.148631 0.348050
vt 0.148412 0.346102
vt -0.398181 0.537665
vt -0.399911 0.538442
vt -0.400709 0.536669
vt -0.398978 0.535892
vt -0.385295 0.529785
vt -0.384547 0.531579
vt -0.347105 0.514874
vt -0.347709 0.513019
vt 0.250853 0.682383
vt 0.302908 0.687396
vt 0.297922 0.742719
vt 0.244655 0.736202
vt 0.191725 0.727869
vt 0.198931 0.676109
vt 0.355062 0.691182
vt 0.351424 0.747513
vt -0.239397 0.578351
vt -0.189453 0.590214
vt -0.194486 0.609828
vt -0.242394 0.593166
vt -0.291379 0.580763
vt -0.290534 0.570337
vt -0.147424 0.601296
vt -0.106064 0.612485
vt -0.113398 0.640389
vt -0.153837 0.625095
vt -0.058125 0.624666
vt -0.006903 0.637047
vt -0.015304 0.674211
vt -0.066123 0.657132
vt 0.044309 0.648832
vt 0.095631 0.659502
vt 0.087225 0.705253
vt 0.035763 0.690516
vt 0.147181 0.668538
vt 0.139230 0.717629
vt -0.380733 0.576242
vt -0.382479 0.576986
vt -0.368713 0.574509
vt -0.366697 0.580312
vt -0.378340 0.581484
vt -0.380089 0.582224
vt -0.336143 0.570798
vt -0.335261 0.578275
vt 0.242390 0.755517
vt 0.296103 0.762577
vt 0.295868 0.764701
vt 0.242090 0.757580
vt 0.188725 0.748441
vt 0.189083 0.746450
vt 0.350103 0.767731
vt 0.349941 0.769894
vt -0.243823 0.599202
vt -0.196629 0.617459
vt -0.197326 0.619099
vt -0.244468 0.600850
vt -0.292358 0.587014
vt -0.291939 0.585349
vt -0.156431 0.634149
vt -0.116275 0.650859
vt -0.116922 0.652611
vt -0.157116 0.635830
vt -0.069204 0.669177
vt -0.018500 0.687862
vt -0.019094 0.689757
vt -0.069828 0.671013
vt 0.032556 0.705672
vt 0.084109 0.721758
vt 0.083637 0.723641
vt 0.032018 0.707563
vt 0.136304 0.735274
vt 0.135890 0.737197
vt -0.377042 0.584321
vt -0.378791 0.585061
vt -0.365633 0.583339
vt -0.365046 0.584977
vt -0.376291 0.585956
vt -0.378040 0.586698
vt -0.334904 0.581871
vt -0.334809 0.583527
vt 1.008243 0.469352
vt 0.957077 0.454540
vt 0.957558 0.452744
vt 1.008765 0.467569
vt 1.056476 0.482411
vt 1.055917 0.484183
vt 0.905494 0.440957
vt 0.853492 0.428701
vt 0.853882 0.426878
vt 0.905931 0.439148
vt 0.801066 0.417866
vt 0.748241 0.408532
vt 0.748529 0.406684
vt 0.801406 0.416030
vt 0.695039 0.400778
vt 0.641540 0.394666
vt 0.641717 0.392799
vt 0.695273 0.398919
vt 0.587823 0.390261
vt 0.533944 0.387641
vt 0.534002 0.385765
vt 0.587942 0.388387
vt 1.175627 0.526182
vt 1.135588 0.511433
vt 1.136210 0.509681
vt 1.176284 0.524443
vt 1.097025 0.497822
vt 1.097616 0.496060
vt 0.959975 0.688453
vt 0.907982 0.700047
vt 1.008484 0.676622
vt 1.008932 0.678425
vt 0.960385 0.690265
vt 0.908351 0.701869
vt 0.855650 0.710387
vt 0.802982 0.719378
vt 0.855974 0.712220
vt 0.803258 0.721221
vt 0.749981 0.726923
vt 0.696675 0.732946
vt 0.750206 0.728777
vt 0.696847 0.734808
vt 0.643092 0.737368
vt 0.589314 0.740131
vt 0.643209 0.739238
vt 0.589375 0.742006
vt 0.535425 0.741178
vt 0.481486 0.740432
vt 0.535427 0.743055
vt 0.481427 0.742308
vt 1.130587 0.642164
vt 1.089704 0.654390
vt 1.131135 0.643941
vt 1.090216 0.656177
vt 1.050365 0.665572
vt 1.050845 0.667367
vt 0.055288 0.439561
vt 0.107287 0.427974
vt 0.006772 0.451386
vt 0.006325 0.449582
vt 0.054878 0.437748
vt 0.106919 0.426151
vt 0.159624 0.417640
vt 0.212295 0.408656
vt 0.159301 0.415807
vt 0.212020 0.406812
vt 0.265299 0.401117
vt 0.318607 0.395101
vt 0.265074 0.399263
vt 0.318435 0.393238
vt 0.372191 0.390686
vt 0.425994 0.387929
vt 0.372074 0.388816
vt 0.425933 0.386054
vt 0.479956 0.386889
vt 0.479955 0.385012
vt -0.115359 0.485830
vt -0.074464 0.473608
vt -0.115906 0.484052
vt -0.074976 0.471820
vt -0.035116 0.462430
vt -0.035596 0.460635
vt 0.007006 0.658751
vt 0.058178 0.673561
vt 0.057697 0.675358
vt 0.006484 0.660535
vt -0.041234 0.645694
vt -0.040675 0.643922
vt 0.109767 0.687141
vt 0.161774 0.699394
vt 0.161384 0.701217
vt 0.109330 0.688951
vt 0.214204 0.710226
vt 0.267033 0.719555
vt 0.266745 0.721403
vt 0.213864 0.712061
vt 0.320238 0.727305
vt 0.373764 0.733412
vt 0.373587 0.735280
vt 0.320004 0.729164
vt 0.427556 0.737815
vt 0.427437 0.739689
vt -0.160405 0.601924
vt -0.120358 0.616674
vt -0.120980 0.618426
vt -0.161062 0.603664
vt -0.081789 0.630285
vt -0.082380 0.632047
vt 0.398634 0.054835
vt 0.406779 0.054822
vt 0.406778 0.055070
vt 0.398633 0.055086
vt 0.390415 0.055151
vt 0.390416 0.054897
vt 0.390423 0.054284
vt 0.398640 0.054222
vt 0.406784 0.054204
vt 0.526218 0.038524
vt 0.519385 0.038413
vt 0.519391 0.038149
vt 0.526218 0.038262
vt 0.532947 0.038318
vt 0.532956 0.038576
vt 0.532950 0.039168
vt 0.526217 0.039127
vt 0.519388 0.039024
vt 0.345842 0.018724
vt 0.346206 0.018725
vt 0.346208 0.018974
vt 0.345843 0.018973
vt 0.345555 0.018972
vt 0.345555 0.018723
vt 0.345161 0.018536
vt 0.345841 0.018167
vt 0.346205 0.018168
vt 0.553345 0.047763
vt 0.556940 0.048460
vt 0.556888 0.048694
vt 0.553304 0.048005
vt 0.547783 0.047310
vt 0.547812 0.047061
vt 0.547832 0.046512
vt 0.553452 0.047233
vt 0.557136 0.047946
vt 0.422116 0.021054
vt 0.414091 0.021038
vt 0.414091 0.020788
vt 0.422117 0.020807
vt 0.430063 0.020830
vt 0.430062 0.021074
vt 0.430062 0.021634
vt 0.422116 0.021620
vt 0.414090 0.021609
vt 0.558374 0.035903
vt 0.558632 0.035987
vt 0.558558 0.036206
vt 0.558307 0.036131
vt 0.556922 0.035848
vt 0.556980 0.035610
vt 0.557164 0.035084
vt 0.558589 0.035386
vt 0.558851 0.035478
vt 0.336152 0.033919
vt 0.343746 0.033903
vt 0.343755 0.034161
vt 0.336170 0.034174
vt 0.328967 0.034442
vt 0.328937 0.034191
vt 0.328920 0.033640
vt 0.336161 0.033347
vt 0.343753 0.033312
vt 0.353363 0.018739
vt 0.353633 0.018735
vt 0.353642 0.018986
vt 0.353373 0.018991
vt 0.352910 0.018994
vt 0.352901 0.018742
vt 0.352904 0.018178
vt 0.353367 0.018176
vt 0.354021 0.018546
vt 0.337962 0.018735
vt 0.338928 0.018733
vt 0.338921 0.018983
vt 0.337954 0.018985
vt 0.336936 0.018987
vt 0.336945 0.018736
vt 0.336944 0.018175
vt 0.337964 0.018174
vt 0.338931 0.018173
vt 0.409328 0.012693
vt 0.401270 0.012678
vt 0.401269 0.012429
vt 0.409328 0.012448
vt 0.417311 0.012460
vt 0.417311 0.012703
vt 0.417311 0.013241
vt 0.409328 0.013237
vt 0.401271 0.013226
vt 0.398279 0.030798
vt 0.390080 0.030718
vt 0.390081 0.030465
vt 0.398278 0.030547
vt 0.406406 0.030578
vt 0.406408 0.030826
vt 0.406411 0.031443
vt 0.398283 0.031409
vt 0.390085 0.031329
vt 0.446590 0.043424
vt 0.438723 0.043412
vt 0.438723 0.043174
vt 0.446591 0.043185
vt 0.454493 0.043205
vt 0.454492 0.043447
vt 0.454490 0.044077
vt 0.446589 0.044056
vt 0.438722 0.044044
vt 0.518024 0.029474
vt 0.525949 0.029434
vt 0.525949 0.029699
vt 0.518026 0.029737
vt 0.509619 0.029770
vt 0.509618 0.029510
vt 0.509617 0.028917
vt 0.518022 0.028876
vt 0.525948 0.028833
vt 0.573741 0.021294
vt 0.571549 0.021277
vt 0.571560 0.021035
vt 0.573754 0.021055
vt 0.574007 0.021069
vt 0.573996 0.021306
vt 0.573986 0.021864
vt 0.573730 0.021856
vt 0.571540 0.021843
vt 0.337930 0.015251
vt 0.336894 0.015247
vt 0.336886 0.014996
vt 0.337922 0.015001
vt 0.338904 0.015006
vt 0.338911 0.015256
vt 0.338918 0.015815
vt 0.337940 0.015812
vt 0.336907 0.015808
vt 0.316813 0.025455
vt 0.316546 0.025465
vt 0.316540 0.025230
vt 0.316805 0.025216
vt 0.319006 0.025214
vt 0.319014 0.025456
vt 0.319018 0.026024
vt 0.316816 0.026018
vt 0.316546 0.026023
vt 0.534202 0.015977
vt 0.539796 0.015921
vt 0.539794 0.016171
vt 0.534200 0.016231
vt 0.527541 0.016284
vt 0.527544 0.016026
vt 0.527545 0.015457
vt 0.534201 0.015412
vt 0.539792 0.015361
vt 0.506302 0.012547
vt 0.497868 0.012579
vt 0.497870 0.012320
vt 0.506304 0.012285
vt 0.514240 0.012259
vt 0.514239 0.012523
vt 0.514238 0.013100
vt 0.506301 0.013123
vt 0.497867 0.013149
vt 0.357898 0.024833
vt 0.364801 0.024808
vt 0.364803 0.025074
vt 0.357907 0.025098
vt 0.350833 0.025111
vt 0.350818 0.024851
vt 0.350808 0.024250
vt 0.357891 0.024230
vt 0.364800 0.024205
vt 0.521226 0.016804
vt 0.514387 0.016771
vt 0.514390 0.016508
vt 0.521227 0.016544
vt 0.527637 0.016592
vt 0.527639 0.016849
vt 0.527640 0.017416
vt 0.521225 0.017376
vt 0.514384 0.017346
vt 0.534244 0.020395
vt 0.539788 0.020429
vt 0.539781 0.020678
vt 0.534238 0.020648
vt 0.527624 0.020612
vt 0.527630 0.020356
vt 0.527634 0.019789
vt 0.534251 0.019832
vt 0.539799 0.019872
vt 0.565513 0.024834
vt 0.571545 0.024834
vt 0.571554 0.025075
vt 0.565515 0.025079
vt 0.557269 0.025080
vt 0.557277 0.024832
vt 0.557276 0.024255
vt 0.565508 0.024264
vt 0.571538 0.024269
vt 0.336278 0.046764
vt 0.343917 0.046714
vt 0.343927 0.046973
vt 0.336298 0.047020
vt 0.329064 0.047318
vt 0.329034 0.047067
vt 0.329013 0.046512
vt 0.336286 0.046188
vt 0.343922 0.046119
vt 0.546058 0.020424
vt 0.547091 0.020430
vt 0.547076 0.020668
vt 0.546043 0.020663
vt 0.544752 0.020664
vt 0.544766 0.020423
vt 0.544790 0.019885
vt 0.546086 0.019890
vt 0.547120 0.019899
vt 0.316828 0.045583
vt 0.316567 0.045662
vt 0.316501 0.045416
vt 0.316765 0.045337
vt 0.318383 0.045022
vt 0.318438 0.045268
vt 0.318639 0.045794
vt 0.317062 0.046107
vt 0.316804 0.046185
vt 0.430758 0.050781
vt 0.422845 0.050787
vt 0.422843 0.050543
vt 0.430757 0.050540
vt 0.438630 0.050546
vt 0.438630 0.050785
vt 0.438629 0.051417
vt 0.430758 0.051413
vt 0.422845 0.051417
vt 0.336374 0.042101
vt 0.343932 0.042277
vt 0.343935 0.042531
vt 0.336368 0.042350
vt 0.328940 0.041904
vt 0.328961 0.041658
vt 0.328975 0.041109
vt 0.336356 0.041531
vt 0.343917 0.041687
vt 0.478507 0.050958
vt 0.470396 0.050884
vt 0.470400 0.050636
vt 0.478511 0.050707
vt 0.486688 0.050782
vt 0.486684 0.051034
vt 0.486687 0.051644
vt 0.478508 0.051568
vt 0.470397 0.051501
vt 0.382126 0.055031
vt 0.382126 0.055287
vt 0.373771 0.055423
vt 0.373771 0.055164
vt 0.373782 0.054533
vt 0.382135 0.054408
vt 0.540557 0.038537
vt 0.540538 0.038282
vt 0.547735 0.037997
vt 0.547764 0.038247
vt 0.547784 0.038798
vt 0.540549 0.039110
vt 0.558302 0.048739
vt 0.558548 0.048810
vt 0.558484 0.049031
vt 0.558243 0.048967
vt 0.558530 0.048233
vt 0.558781 0.048308
vt 0.342118 0.018724
vt 0.342406 0.018722
vt 0.342404 0.018970
vt 0.342115 0.018973
vt 0.341751 0.018975
vt 0.341753 0.018726
vt 0.341756 0.018168
vt 0.342120 0.018167
vt 0.342801 0.018536
vt 0.478164 0.034690
vt 0.486363 0.034597
vt 0.486368 0.034850
vt 0.478169 0.034941
vt 0.470039 0.035025
vt 0.470035 0.034776
vt 0.470034 0.034158
vt 0.478164 0.034078
vt 0.486364 0.033986
vt 0.430359 0.034891
vt 0.438231 0.034891
vt 0.438231 0.035129
vt 0.430358 0.035131
vt 0.422447 0.035121
vt 0.422449 0.034878
vt 0.422450 0.034248
vt 0.430359 0.034258
vt 0.438231 0.034258
vt 0.554016 0.040832
vt 0.558302 0.040053
vt 0.558357 0.040298
vt 0.554055 0.041076
vt 0.547819 0.041899
vt 0.547798 0.041654
vt 0.547784 0.041106
vt 0.553910 0.040299
vt 0.558103 0.039529
vt 0.318059 0.015754
vt 0.319048 0.015770
vt 0.319058 0.016010
vt 0.318068 0.015993
vt 0.317271 0.015979
vt 0.317263 0.015741
vt 0.317268 0.015211
vt 0.318067 0.015223
vt 0.319057 0.015238
vt 0.334602 0.018737
vt 0.335064 0.018740
vt 0.335055 0.018992
vt 0.334593 0.018988
vt 0.334324 0.018983
vt 0.334333 0.018732
vt 0.333945 0.018543
vt 0.334599 0.018174
vt 0.335061 0.018176
vt 0.393139 0.012658
vt 0.384934 0.012634
vt 0.384933 0.012381
vt 0.393138 0.012407
vt 0.393139 0.013211
vt 0.384935 0.013193
vt 0.381815 0.030563
vt 0.373491 0.030405
vt 0.373491 0.030148
vt 0.381816 0.030307
vt 0.381822 0.031184
vt 0.373500 0.031034
vt 0.462471 0.043472
vt 0.462473 0.043228
vt 0.470526 0.043238
vt 0.470524 0.043485
vt 0.470520 0.044102
vt 0.462468 0.044096
vt 0.334521 0.015239
vt 0.334252 0.015243
vt 0.334244 0.014991
vt 0.334512 0.014986
vt 0.334978 0.014985
vt 0.334986 0.015237
vt 0.335002 0.015801
vt 0.334537 0.015802
vt 0.333866 0.015431
vt 0.532832 0.029396
vt 0.539877 0.029344
vt 0.539865 0.029604
vt 0.532825 0.029660
vt 0.532836 0.028795
vt 0.539886 0.028746
vt 0.485392 0.021038
vt 0.477325 0.021048
vt 0.477325 0.020799
vt 0.485393 0.020788
vt 0.493532 0.020780
vt 0.493531 0.021033
vt 0.493532 0.021613
vt 0.485393 0.021613
vt 0.477326 0.021617
vt 0.316907 0.020399
vt 0.317375 0.020395
vt 0.317389 0.020634
vt 0.316921 0.020637
vt 0.316629 0.020638
vt 0.316615 0.020400
vt 0.316592 0.019870
vt 0.316885 0.019867
vt 0.317351 0.019862
vt 0.405471 0.025943
vt 0.397314 0.025895
vt 0.397315 0.025641
vt 0.405472 0.025691
vt 0.413555 0.025734
vt 0.413554 0.025983
vt 0.413554 0.026552
vt 0.405471 0.026518
vt 0.397314 0.026476
vt 0.440943 0.016017
vt 0.448841 0.016039
vt 0.448841 0.016283
vt 0.440943 0.016258
vt 0.433082 0.016244
vt 0.433082 0.016005
vt 0.433082 0.015473
vt 0.440942 0.015483
vt 0.448840 0.015501
vt 0.352119 0.022820
vt 0.352979 0.022823
vt 0.352987 0.023076
vt 0.352127 0.023072
vt 0.351077 0.023066
vt 0.351068 0.022815
vt 0.351055 0.022252
vt 0.352104 0.022256
vt 0.352962 0.022258
vt 0.342340 0.024860
vt 0.342354 0.025116
vt 0.333451 0.025118
vt 0.333443 0.024867
vt 0.333444 0.024283
vt 0.342334 0.024267
vt 0.534271 0.016908
vt 0.534269 0.016655
vt 0.539840 0.016722
vt 0.539841 0.016972
vt 0.539836 0.017529
vt 0.534269 0.017470
vt 0.441230 0.020070
vt 0.449120 0.020074
vt 0.449120 0.020316
vt 0.441231 0.020310
vt 0.433377 0.020309
vt 0.433377 0.020071
vt 0.433377 0.019539
vt 0.441231 0.019537
vt 0.449121 0.019536
vt 0.573724 0.024828
vt 0.573976 0.024818
vt 0.573985 0.025053
vt 0.573735 0.025065
vt 0.573718 0.024267
vt 0.573972 0.024262
vt 0.430844 0.047519
vt 0.438721 0.047518
vt 0.438721 0.047757
vt 0.430843 0.047759
vt 0.422923 0.047752
vt 0.422925 0.047509
vt 0.422926 0.046878
vt 0.430845 0.046886
vt 0.438722 0.046885
vt 0.542985 0.020431
vt 0.542975 0.020676
vt 0.543003 0.019884
vt 0.398695 0.043443
vt 0.390468 0.043377
vt 0.390468 0.043123
vt 0.398694 0.043192
vt 0.406847 0.043213
vt 0.406848 0.043461
vt 0.406852 0.044080
vt 0.398700 0.044057
vt 0.390475 0.043990
vt 0.414860 0.050817
vt 0.406801 0.050868
vt 0.406798 0.050620
vt 0.414857 0.050571
vt 0.414860 0.051442
vt 0.406801 0.051487
vt 0.430583 0.041818
vt 0.438455 0.041826
vt 0.438455 0.042065
vt 0.430582 0.042057
vt 0.422667 0.042042
vt 0.422668 0.041799
vt 0.422670 0.041169
vt 0.430583 0.041186
vt 0.438455 0.041194
vt 0.494922 0.051099
vt 0.494928 0.050845
vt 0.503229 0.050921
vt 0.503223 0.051179
vt 0.503229 0.051807
vt 0.494927 0.051719
vt 0.365359 0.055224
vt 0.365357 0.055486
vt 0.357467 0.055514
vt 0.357469 0.055250
vt 0.357479 0.054637
vt 0.365372 0.054598
vt 0.446320 0.037721
vt 0.438455 0.037722
vt 0.438455 0.037483
vt 0.446320 0.037480
vt 0.454220 0.037487
vt 0.454218 0.037730
vt 0.454217 0.038361
vt 0.446319 0.038353
vt 0.438455 0.038355
vt 0.478615 0.047357
vt 0.486791 0.047280
vt 0.486795 0.047533
vt 0.478619 0.047607
vt 0.470506 0.047678
vt 0.470503 0.047430
vt 0.470503 0.046813
vt 0.478616 0.046747
vt 0.486794 0.046671
vt 0.494627 0.034512
vt 0.502957 0.034409
vt 0.502964 0.034668
vt 0.494633 0.034768
vt 0.494631 0.033891
vt 0.502961 0.033779
vt 0.414470 0.034837
vt 0.414468 0.035083
vt 0.406419 0.035021
vt 0.406423 0.034773
vt 0.406423 0.034155
vt 0.414472 0.034213
vt 0.325099 0.029083
vt 0.333401 0.029153
vt 0.333407 0.029403
vt 0.325096 0.029329
vt 0.318984 0.029276
vt 0.318996 0.029032
vt 0.319006 0.028464
vt 0.325099 0.028509
vt 0.333390 0.028573
vt 0.559904 0.039742
vt 0.560163 0.039664
vt 0.560229 0.039909
vt 0.559966 0.039987
vt 0.559672 0.039221
vt 0.559928 0.039143
vt 0.320087 0.015788
vt 0.321401 0.015816
vt 0.321409 0.016058
vt 0.320097 0.016029
vt 0.320095 0.015253
vt 0.321408 0.015276
vt 0.318069 0.017071
vt 0.317267 0.017086
vt 0.317275 0.016846
vt 0.318077 0.016831
vt 0.319073 0.016813
vt 0.319064 0.017054
vt 0.319073 0.017590
vt 0.318077 0.017606
vt 0.317274 0.017619
vt 0.376656 0.012607
vt 0.368305 0.012577
vt 0.368303 0.012318
vt 0.376654 0.012351
vt 0.376657 0.013171
vt 0.368306 0.013147
vt 0.365113 0.030319
vt 0.357258 0.030266
vt 0.357257 0.030003
vt 0.365112 0.030058
vt 0.365123 0.030942
vt 0.357265 0.030876
vt 0.549474 0.017174
vt 0.549013 0.017164
vt 0.549005 0.016927
vt 0.549466 0.016937
vt 0.549759 0.016945
vt 0.549766 0.017181
vt 0.549759 0.017708
vt 0.549467 0.017702
vt 0.549006 0.017694
vt 0.345246 0.020301
vt 0.352126 0.020289
vt 0.352125 0.020554
vt 0.345248 0.020564
vt 0.338802 0.020574
vt 0.338797 0.020315
vt 0.338792 0.019745
vt 0.345244 0.019726
vt 0.352127 0.019711
vt 0.548289 0.029261
vt 0.557130 0.029168
vt 0.557124 0.029419
vt 0.548278 0.029515
vt 0.548301 0.028670
vt 0.557140 0.028587
vt 0.501743 0.021032
vt 0.501743 0.020777
vt 0.510029 0.020778
vt 0.510028 0.021037
vt 0.510029 0.021627
vt 0.501744 0.021617
vt 0.318193 0.020387
vt 0.319202 0.020377
vt 0.319218 0.020617
vt 0.318208 0.020626
vt 0.318167 0.019853
vt 0.319174 0.019842
vt 0.389083 0.025841
vt 0.380776 0.025782
vt 0.380777 0.025523
vt 0.389084 0.025585
vt 0.389083 0.026428
vt 0.380775 0.026374
vt 0.456821 0.016060
vt 0.464881 0.016077
vt 0.464882 0.016326
vt 0.456822 0.016306
vt 0.456821 0.015516
vt 0.464880 0.015528
vt 0.345839 0.022796
vt 0.346204 0.022797
vt 0.346205 0.023046
vt 0.345839 0.023045
vt 0.345551 0.023044
vt 0.345551 0.022795
vt 0.345158 0.022608
vt 0.345838 0.022239
vt 0.346202 0.022239
vt 0.437930 0.024576
vt 0.445752 0.024577
vt 0.445752 0.024817
vt 0.437930 0.024817
vt 0.430062 0.024822
vt 0.430062 0.024578
vt 0.430062 0.024018
vt 0.437930 0.024021
vt 0.445752 0.024024
vt 0.441234 0.016761
vt 0.433377 0.016770
vt 0.433378 0.016531
vt 0.441234 0.016521
vt 0.449126 0.016500
vt 0.449126 0.016743
vt 0.449125 0.017281
vt 0.441234 0.017295
vt 0.433377 0.017302
vt 0.457092 0.020087
vt 0.465140 0.020108
vt 0.465141 0.020356
vt 0.457092 0.020332
vt 0.457092 0.019544
vt 0.465140 0.019560
vt 0.485401 0.024629
vt 0.493542 0.024657
vt 0.493542 0.024910
vt 0.485401 0.024880
vt 0.477332 0.024854
vt 0.477332 0.024605
vt 0.477331 0.024036
vt 0.485400 0.024055
vt 0.493541 0.024077
vt 0.323424 0.037540
vt 0.319804 0.036841
vt 0.319856 0.036605
vt 0.323466 0.037297
vt 0.329025 0.037993
vt 0.328995 0.038243
vt 0.328975 0.038796
vt 0.323316 0.038074
vt 0.319607 0.037359
vt 0.414933 0.047474
vt 0.414931 0.047720
vt 0.406864 0.047667
vt 0.406868 0.047418
vt 0.406868 0.046799
vt 0.414934 0.046849
vt 0.382170 0.043238
vt 0.373807 0.043100
vt 0.373807 0.042841
vt 0.382170 0.042981
vt 0.382178 0.043861
vt 0.373818 0.043732
vt 0.414679 0.041780
vt 0.414678 0.042025
vt 0.406614 0.042021
vt 0.406616 0.041773
vt 0.406620 0.041155
vt 0.414682 0.041155
vt 0.511586 0.051300
vt 0.511593 0.051039
vt 0.519459 0.051165
vt 0.519453 0.051428
vt 0.519457 0.052038
vt 0.511592 0.051922
vt 0.350680 0.055287
vt 0.350682 0.055547
vt 0.343999 0.055506
vt 0.343997 0.055251
vt 0.343982 0.054661
vt 0.350678 0.054684
vt 0.462193 0.037766
vt 0.462196 0.037520
vt 0.470246 0.037575
vt 0.470242 0.037823
vt 0.470242 0.038441
vt 0.462192 0.038390
vt 0.495028 0.047214
vt 0.503325 0.047132
vt 0.503331 0.047390
vt 0.495033 0.047469
vt 0.495032 0.046595
vt 0.503331 0.046505
vt 0.511352 0.034261
vt 0.519251 0.034105
vt 0.519258 0.034369
vt 0.511359 0.034523
vt 0.511356 0.033637
vt 0.519253 0.033492
vt 0.316781 0.029006
vt 0.316769 0.029246
vt 0.316501 0.029229
vt 0.316510 0.028991
vt 0.316522 0.028431
vt 0.316794 0.028441
vt 0.478393 0.041790
vt 0.486595 0.041859
vt 0.486595 0.042112
vt 0.478394 0.042041
vt 0.470263 0.042019
vt 0.470261 0.041771
vt 0.470257 0.041154
vt 0.478388 0.041179
vt 0.486589 0.041248
vt 0.323214 0.015863
vt 0.326450 0.015919
vt 0.326452 0.016169
vt 0.323219 0.016109
vt 0.323220 0.015314
vt 0.326454 0.015361
vt 0.320109 0.017036
vt 0.320118 0.016794
vt 0.321438 0.016763
vt 0.321430 0.017006
vt 0.321437 0.017549
vt 0.320118 0.017574
vt 0.359881 0.012547
vt 0.351956 0.012524
vt 0.351954 0.012261
vt 0.359879 0.012285
vt 0.359882 0.013121
vt 0.351956 0.013100
vt 0.350501 0.030204
vt 0.343852 0.030213
vt 0.343855 0.029960
vt 0.350504 0.029945
vt 0.350497 0.030805
vt 0.343836 0.030801
vt 0.332139 0.020350
vt 0.332145 0.020604
vt 0.326564 0.020631
vt 0.326558 0.020380
vt 0.326547 0.019820
vt 0.332132 0.019784
vt 0.452986 0.029526
vt 0.460838 0.029545
vt 0.460837 0.029789
vt 0.452986 0.029767
vt 0.445172 0.029754
vt 0.445172 0.029514
vt 0.445173 0.028961
vt 0.452986 0.028971
vt 0.460838 0.028985
vt 0.518388 0.021049
vt 0.518389 0.020788
vt 0.526265 0.020802
vt 0.526266 0.021065
vt 0.526267 0.021663
vt 0.518388 0.021644
vt 0.320243 0.020371
vt 0.321545 0.020371
vt 0.321559 0.020614
vt 0.320258 0.020612
vt 0.320215 0.019834
vt 0.321521 0.019830
vt 0.372392 0.025722
vt 0.364491 0.025665
vt 0.364494 0.025401
vt 0.372393 0.025459
vt 0.372391 0.026318
vt 0.364488 0.026265
vt 0.473016 0.016090
vt 0.481226 0.016099
vt 0.481227 0.016353
vt 0.473017 0.016341
vt 0.473014 0.015536
vt 0.481224 0.015540
vt 0.346724 0.022796
vt 0.347382 0.022797
vt 0.347386 0.023046
vt 0.346726 0.023045
vt 0.346721 0.022239
vt 0.347378 0.022239
vt 0.422113 0.024590
vt 0.422113 0.024837
vt 0.414085 0.024860
vt 0.414085 0.024610
vt 0.414086 0.024039
vt 0.422114 0.024025
vt 0.457097 0.016728
vt 0.457098 0.016482
vt 0.465146 0.016470
vt 0.465145 0.016718
vt 0.465144 0.017265
vt 0.457096 0.017271
vt 0.473261 0.020135
vt 0.481454 0.020167
vt 0.481455 0.020420
vt 0.473262 0.020385
vt 0.473261 0.019582
vt 0.481454 0.019609
vt 0.501754 0.024689
vt 0.510039 0.024724
vt 0.510039 0.024983
vt 0.501754 0.024945
vt 0.501753 0.024104
vt 0.510037 0.024134
vt 0.318432 0.036561
vt 0.318184 0.036490
vt 0.318249 0.036268
vt 0.318491 0.036332
vt 0.318202 0.037071
vt 0.317950 0.036995
vt 0.573770 0.025443
vt 0.571562 0.025446
vt 0.571569 0.025203
vt 0.573778 0.025203
vt 0.574044 0.025216
vt 0.574038 0.025452
vt 0.574038 0.026012
vt 0.573768 0.026007
vt 0.571558 0.026016
vt 0.365388 0.043036
vt 0.357492 0.043006
vt 0.357490 0.042742
vt 0.365386 0.042774
vt 0.365400 0.043662
vt 0.357501 0.043619
vt 0.316802 0.015732
vt 0.316810 0.015970
vt 0.316517 0.015962
vt 0.316509 0.015726
vt 0.316515 0.015198
vt 0.316807 0.015203
vt 0.526269 0.051528
vt 0.526268 0.051267
vt 0.532978 0.051311
vt 0.532988 0.051569
vt 0.532983 0.052159
vt 0.526268 0.052130
vt 0.336422 0.055063
vt 0.336416 0.055313
vt 0.328974 0.054857
vt 0.328997 0.054611
vt 0.329009 0.054061
vt 0.336405 0.054493
vt 0.511683 0.047008
vt 0.519544 0.046875
vt 0.519550 0.047138
vt 0.511690 0.047268
vt 0.511688 0.046386
vt 0.519548 0.046265
vt 0.526097 0.033977
vt 0.532849 0.033907
vt 0.532840 0.034166
vt 0.526098 0.034240
vt 0.526094 0.033373
vt 0.532842 0.033314
vt 0.553974 0.053782
vt 0.558237 0.053000
vt 0.558300 0.053242
vt 0.554017 0.054024
vt 0.547809 0.054851
vt 0.547787 0.054607
vt 0.547774 0.054061
vt 0.553874 0.053249
vt 0.558048 0.052473
vt 0.405473 0.029540
vt 0.413554 0.029546
vt 0.413554 0.029795
vt 0.405472 0.029791
vt 0.397316 0.029781
vt 0.397317 0.029527
vt 0.397317 0.028946
vt 0.405473 0.028964
vt 0.413554 0.028976
vt 0.494864 0.042001
vt 0.503195 0.042144
vt 0.503195 0.042402
vt 0.494864 0.042257
vt 0.494856 0.041380
vt 0.503185 0.041515
vt 0.345099 0.016057
vt 0.351951 0.016080
vt 0.351949 0.016344
vt 0.345100 0.016318
vt 0.338677 0.016280
vt 0.338675 0.016023
vt 0.338673 0.015455
vt 0.345099 0.015484
vt 0.351954 0.015504
vt 0.323254 0.016958
vt 0.323259 0.016711
vt 0.326508 0.016648
vt 0.326506 0.016900
vt 0.326511 0.017460
vt 0.323260 0.017510
vt 0.352120 0.015240
vt 0.351069 0.015246
vt 0.351078 0.014995
vt 0.352128 0.014988
vt 0.352988 0.014984
vt 0.352979 0.015237
vt 0.352963 0.015801
vt 0.352105 0.015804
vt 0.351057 0.015808
vt 0.553934 0.031580
vt 0.547710 0.030783
vt 0.547731 0.030537
vt 0.553977 0.031336
vt 0.558287 0.032100
vt 0.558225 0.032344
vt 0.558038 0.032874
vt 0.553836 0.032116
vt 0.547700 0.031331
vt 0.336318 0.030370
vt 0.328932 0.030788
vt 0.328911 0.030544
vt 0.336312 0.030121
vt 0.336298 0.030937
vt 0.328942 0.031335
vt 0.425514 0.020069
vt 0.425514 0.020309
vt 0.417606 0.020314
vt 0.417606 0.020071
vt 0.417606 0.019533
vt 0.425514 0.019535
vt 0.468772 0.029557
vt 0.476786 0.029563
vt 0.476787 0.029813
vt 0.468772 0.029804
vt 0.468772 0.028992
vt 0.476786 0.028993
vt 0.352049 0.019318
vt 0.351016 0.019321
vt 0.351024 0.019070
vt 0.352058 0.019066
vt 0.352906 0.019065
vt 0.352898 0.019317
vt 0.352901 0.019881
vt 0.352052 0.019882
vt 0.351016 0.019884
vt 0.533104 0.021079
vt 0.533097 0.020818
vt 0.540086 0.020847
vt 0.540100 0.021105
vt 0.540111 0.021699
vt 0.533110 0.021677
vt 0.323338 0.020381
vt 0.323348 0.020627
vt 0.323321 0.019830
vt 0.357632 0.025620
vt 0.350603 0.025582
vt 0.350618 0.025323
vt 0.357642 0.025357
vt 0.357624 0.026219
vt 0.350591 0.026178
vt 0.489510 0.016105
vt 0.497871 0.016105
vt 0.497873 0.016364
vt 0.489513 0.016361
vt 0.489509 0.015540
vt 0.497869 0.015535
vt 0.348161 0.022801
vt 0.349049 0.022807
vt 0.349056 0.023057
vt 0.348167 0.023051
vt 0.348156 0.022243
vt 0.349041 0.022247
vt 0.565475 0.025476
vt 0.557171 0.025518
vt 0.557161 0.025267
vt 0.565474 0.025229
vt 0.565472 0.026051
vt 0.557172 0.026099
vt 0.473266 0.016713
vt 0.473267 0.016462
vt 0.481461 0.016460
vt 0.481459 0.016713
vt 0.481457 0.017271
vt 0.473264 0.017266
vt 0.489719 0.020204
vt 0.498056 0.020244
vt 0.498058 0.020503
vt 0.489720 0.020460
vt 0.489719 0.019640
vt 0.498056 0.019676
vt 0.518397 0.024759
vt 0.526271 0.024790
vt 0.526269 0.025053
vt 0.518397 0.025021
vt 0.518396 0.024164
vt 0.526272 0.024193
vt 0.398508 0.037900
vt 0.390312 0.037982
vt 0.390307 0.037729
vt 0.398504 0.037649
vt 0.406631 0.037574
vt 0.406635 0.037822
vt 0.406635 0.038440
vt 0.398507 0.038511
vt 0.390309 0.038593
vt 0.350698 0.042967
vt 0.344009 0.043000
vt 0.344012 0.042745
vt 0.350699 0.042706
vt 0.350695 0.043570
vt 0.343995 0.043591
vt 0.325135 0.021245
vt 0.318990 0.021278
vt 0.318979 0.021033
vt 0.325131 0.020997
vt 0.333505 0.020947
vt 0.333498 0.021199
vt 0.333486 0.021783
vt 0.325133 0.021823
vt 0.319000 0.021851
vt 0.540567 0.051518
vt 0.540547 0.051264
vt 0.547734 0.050961
vt 0.547765 0.051211
vt 0.547785 0.051762
vt 0.540560 0.052089
vt 0.430756 0.054878
vt 0.438629 0.054889
vt 0.438629 0.055127
vt 0.430755 0.055118
vt 0.422839 0.055100
vt 0.422840 0.054857
vt 0.422842 0.054227
vt 0.430757 0.054246
vt 0.438629 0.054257
vt 0.526354 0.046769
vt 0.533066 0.046722
vt 0.533057 0.046979
vt 0.526354 0.047030
vt 0.526353 0.046168
vt 0.533061 0.046133
vt 0.540467 0.033923
vt 0.547705 0.034197
vt 0.547675 0.034448
vt 0.540449 0.034179
vt 0.540457 0.033349
vt 0.547722 0.033643
vt 0.559835 0.052675
vt 0.560100 0.052577
vt 0.560184 0.052822
vt 0.559911 0.052918
vt 0.559613 0.052149
vt 0.559872 0.052051
vt 0.389085 0.029508
vt 0.389083 0.029764
vt 0.380774 0.029740
vt 0.380776 0.029481
vt 0.380777 0.028889
vt 0.389085 0.028921
vt 0.511580 0.042213
vt 0.519441 0.042251
vt 0.519443 0.042513
vt 0.511581 0.042474
vt 0.511568 0.041590
vt 0.519433 0.041640
vt 0.332031 0.015974
vt 0.332033 0.016228
vt 0.332032 0.015411
vt 0.345242 0.016747
vt 0.338790 0.016787
vt 0.338792 0.016528
vt 0.345242 0.016485
vt 0.352117 0.016456
vt 0.352120 0.016720
vt 0.352122 0.017298
vt 0.345242 0.017323
vt 0.338789 0.017357
vt 0.345842 0.015266
vt 0.345555 0.015268
vt 0.345555 0.015019
vt 0.345843 0.015017
vt 0.346208 0.015016
vt 0.346207 0.015266
vt 0.346205 0.015823
vt 0.345841 0.015823
vt 0.345161 0.015454
vt 0.559833 0.032662
vt 0.559908 0.032418
vt 0.560184 0.032512
vt 0.560101 0.032759
vt 0.559874 0.033290
vt 0.559613 0.033192
vt 0.430360 0.030794
vt 0.422449 0.030810
vt 0.422447 0.030567
vt 0.430359 0.030554
vt 0.438231 0.030548
vt 0.438231 0.030786
vt 0.438231 0.031418
vt 0.430360 0.031426
vt 0.422450 0.031440
vt 0.409620 0.020083
vt 0.409619 0.020329
vt 0.401554 0.020350
vt 0.401555 0.020102
vt 0.401555 0.019553
vt 0.409619 0.019539
vt 0.346719 0.019337
vt 0.346203 0.019337
vt 0.346205 0.019088
vt 0.346722 0.019088
vt 0.347378 0.019086
vt 0.347373 0.019336
vt 0.347371 0.019893
vt 0.346718 0.019894
vt 0.346202 0.019894
vt 0.548449 0.021154
vt 0.548437 0.020901
vt 0.557214 0.020960
vt 0.557221 0.021208
vt 0.557233 0.021785
vt 0.548464 0.021740
vt 0.342188 0.025547
vt 0.333357 0.025514
vt 0.333367 0.025265
vt 0.342203 0.025293
vt 0.342180 0.026136
vt 0.333356 0.026094
vt 0.506306 0.016099
vt 0.514243 0.016085
vt 0.514246 0.016349
vt 0.506310 0.016361
vt 0.506304 0.015524
vt 0.514241 0.015508
vt 0.335912 0.019315
vt 0.335064 0.019313
vt 0.335056 0.019061
vt 0.335903 0.019063
vt 0.336936 0.019067
vt 0.336944 0.019318
vt 0.336943 0.019880
vt 0.335909 0.019878
vt 0.335060 0.019876
vt 0.350031 0.022811
vt 0.350039 0.023061
vt 0.350021 0.022250
vt 0.489725 0.016718
vt 0.489727 0.016462
vt 0.498066 0.016470
vt 0.498063 0.016728
vt 0.498060 0.017297
vt 0.489722 0.017281
vt 0.506466 0.020286
vt 0.514377 0.020321
vt 0.514378 0.020583
vt 0.506468 0.020548
vt 0.506465 0.019713
vt 0.514377 0.019745
vt 0.533105 0.024812
vt 0.540107 0.024826
vt 0.540092 0.025083
vt 0.533096 0.025074
vt 0.533111 0.024215
vt 0.540116 0.024232
vt 0.382050 0.038053
vt 0.373722 0.038141
vt 0.373716 0.037883
vt 0.382044 0.037798
vt 0.382046 0.038675
vt 0.373717 0.038771
vt 0.336429 0.043187
vt 0.328995 0.043642
vt 0.328974 0.043395
vt 0.336423 0.042937
vt 0.336412 0.043759
vt 0.329010 0.044193
vt 0.316770 0.021297
vt 0.316512 0.021309
vt 0.316501 0.021069
vt 0.316757 0.021054
vt 0.316782 0.021866
vt 0.316523 0.021874
vt 0.446492 0.050785
vt 0.446493 0.050544
vt 0.454388 0.050552
vt 0.454386 0.050795
vt 0.454386 0.051424
vt 0.446491 0.051417
vt 0.414848 0.054834
vt 0.414846 0.055079
vt 0.414851 0.054209
vt 0.540636 0.046767
vt 0.540617 0.047020
vt 0.540628 0.046196
vt 0.446097 0.034892
vt 0.453999 0.034880
vt 0.454001 0.035123
vt 0.446098 0.035132
vt 0.446097 0.034259
vt 0.453998 0.034249
vt 0.478540 0.054842
vt 0.486731 0.054905
vt 0.486731 0.055158
vt 0.478541 0.055092
vt 0.470419 0.055075
vt 0.470417 0.054828
vt 0.470413 0.054211
vt 0.478534 0.054231
vt 0.486724 0.054294
vt 0.372389 0.029443
vt 0.372387 0.029706
vt 0.364484 0.029668
vt 0.364484 0.029403
vt 0.364485 0.028804
vt 0.372391 0.028847
vt 0.526204 0.042296
vt 0.532860 0.042271
vt 0.532857 0.042525
vt 0.526202 0.042556
vt 0.526207 0.041696
vt 0.532874 0.041683
vt 0.425215 0.016016
vt 0.425215 0.016256
vt 0.417307 0.016280
vt 0.417307 0.016036
vt 0.417307 0.015498
vt 0.425215 0.015482
vt 0.554038 0.044492
vt 0.547848 0.043669
vt 0.547870 0.043425
vt 0.554077 0.044249
vt 0.558358 0.045027
vt 0.558303 0.045271
vt 0.558105 0.045792
vt 0.553932 0.045023
vt 0.547834 0.044214
vt 0.332115 0.016840
vt 0.332117 0.016585
vt 0.332116 0.017406
vt 0.346726 0.015266
vt 0.346729 0.015017
vt 0.347388 0.015016
vt 0.347384 0.015266
vt 0.347380 0.015823
vt 0.346724 0.015823
vt 0.478190 0.030796
vt 0.470050 0.030825
vt 0.470052 0.030577
vt 0.478190 0.030546
vt 0.486401 0.030462
vt 0.486401 0.030716
vt 0.486396 0.031328
vt 0.478186 0.031409
vt 0.470047 0.031442
vt 0.414464 0.030825
vt 0.414463 0.030580
vt 0.414467 0.031449
vt 0.393414 0.020126
vt 0.393413 0.020377
vt 0.385194 0.020408
vt 0.385195 0.020154
vt 0.385196 0.019594
vt 0.393414 0.019571
vt 0.348149 0.019331
vt 0.348155 0.019081
vt 0.349037 0.019076
vt 0.349030 0.019327
vt 0.349027 0.019887
vt 0.348147 0.019890
vt 0.453564 0.021099
vt 0.445753 0.021109
vt 0.445753 0.020869
vt 0.453564 0.020858
vt 0.461408 0.020835
vt 0.461408 0.021079
vt 0.461408 0.021638
vt 0.453564 0.021654
vt 0.445752 0.021663
vt 0.353445 0.022821
vt 0.353714 0.022816
vt 0.353722 0.023068
vt 0.353453 0.023074
vt 0.353428 0.022257
vt 0.354100 0.022627
vt 0.437356 0.026045
vt 0.429497 0.026036
vt 0.429497 0.025793
vt 0.437356 0.025804
vt 0.445173 0.025807
vt 0.445173 0.026046
vt 0.445173 0.026599
vt 0.437355 0.026600
vt 0.429496 0.026596
vt 0.341236 0.019334
vt 0.340583 0.019333
vt 0.340578 0.019084
vt 0.341232 0.019085
vt 0.341749 0.019085
vt 0.341752 0.019334
vt 0.341754 0.019891
vt 0.341238 0.019891
vt 0.340585 0.019891
vt 0.549369 0.012439
vt 0.548904 0.012442
vt 0.548890 0.012204
vt 0.549356 0.012202
vt 0.549647 0.012201
vt 0.549661 0.012438
vt 0.549683 0.012967
vt 0.549392 0.012969
vt 0.548926 0.012973
vt 0.462463 0.045478
vt 0.454488 0.045481
vt 0.470511 0.045457
vt 0.462459 0.046859
vt 0.454487 0.046885
vt 0.446589 0.045473
vt 0.438722 0.045465
vt 0.446588 0.046889
vt 0.540567 0.044992
vt 0.533026 0.044879
vt 0.532988 0.043627
vt 0.540502 0.043789
vt 0.547835 0.045363
vt 0.526350 0.044888
vt 0.519570 0.044961
vt 0.519594 0.043658
vt 0.526345 0.043609
vt 0.511720 0.045043
vt 0.503361 0.045137
vt 0.503393 0.043769
vt 0.511753 0.043701
vt 0.495057 0.045245
vt 0.486812 0.045346
vt 0.486831 0.044021
vt 0.495083 0.043896
vt 0.478628 0.045415
vt 0.478642 0.044084
vt 0.559098 0.047169
vt 0.559666 0.046100
vt 0.559922 0.046178
vt 0.559351 0.047246
vt 0.557620 0.046870
vt 0.553692 0.046128
vt 0.462195 0.039772
vt 0.462200 0.041154
vt 0.454219 0.041169
vt 0.454218 0.039765
vt 0.470249 0.039797
vt 0.446319 0.039769
vt 0.446319 0.041185
vt 0.438455 0.039775
vt 0.540486 0.040319
vt 0.540420 0.041527
vt 0.532914 0.040426
vt 0.547785 0.039953
vt 0.526212 0.040412
vt 0.519410 0.040332
vt 0.511535 0.040244
vt 0.503154 0.040143
vt 0.503125 0.038772
vt 0.511505 0.038897
vt 0.494831 0.040028
vt 0.486570 0.039921
vt 0.486553 0.038594
vt 0.494807 0.038675
vt 0.478375 0.039845
vt 0.478363 0.038512
vt 0.559102 0.038147
vt 0.559356 0.038070
vt 0.557617 0.038446
vt 0.557131 0.037365
vt 0.558532 0.037077
vt 0.558784 0.037002
vt 0.553670 0.039188
vt 0.553430 0.038078
vt 0.506468 0.018516
vt 0.498058 0.018486
vt 0.506471 0.017319
vt 0.514380 0.018546
vt 0.489720 0.018461
vt 0.481455 0.018440
vt 0.473262 0.018424
vt 0.465142 0.018413
vt 0.457094 0.018408
vt 0.449123 0.018408
vt 0.441232 0.018416
vt 0.433377 0.018420
vt 0.534261 0.018651
vt 0.527638 0.018602
vt 0.539819 0.018701
vt 0.521224 0.018571
vt 0.521222 0.019765
vt 0.462358 0.052834
vt 0.462363 0.054215
vt 0.454388 0.054231
vt 0.454386 0.052828
vt 0.462355 0.051453
vt 0.470404 0.052856
vt 0.446491 0.052832
vt 0.446491 0.054248
vt 0.438629 0.052837
vt 0.540499 0.053293
vt 0.540435 0.054495
vt 0.532912 0.054666
vt 0.532949 0.053413
vt 0.547781 0.052912
vt 0.526266 0.053411
vt 0.526263 0.054691
vt 0.519505 0.054647
vt 0.519480 0.053343
vt 0.511624 0.053265
vt 0.511658 0.054609
vt 0.503292 0.054544
vt 0.503260 0.053175
vt 0.494952 0.053069
vt 0.494979 0.054419
vt 0.486705 0.052969
vt 0.478521 0.052900
vt 0.559097 0.051059
vt 0.559357 0.050962
vt 0.557608 0.051376
vt 0.557168 0.050280
vt 0.558583 0.049973
vt 0.558844 0.049880
vt 0.553660 0.052134
vt 0.553445 0.051018
vt 0.506302 0.014323
vt 0.497867 0.014342
vt 0.514239 0.014304
vt 0.489508 0.014357
vt 0.481223 0.014368
vt 0.481224 0.013197
vt 0.489508 0.013175
vt 0.473014 0.014376
vt 0.464879 0.014379
vt 0.464878 0.013230
vt 0.473014 0.013215
vt 0.456819 0.014378
vt 0.448839 0.014372
vt 0.448837 0.013244
vt 0.456818 0.013240
vt 0.440941 0.014361
vt 0.433083 0.014354
vt 0.433083 0.013235
vt 0.440941 0.013240
vt 0.534195 0.014226
vt 0.527545 0.014266
vt 0.527543 0.013075
vt 0.534187 0.013040
vt 0.539758 0.013008
vt 0.539776 0.014185
vt 0.521107 0.014288
vt 0.521106 0.013089
vt 0.521107 0.015487
vt 0.461980 0.032832
vt 0.453998 0.032844
vt 0.453999 0.031440
vt 0.461983 0.031449
vt 0.470040 0.032800
vt 0.461978 0.034215
vt 0.446096 0.032842
vt 0.438231 0.032838
vt 0.446096 0.031426
vt 0.540390 0.032140
vt 0.532802 0.032054
vt 0.532759 0.030796
vt 0.540320 0.030932
vt 0.547712 0.032487
vt 0.526087 0.032086
vt 0.519271 0.032182
vt 0.519292 0.030872
vt 0.526078 0.030800
vt 0.511383 0.032288
vt 0.502988 0.032405
vt 0.503016 0.031032
vt 0.511413 0.030939
vt 0.494652 0.032536
vt 0.486380 0.032657
vt 0.494675 0.031182
vt 0.478174 0.032743
vt 0.559100 0.034291
vt 0.559362 0.034388
vt 0.557601 0.033980
vt 0.553627 0.033239
vt 0.553416 0.034362
vt 0.414931 0.045464
vt 0.414927 0.044079
vt 0.422924 0.044066
vt 0.422925 0.045471
vt 0.406861 0.045440
vt 0.430845 0.045468
vt 0.430845 0.044050
vt 0.336347 0.044973
vt 0.343957 0.044855
vt 0.329011 0.045352
vt 0.350691 0.044860
vt 0.357525 0.044933
vt 0.357548 0.046247
vt 0.350688 0.046151
vt 0.365434 0.045014
vt 0.373850 0.045108
vt 0.373880 0.046485
vt 0.365466 0.046367
vt 0.382204 0.045218
vt 0.390494 0.045321
vt 0.390512 0.046652
vt 0.382229 0.046576
vt 0.398714 0.045394
vt 0.398726 0.046730
vt 0.317638 0.047185
vt 0.317382 0.047264
vt 0.319130 0.046882
vt 0.319620 0.047968
vt 0.318212 0.048260
vt 0.317959 0.048336
vt 0.323096 0.046130
vt 0.322854 0.045014
vt 0.323339 0.047246
vt 0.414686 0.039773
vt 0.422671 0.039765
vt 0.406628 0.039798
vt 0.414689 0.038390
vt 0.422672 0.038360
vt 0.430583 0.039769
vt 0.430583 0.038353
vt 0.336290 0.040320
vt 0.343878 0.040428
vt 0.328974 0.039953
vt 0.336227 0.039109
vt 0.343841 0.039167
vt 0.350593 0.040414
vt 0.357408 0.040334
vt 0.357384 0.041644
vt 0.350598 0.041700
vt 0.350588 0.039126
vt 0.357429 0.039024
vt 0.365295 0.040245
vt 0.373688 0.040145
vt 0.373657 0.041518
vt 0.365262 0.041594
vt 0.365325 0.038897
vt 0.382022 0.040029
vt 0.390292 0.039921
vt 0.390274 0.041250
vt 0.381997 0.041383
vt 0.398495 0.039846
vt 0.398483 0.041180
vt 0.317631 0.038143
vt 0.317060 0.039219
vt 0.316802 0.039141
vt 0.317377 0.038065
vt 0.319120 0.038443
vt 0.318632 0.039528
vt 0.323076 0.039187
vt 0.322835 0.040300
vt 0.360078 0.018481
vt 0.368528 0.018457
vt 0.368529 0.019652
vt 0.360080 0.019684
vt 0.352125 0.018505
vt 0.360076 0.017278
vt 0.368526 0.017263
vt 0.376900 0.018437
vt 0.385195 0.018422
vt 0.376901 0.019622
vt 0.376899 0.017253
vt 0.385194 0.017249
vt 0.393413 0.018410
vt 0.401554 0.018403
vt 0.393412 0.017248
vt 0.401553 0.017253
vt 0.409618 0.018401
vt 0.417604 0.018404
vt 0.409616 0.017262
vt 0.417602 0.017275
vt 0.425513 0.018414
vt 0.425511 0.017292
vt 0.332123 0.018595
vt 0.338789 0.018551
vt 0.326528 0.018640
vt 0.345243 0.018524
vt 0.414856 0.052826
vt 0.422844 0.052822
vt 0.406793 0.052845
vt 0.430758 0.052830
vt 0.336339 0.053282
vt 0.343945 0.053399
vt 0.329002 0.052903
vt 0.328997 0.051743
vt 0.336277 0.052069
vt 0.343910 0.052136
vt 0.350675 0.053395
vt 0.357504 0.053325
vt 0.350672 0.052105
vt 0.357527 0.052012
vt 0.365406 0.053247
vt 0.373815 0.053158
vt 0.365439 0.051896
vt 0.373846 0.051782
vt 0.382161 0.053052
vt 0.390442 0.052954
vt 0.382187 0.051696
vt 0.390461 0.051624
vt 0.398654 0.052887
vt 0.398667 0.051551
vt 0.317595 0.051044
vt 0.317076 0.052143
vt 0.316814 0.052044
vt 0.317333 0.050946
vt 0.317849 0.049855
vt 0.318112 0.049948
vt 0.319539 0.050257
vt 0.319096 0.051362
vt 0.318653 0.052469
vt 0.323077 0.052122
vt 0.322862 0.053247
vt 0.323292 0.050997
vt 0.359881 0.014320
vt 0.368306 0.014338
vt 0.368305 0.015529
vt 0.359880 0.015519
vt 0.351955 0.014302
vt 0.376657 0.014353
vt 0.384935 0.014364
vt 0.384934 0.015534
vt 0.376656 0.015534
vt 0.393139 0.014371
vt 0.401270 0.014375
vt 0.401269 0.015524
vt 0.393138 0.015531
vt 0.409327 0.014374
vt 0.417309 0.014370
vt 0.409325 0.015512
vt 0.425216 0.014360
vt 0.425218 0.013238
vt 0.332038 0.014227
vt 0.332046 0.013044
vt 0.338675 0.013077
vt 0.338673 0.014266
vt 0.326470 0.014187
vt 0.326488 0.013013
vt 0.345099 0.014287
vt 0.345100 0.013091
vt 0.414470 0.032831
vt 0.422450 0.032843
vt 0.406418 0.032799
vt 0.430360 0.032842
vt 0.336228 0.032141
vt 0.343793 0.032056
vt 0.328930 0.032487
vt 0.350489 0.032087
vt 0.357285 0.032182
vt 0.357303 0.033489
vt 0.350481 0.033371
vt 0.365153 0.032288
vt 0.373528 0.032405
vt 0.373554 0.033775
vt 0.365180 0.033633
vt 0.381845 0.032535
vt 0.390102 0.032656
vt 0.390117 0.033982
vt 0.381867 0.033887
vt 0.398294 0.032742
vt 0.398304 0.034075
vt 0.317581 0.034285
vt 0.317320 0.034381
vt 0.316809 0.033287
vt 0.317069 0.033190
vt 0.318639 0.032873
vt 0.319075 0.033975
vt 0.319509 0.035075
vt 0.318090 0.035376
vt 0.317828 0.035468
vt 0.323035 0.033237
vt 0.322826 0.032118
vt 0.323244 0.034356
vt 0.469331 0.022824
vt 0.461408 0.022828
vt 0.469330 0.021626
vt 0.477329 0.022827
vt 0.469332 0.024023
vt 0.461408 0.024017
vt 0.453564 0.022837
vt 0.445752 0.022843
vt 0.453563 0.024020
vt 0.548481 0.022992
vt 0.540117 0.022966
vt 0.557257 0.023020
vt 0.548492 0.024245
vt 0.533112 0.022946
vt 0.526270 0.022928
vt 0.518392 0.022904
vt 0.510033 0.022881
vt 0.501748 0.022861
vt 0.493537 0.022845
vt 0.485397 0.022834
vt 0.573721 0.023062
vt 0.573977 0.023063
vt 0.571536 0.023056
vt 0.565495 0.023042
vt 0.565483 0.021820
vt 0.468772 0.027791
vt 0.460837 0.027794
vt 0.460836 0.026603
vt 0.468772 0.026590
vt 0.476788 0.026567
vt 0.476787 0.027780
vt 0.452985 0.027787
vt 0.445173 0.027780
vt 0.452985 0.026603
vt 0.548314 0.027409
vt 0.539888 0.027470
vt 0.539882 0.026195
vt 0.548319 0.026147
vt 0.557158 0.027343
vt 0.532834 0.027517
vt 0.525947 0.027560
vt 0.525944 0.026287
vt 0.532827 0.026240
vt 0.518022 0.027609
vt 0.509618 0.027657
vt 0.509619 0.026397
vt 0.518022 0.026341
vt 0.501293 0.027699
vt 0.501292 0.028948
vt 0.493046 0.028970
vt 0.493047 0.027733
vt 0.493049 0.026496
vt 0.501295 0.026450
vt 0.484879 0.027760
vt 0.484877 0.028985
vt 0.484880 0.026536
vt 0.573777 0.027223
vt 0.574050 0.027220
vt 0.574065 0.028429
vt 0.573792 0.028439
vt 0.571572 0.028464
vt 0.571563 0.027239
vt 0.565465 0.027283
vt 0.565459 0.028515
vt 0.422115 0.022822
vt 0.430062 0.022826
vt 0.414088 0.022824
vt 0.437930 0.022837
vt 0.437930 0.021652
vt 0.342345 0.023000
vt 0.342362 0.021733
vt 0.350813 0.021688
vt 0.350807 0.022969
vt 0.333463 0.023033
vt 0.357889 0.022947
vt 0.357892 0.021665
vt 0.364804 0.021650
vt 0.364802 0.022927
vt 0.372753 0.022903
vt 0.372756 0.021631
vt 0.381187 0.021615
vt 0.381183 0.022878
vt 0.381179 0.024141
vt 0.372749 0.024174
vt 0.389530 0.022858
vt 0.389535 0.021606
vt 0.397801 0.021602
vt 0.397796 0.022842
vt 0.397792 0.024082
vt 0.389526 0.024110
vt 0.405982 0.022831
vt 0.405986 0.021604
vt 0.405979 0.024058
vt 0.316792 0.023087
vt 0.316533 0.023089
vt 0.319004 0.023079
vt 0.319003 0.024308
vt 0.316796 0.024307
vt 0.316539 0.024302
vt 0.325122 0.023060
vt 0.325110 0.024298
vt 0.421562 0.027779
vt 0.429495 0.027786
vt 0.429494 0.028976
vt 0.421561 0.028979
vt 0.413554 0.027764
vt 0.421562 0.026579
vt 0.437354 0.027783
vt 0.437353 0.028966
vt 0.342186 0.027393
vt 0.350586 0.027450
vt 0.350588 0.028721
vt 0.342200 0.028650
vt 0.333371 0.027334
vt 0.357618 0.027493
vt 0.364486 0.027534
vt 0.357617 0.028767
vt 0.372391 0.027583
vt 0.380776 0.027631
vt 0.389084 0.027674
vt 0.397316 0.027711
vt 0.405472 0.027741
vt 0.316808 0.027229
vt 0.316536 0.027227
vt 0.319014 0.027244
vt 0.325092 0.027281
vt 0.325083 0.026053
vt 0.543036 0.018733
vt 0.543065 0.017581
vt 0.544874 0.017621
vt 0.544835 0.018753
vt 0.546138 0.018769
vt 0.546184 0.017647
vt 0.547221 0.017664
vt 0.547173 0.018782
vt 0.548167 0.018795
vt 0.548210 0.017680
vt 0.548970 0.018807
vt 0.548928 0.019920
vt 0.548119 0.019910
vt 0.549432 0.018814
vt 0.549723 0.018818
vt 0.549682 0.019927
vt 0.549392 0.019925
vt 0.337951 0.021063
vt 0.337962 0.019882
vt 0.338930 0.019884
vt 0.338924 0.021063
vt 0.338914 0.022242
vt 0.337936 0.022244
vt 0.336903 0.022246
vt 0.336925 0.021063
vt 0.339806 0.021063
vt 0.339810 0.019888
vt 0.340582 0.021063
vt 0.340577 0.022236
vt 0.339799 0.022238
vt 0.341236 0.021064
vt 0.341754 0.021065
vt 0.341752 0.022238
vt 0.341233 0.022237
vt 0.342118 0.021065
vt 0.342118 0.019893
vt 0.342799 0.019525
vt 0.342727 0.021066
vt 0.342798 0.022606
vt 0.342117 0.022238
vt 0.335885 0.021063
vt 0.335856 0.022249
vt 0.334998 0.022251
vt 0.335032 0.021064
vt 0.334568 0.021063
vt 0.334598 0.019878
vt 0.334534 0.022249
vt 0.333862 0.022619
vt 0.333973 0.021064
vt 0.333945 0.019508
vt 0.332724 0.021064
vt 0.332761 0.019571
vt 0.332687 0.022557
vt 0.331117 0.022558
vt 0.331149 0.021065
vt 0.331180 0.019572
vt 0.543007 0.014157
vt 0.544813 0.014139
vt 0.544851 0.015276
vt 0.543034 0.015314
vt 0.542975 0.013001
vt 0.544770 0.013002
vt 0.546123 0.014126
vt 0.547162 0.014114
vt 0.547208 0.015237
vt 0.546167 0.015253
vt 0.546072 0.012999
vt 0.547110 0.012992
vt 0.548160 0.014102
vt 0.548967 0.014091
vt 0.549002 0.015209
vt 0.548201 0.015222
vt 0.548114 0.012982
vt 0.549430 0.014085
vt 0.549723 0.014081
vt 0.549758 0.015195
vt 0.549464 0.015201
vt 0.350007 0.021067
vt 0.349033 0.021067
vt 0.349996 0.019885
vt 0.351034 0.021068
vt 0.348150 0.021066
vt 0.347373 0.021066
vt 0.346719 0.021067
vt 0.346202 0.021067
vt 0.345838 0.021067
vt 0.345230 0.021067
vt 0.345159 0.019525
vt 0.345839 0.019895
vt 0.352075 0.021069
vt 0.352930 0.021069
vt 0.353394 0.021070
vt 0.353364 0.019883
vt 0.354018 0.019512
vt 0.353990 0.021070
vt 0.355240 0.021071
vt 0.355203 0.019576
vt 0.356786 0.019577
vt 0.356817 0.021072
vt 0.356848 0.022566
vt 0.355277 0.022565
vt 0.323288 0.018670
vt 0.321476 0.018690
vt 0.320163 0.018704
vt 0.319120 0.018716
vt 0.318119 0.018730
vt 0.317310 0.018741
vt 0.316844 0.018747
vt 0.316551 0.018752
vt 0.316515 0.017634
vt 0.316810 0.017628
vt 0.337953 0.016993
vt 0.338927 0.016994
vt 0.336928 0.016991
vt 0.339809 0.016995
vt 0.340585 0.016995
vt 0.340587 0.018168
vt 0.339811 0.018170
vt 0.339803 0.015819
vt 0.340581 0.015822
vt 0.341239 0.016995
vt 0.341757 0.016995
vt 0.341240 0.018168
vt 0.341237 0.015822
vt 0.341756 0.015821
vt 0.342121 0.016995
vt 0.342730 0.016995
vt 0.342121 0.015822
vt 0.342801 0.015454
vt 0.335887 0.016990
vt 0.335910 0.018176
vt 0.335034 0.016989
vt 0.335860 0.015804
vt 0.334570 0.016988
vt 0.333975 0.016987
vt 0.332726 0.016985
vt 0.332761 0.018478
vt 0.331180 0.018476
vt 0.331150 0.016982
vt 0.331121 0.015489
vt 0.332691 0.015492
vt 0.323247 0.014160
vt 0.321445 0.014142
vt 0.321488 0.013008
vt 0.323278 0.013006
vt 0.320139 0.014129
vt 0.319103 0.014118
vt 0.319154 0.012998
vt 0.320190 0.013005
vt 0.318107 0.014106
vt 0.317303 0.014096
vt 0.317343 0.012981
vt 0.318153 0.012989
vt 0.316840 0.014090
vt 0.316549 0.014086
vt 0.316588 0.012975
vt 0.316879 0.012977
vt 0.350009 0.016994
vt 0.349999 0.018176
vt 0.349030 0.018175
vt 0.349035 0.016995
vt 0.349044 0.015815
vt 0.350023 0.015812
vt 0.351036 0.016993
vt 0.351019 0.018177
vt 0.348152 0.016995
vt 0.348150 0.018172
vt 0.347374 0.018169
vt 0.347376 0.016996
vt 0.348158 0.015819
vt 0.346721 0.016996
vt 0.346721 0.018168
vt 0.346205 0.016995
vt 0.345841 0.016995
vt 0.345233 0.016995
vt 0.352078 0.016991
vt 0.352054 0.018178
vt 0.352931 0.016990
vt 0.353395 0.016989
vt 0.353429 0.015802
vt 0.354100 0.015431
vt 0.353991 0.016989
vt 0.355241 0.016986
vt 0.355206 0.018481
vt 0.355277 0.015492
vt 0.356848 0.015489
vt 0.356818 0.016984
vt 0.356789 0.018478
vt 0.343979 0.021066
vt 0.343979 0.019587
vt 0.343978 0.022545
vt 0.343981 0.016995
vt 0.343981 0.018474
vt 0.343982 0.015516
vt 0.558367 0.049460
vt 0.556982 0.049758
vt 0.556924 0.049522
vt 0.558299 0.049233
vt 0.558549 0.049158
vt 0.558623 0.049374
vt 0.350601 0.042302
vt 0.357376 0.042256
vt 0.357374 0.042518
vt 0.350603 0.042561
vt 0.336270 0.051494
vt 0.329016 0.051189
vt 0.329048 0.050936
vt 0.336290 0.051238
vt 0.343915 0.051283
vt 0.343905 0.051542
vt 0.322746 0.044478
vt 0.322706 0.044232
vt 0.548093 0.020440
vt 0.548905 0.020449
vt 0.548891 0.020686
vt 0.548078 0.020677
vt 0.350688 0.046757
vt 0.357552 0.046861
vt 0.357546 0.047126
vt 0.350688 0.047020
vt 0.468771 0.026025
vt 0.460836 0.026043
vt 0.460835 0.025800
vt 0.468771 0.025779
vt 0.476787 0.025748
vt 0.476788 0.025997
vt 0.521220 0.020337
vt 0.521217 0.020598
vt 0.543071 0.017033
vt 0.543067 0.016787
vt 0.544874 0.016840
vt 0.544882 0.017083
vt 0.372748 0.024774
vt 0.381177 0.024736
vt 0.381177 0.024997
vt 0.372748 0.025038
vt 0.489509 0.012610
vt 0.481224 0.012637
vt 0.481226 0.012384
vt 0.489510 0.012353
vt 0.521107 0.016061
vt 0.521106 0.016323
vt 0.325081 0.025480
vt 0.325081 0.025234
vt 0.339798 0.015261
vt 0.339792 0.015012
vt 0.340572 0.015016
vt 0.340576 0.015265
vt 0.565481 0.021249
vt 0.565484 0.021004
vt 0.501292 0.029536
vt 0.501293 0.029793
vt 0.493047 0.029806
vt 0.493046 0.029552
vt 0.461985 0.030825
vt 0.454000 0.030810
vt 0.454001 0.030567
vt 0.461987 0.030579
vt 0.323295 0.012458
vt 0.321511 0.012470
vt 0.321525 0.012228
vt 0.323305 0.012213
vt 0.326505 0.012206
vt 0.326498 0.012456
vt 0.540484 0.043223
vt 0.532973 0.043041
vt 0.532971 0.042788
vt 0.540491 0.042975
vt 0.462366 0.054838
vt 0.462367 0.055083
vt 0.454390 0.055102
vt 0.454389 0.054860
vt 0.316850 0.032662
vt 0.316583 0.032758
vt 0.316501 0.032512
vt 0.316775 0.032418
vt 0.318390 0.032102
vt 0.318452 0.032344
vt 0.425218 0.012704
vt 0.425218 0.012464
vt 0.433083 0.012465
vt 0.433083 0.012703
vt 0.339808 0.018729
vt 0.340584 0.018725
vt 0.340579 0.018975
vt 0.339802 0.018978
vt 0.350001 0.018737
vt 0.351019 0.018739
vt 0.351027 0.018990
vt 0.350008 0.018988
vt 0.349040 0.018985
vt 0.349033 0.018735
vt 0.350478 0.033973
vt 0.357305 0.034100
vt 0.357299 0.034364
vt 0.350478 0.034235
vt 0.553317 0.034900
vt 0.553272 0.035146
vt 0.437930 0.021097
vt 0.437930 0.020855
vt 0.511500 0.038274
vt 0.503120 0.038143
vt 0.503126 0.037885
vt 0.511507 0.038012
vt 0.316852 0.052673
vt 0.318463 0.053000
vt 0.318400 0.053243
vt 0.316777 0.052918
vt 0.316501 0.052822
vt 0.316585 0.052575
vt 0.553343 0.050483
vt 0.553298 0.050239
vt 0.365250 0.042218
vt 0.373647 0.042148
vt 0.373647 0.042406
vt 0.365249 0.042479
vt 0.350672 0.051500
vt 0.350672 0.051236
vt 0.357525 0.051134
vt 0.357531 0.051398
vt 0.549369 0.020453
vt 0.549659 0.020454
vt 0.549645 0.020690
vt 0.549355 0.020689
vt 0.365472 0.046993
vt 0.373886 0.047117
vt 0.373880 0.047376
vt 0.365465 0.047255
vt 0.452985 0.026048
vt 0.452985 0.025807
vt 0.334516 0.022813
vt 0.334982 0.022815
vt 0.334973 0.023067
vt 0.334508 0.023065
vt 0.334239 0.023059
vt 0.334248 0.022808
vt 0.546193 0.017113
vt 0.546184 0.016872
vt 0.547221 0.016893
vt 0.547230 0.017132
vt 0.389524 0.024699
vt 0.397791 0.024665
vt 0.397791 0.024920
vt 0.389525 0.024957
vt 0.473014 0.012661
vt 0.464879 0.012681
vt 0.464879 0.012433
vt 0.473015 0.012411
vt 0.543040 0.015864
vt 0.544858 0.015817
vt 0.544850 0.016060
vt 0.543035 0.016111
vt 0.341234 0.015265
vt 0.341231 0.015016
vt 0.341751 0.015015
vt 0.341754 0.015264
vt 0.484877 0.029561
vt 0.484878 0.029813
vt 0.446096 0.030794
vt 0.446097 0.030554
vt 0.320217 0.012471
vt 0.319182 0.012466
vt 0.319197 0.012228
vt 0.320232 0.012232
vt 0.360072 0.016702
vt 0.360069 0.016439
vt 0.368521 0.016432
vt 0.368524 0.016691
vt 0.526343 0.043010
vt 0.519603 0.043049
vt 0.519605 0.042788
vt 0.526341 0.042752
vt 0.446492 0.054880
vt 0.446492 0.055119
vt 0.322728 0.031583
vt 0.322686 0.031340
vt 0.332052 0.012481
vt 0.332058 0.012227
vt 0.338684 0.012252
vt 0.338679 0.012509
vt 0.341237 0.018725
vt 0.341233 0.018974
vt 0.348152 0.018730
vt 0.348158 0.018980
vt 0.347381 0.018976
vt 0.347376 0.018726
vt 0.365184 0.034256
vt 0.373558 0.034404
vt 0.373551 0.034662
vt 0.365176 0.034518
vt 0.342376 0.021140
vt 0.342389 0.020884
vt 0.350837 0.020827
vt 0.350824 0.021088
vt 0.494803 0.038055
vt 0.486551 0.037983
vt 0.486555 0.037730
vt 0.494809 0.037799
vt 0.322761 0.053784
vt 0.322717 0.054028
vt 0.381989 0.042005
vt 0.390268 0.041862
vt 0.390268 0.042115
vt 0.381989 0.042261
vt 0.365445 0.051271
vt 0.365438 0.051008
vt 0.373846 0.050892
vt 0.373852 0.051151
vt 0.414688 0.037765
vt 0.414686 0.037519
vt 0.422669 0.037487
vt 0.422671 0.037730
vt 0.337925 0.022804
vt 0.338907 0.022801
vt 0.338900 0.023051
vt 0.337917 0.023054
vt 0.336881 0.023058
vt 0.336890 0.022807
vt 0.382234 0.047199
vt 0.390514 0.047265
vt 0.390510 0.047519
vt 0.382229 0.047455
vt 0.548311 0.025557
vt 0.539870 0.025597
vt 0.539854 0.025338
vt 0.548296 0.025303
vt 0.548218 0.017150
vt 0.548209 0.016912
vt 0.405978 0.024635
vt 0.405978 0.024887
vt 0.456818 0.012697
vt 0.448837 0.012705
vt 0.448837 0.012462
vt 0.456818 0.012451
vt 0.546175 0.015789
vt 0.547217 0.015771
vt 0.547207 0.016011
vt 0.546166 0.016030
vt 0.342119 0.015265
vt 0.342117 0.015017
vt 0.342405 0.015020
vt 0.342407 0.015268
vt 0.573806 0.029005
vt 0.574077 0.028990
vt 0.574088 0.029229
vt 0.573818 0.029247
vt 0.571595 0.029279
vt 0.571583 0.029034
vt 0.540300 0.030363
vt 0.532743 0.030207
vt 0.532739 0.029952
vt 0.540306 0.030114
vt 0.318179 0.012458
vt 0.317365 0.012451
vt 0.317379 0.012214
vt 0.318193 0.012221
vt 0.376897 0.016687
vt 0.376895 0.016431
vt 0.385191 0.016435
vt 0.385192 0.016689
vt 0.511765 0.043079
vt 0.503403 0.043141
vt 0.503404 0.042884
vt 0.511767 0.042819
vt 0.359877 0.016094
vt 0.368303 0.016099
vt 0.368300 0.016358
vt 0.359874 0.016355
vt 0.549470 0.015732
vt 0.549764 0.015725
vt 0.549756 0.015962
vt 0.549462 0.015970
vt 0.549000 0.015979
vt 0.549008 0.015741
vt 0.421561 0.029544
vt 0.429493 0.029535
vt 0.429494 0.029780
vt 0.421561 0.029790
vt 0.540418 0.055061
vt 0.540424 0.055309
vt 0.532896 0.055506
vt 0.532899 0.055252
vt 0.345101 0.012518
vt 0.345102 0.012257
vt 0.335912 0.018739
vt 0.335903 0.018990
vt 0.346722 0.018725
vt 0.346725 0.018974
vt 0.381870 0.034507
vt 0.390119 0.034592
vt 0.390114 0.034845
vt 0.381864 0.034762
vt 0.357897 0.021061
vt 0.357905 0.020797
vt 0.364806 0.020780
vt 0.364805 0.021046
vt 0.478362 0.037901
vt 0.478367 0.037650
vt 0.398478 0.041792
vt 0.398477 0.042043
vt 0.382192 0.051074
vt 0.382187 0.050818
vt 0.390459 0.050759
vt 0.390464 0.051012
vt 0.430583 0.037720
vt 0.430582 0.037480
vt 0.339793 0.022796
vt 0.340572 0.022793
vt 0.340567 0.023042
vt 0.339787 0.023046
vt 0.398727 0.047344
vt 0.398723 0.047595
vt 0.532819 0.025638
vt 0.525942 0.025686
vt 0.525939 0.025421
vt 0.532809 0.025375
vt 0.542958 0.012451
vt 0.539747 0.012450
vt 0.539741 0.012200
vt 0.542948 0.012206
vt 0.544733 0.012220
vt 0.544746 0.012462
vt 0.334602 0.019315
vt 0.334333 0.019320
vt 0.334324 0.019069
vt 0.334593 0.019064
vt 0.316791 0.024875
vt 0.318997 0.024880
vt 0.318988 0.025124
vt 0.316780 0.025116
vt 0.316526 0.025103
vt 0.316535 0.024866
vt 0.440940 0.012706
vt 0.440941 0.012465
vt 0.548209 0.015754
vt 0.548200 0.015994
vt 0.335845 0.015241
vt 0.335837 0.014989
vt 0.565459 0.029091
vt 0.565463 0.029338
vt 0.526074 0.030198
vt 0.519299 0.030260
vt 0.519300 0.029997
vt 0.526071 0.029938
vt 0.316900 0.012448
vt 0.316610 0.012447
vt 0.316623 0.012211
vt 0.316914 0.012211
vt 0.393411 0.016694
vt 0.393409 0.016443
vt 0.401551 0.016455
vt 0.401551 0.016704
vt 0.495092 0.043276
vt 0.486838 0.043411
vt 0.486838 0.043158
vt 0.495092 0.043021
vt 0.376655 0.016099
vt 0.384933 0.016093
vt 0.384931 0.016347
vt 0.376652 0.016355
vt 0.462202 0.041778
vt 0.462204 0.042023
vt 0.454222 0.042041
vt 0.454220 0.041798
vt 0.437353 0.029522
vt 0.437353 0.029763
vt 0.526261 0.055290
vt 0.526259 0.055549
vt 0.519517 0.055518
vt 0.519515 0.055256
vt 0.353445 0.015238
vt 0.353454 0.014986
vt 0.353722 0.014991
vt 0.353714 0.015243
vt 0.352052 0.018741
vt 0.352061 0.018993
vt 0.398304 0.034686
vt 0.398300 0.034936
vt 0.372757 0.021031
vt 0.372756 0.020767
vt 0.381187 0.020759
vt 0.381188 0.021020
vt 0.558303 0.036569
vt 0.556934 0.036848
vt 0.556883 0.036613
vt 0.558244 0.036340
vt 0.558486 0.036276
vt 0.558550 0.036498
vt 0.316803 0.017095
vt 0.316508 0.017102
vt 0.316516 0.016864
vt 0.316811 0.016856
vt 0.316827 0.039742
vt 0.318433 0.040054
vt 0.318378 0.040299
vt 0.316765 0.039987
vt 0.316501 0.039909
vt 0.316567 0.039664
vt 0.398668 0.050939
vt 0.398664 0.050688
vt 0.336218 0.038535
vt 0.336237 0.038279
vt 0.343845 0.038315
vt 0.343835 0.038574
vt 0.469332 0.024587
vt 0.469332 0.024833
vt 0.461408 0.024820
vt 0.461408 0.024576
vt 0.341230 0.022794
vt 0.341750 0.022796
vt 0.341747 0.023045
vt 0.341226 0.023043
vt 0.318443 0.048771
vt 0.319818 0.048488
vt 0.319871 0.048724
vt 0.318502 0.049000
vt 0.318259 0.049065
vt 0.318195 0.048842
vt 0.518021 0.025743
vt 0.509619 0.025804
vt 0.509618 0.025544
vt 0.518020 0.025480
vt 0.546045 0.012463
vt 0.546029 0.012223
vt 0.547067 0.012219
vt 0.547082 0.012458
vt 0.337961 0.019321
vt 0.337954 0.019071
vt 0.338921 0.019074
vt 0.338928 0.019324
vt 0.325105 0.024875
vt 0.325104 0.025122
vt 0.534180 0.012476
vt 0.527539 0.012506
vt 0.527534 0.012248
vt 0.534175 0.012222
vt 0.342116 0.019336
vt 0.342114 0.019087
vt 0.342402 0.019090
vt 0.342404 0.019338
vt 0.353360 0.019319
vt 0.353369 0.019068
vt 0.353639 0.019073
vt 0.353630 0.019324
vt 0.360079 0.020260
vt 0.368528 0.020223
vt 0.368527 0.020483
vt 0.360077 0.020523
vt 0.511423 0.030315
vt 0.503025 0.030401
vt 0.503024 0.030143
vt 0.511424 0.030053
vt 0.350033 0.015251
vt 0.349051 0.015255
vt 0.349057 0.015005
vt 0.350041 0.015000
vt 0.409615 0.016718
vt 0.409615 0.016472
vt 0.417602 0.016493
vt 0.417602 0.016737
vt 0.478648 0.043473
vt 0.478649 0.043223
vt 0.393137 0.016084
vt 0.401268 0.016072
vt 0.401267 0.016320
vt 0.393136 0.016335
vt 0.446320 0.041817
vt 0.446320 0.042057
vt 0.342212 0.029239
vt 0.350597 0.029318
vt 0.350609 0.029576
vt 0.342224 0.029493
vt 0.511670 0.055231
vt 0.511672 0.055491
vt 0.503303 0.055430
vt 0.503303 0.055172
vt 0.462460 0.047483
vt 0.462462 0.047729
vt 0.454489 0.047758
vt 0.454487 0.047515
vt 0.318304 0.035892
vt 0.319693 0.035600
vt 0.319750 0.035836
vt 0.318371 0.036119
vt 0.318120 0.036193
vt 0.318047 0.035976
vt 0.389536 0.021016
vt 0.389535 0.020759
vt 0.397801 0.020764
vt 0.397802 0.021019
vt 0.553322 0.037546
vt 0.553281 0.037303
vt 0.414924 0.043454
vt 0.414922 0.043208
vt 0.422922 0.043192
vt 0.422923 0.043435
vt 0.322729 0.040834
vt 0.322690 0.041079
vt 0.318330 0.049431
vt 0.318071 0.049345
vt 0.318146 0.049127
vt 0.318398 0.049203
vt 0.319784 0.049493
vt 0.319725 0.049731
vt 0.350587 0.038522
vt 0.350587 0.038260
vt 0.357426 0.038147
vt 0.357432 0.038411
vt 0.453563 0.024575
vt 0.453563 0.024816
vt 0.342115 0.022795
vt 0.342403 0.022792
vt 0.342400 0.023040
vt 0.342112 0.023043
vt 0.323448 0.047780
vt 0.323490 0.048025
vt 0.501295 0.025862
vt 0.493049 0.025914
vt 0.493048 0.025660
vt 0.501294 0.025605
vt 0.548088 0.012450
vt 0.548073 0.012212
vt 0.339807 0.019329
vt 0.339802 0.019080
vt 0.421563 0.026015
vt 0.421563 0.025768
vt 0.521105 0.012515
vt 0.521103 0.012254
vt 0.469330 0.021062
vt 0.469329 0.020815
vt 0.349997 0.019324
vt 0.350005 0.019073
vt 0.376900 0.020187
vt 0.376899 0.020444
vt 0.345840 0.019338
vt 0.345552 0.019339
vt 0.345553 0.019090
vt 0.345841 0.019089
vt 0.494682 0.030560
vt 0.494681 0.030304
vt 0.348164 0.015261
vt 0.348169 0.015011
vt 0.425511 0.016758
vt 0.425511 0.016517
vt 0.559898 0.045582
vt 0.559960 0.045338
vt 0.560222 0.045416
vt 0.560156 0.045659
vt 0.409324 0.016056
vt 0.409324 0.016301
vt 0.540402 0.042095
vt 0.540408 0.042344
vt 0.357620 0.029367
vt 0.357627 0.029630
vt 0.494987 0.055039
vt 0.494987 0.055294
vt 0.461979 0.034840
vt 0.461982 0.035086
vt 0.446589 0.047522
vt 0.446589 0.047762
vt 0.462355 0.050829
vt 0.462358 0.050583
vt 0.323344 0.034892
vt 0.323388 0.035137
vt 0.405987 0.021026
vt 0.405986 0.020774
vt 0.430845 0.043418
vt 0.430844 0.043178
vt 0.323395 0.050459
vt 0.323440 0.050213
vt 0.365330 0.038272
vt 0.365323 0.038010
vt 0.548486 0.024831
vt 0.548472 0.025084
vt 0.335841 0.022812
vt 0.335832 0.023064
vt 0.506475 0.016746
vt 0.506478 0.016484
vt 0.484880 0.025960
vt 0.484880 0.025708
usemtl basketball
s 1
f 1/1 1492/2 4162/3 1500/4
f 1/1 1500/4 4161/5 1374/6
f 1/1 1374/6 4104/7 1372/8
f 1/1 1372/8 4105/9 1492/2
f 2/10 1494/11 4599/12 1501/13
f 2/10 1501/13 4162/3 1492/2
f 2/10 1492/2 4105/9 1373/14
f 2/10 1373/14 4533/15 1494/11
f 3/16 1495/17 4164/18 1502/19
f 3/16 1502/19 4163/20 1493/21
f 3/16 1493/21 4099/22 1367/23
f 3/16 1367/23 4100/24 1495/17
f 4/25 1496/26 4165/27 1503/28
f 4/25 1503/28 4164/18 1495/17
f 4/25 1495/17 4100/24 1368/29
f 4/25 1368/29 4101/30 1496/26
f 5/31 1497/32 4166/33 1504/34
f 5/31 1504/34 4165/27 1496/26
f 5/31 1496/26 4101/30 1369/35
f 5/31 1369/35 4102/36 1497/32
f 6/37 1498/38 4167/39 1505/40
f 6/37 1505/40 4166/33 1497/32
f 6/37 1497/32 4102/36 1370/41
f 6/37 1370/41 4103/42 1498/38
f 7/43 1374/6 4161/5 1506/44
f 7/43 1506/44 4167/39 1498/38
f 7/43 1498/38 4103/42 1371/45
f 7/43 1371/45 4104/7 1374/6
f 8/46 1383/47 4103/42 1370/41
f 8/46 1370/41 4102/36 1382/48
f 8/46 1382/48 4109/49 1378/50
f 8/46 1378/50 4110/51 1383/47
f 9/52 1384/53 4104/7 1371/45
f 9/52 1371/45 4103/42 1383/47
f 9/52 1383/47 4110/51 1379/54
f 9/52 1379/54 4111/55 1384/53
f 10/56 1385/57 4105/9 1372/8
f 10/56 1372/8 4104/7 1384/53
f 10/56 1384/53 4111/55 1380/58
f 10/56 1380/58 4112/59 1385/57
f 11/60 1387/61 4533/15 1373/14
f 11/60 1373/14 4105/9 1385/57
f 11/60 1385/57 4112/59 1381/62
f 11/60 1381/62 4541/63 1387/61
f 12/64 1388/65 4100/24 1367/23
f 12/64 1367/23 4099/22 1386/66
f 12/64 1386/66 4106/67 1375/68
f 12/64 1375/68 4107/69 1388/65
f 13/70 1389/71 4101/30 1368/29
f 13/70 1368/29 4100/24 1388/65
f 13/70 1388/65 4107/69 1376/72
f 13/70 1376/72 4108/73 1389/71
f 14/74 1382/48 4102/36 1369/35
f 14/74 1369/35 4101/30 1389/71
f 14/74 1389/71 4108/73 1377/75
f 14/74 1377/75 4109/49 1382/48
f 15/76 1399/77 4108/73 1376/72
f 15/76 1376/72 4107/69 1398/78
f 15/76 1398/78 4114/79 1391/80
f 15/76 1391/80 4115/81 1399/77
f 16/82 1400/83 4109/49 1377/75
f 16/82 1377/75 4108/73 1399/77
f 16/82 1399/77 4115/81 1392/84
f 16/82 1392/84 4116/85 1400/83
f 17/86 1401/87 4110/51 1378/50
f 17/86 1378/50 4109/49 1400/83
f 17/86 1400/83 4116/85 1393/88
f 17/86 1393/88 4117/89 1401/87
f 18/90 1402/91 4111/55 1379/54
f 18/90 1379/54 4110/51 1401/87
f 18/90 1401/87 4117/89 1394/92
f 18/90 1394/92 4118/93 1402/91
f 19/94 1403/95 4112/59 1380/58
f 19/94 1380/58 4111/55 1402/91
f 19/94 1402/91 4118/93 1395/96
f 19/94 1395/96 4119/97 1403/95
f 20/98 1397/99 4541/63 1381/62
f 20/98 1381/62 4112/59 1403/95
f 20/98 1403/95 4119/97 1396/100
f 20/98 1396/100 4549/101 1397/99
f 21/102 1398/78 4107/69 1375/68
f 21/102 1375/68 4106/67 1404/103
f 21/102 1404/103 4113/104 1390/105
f 21/102 1390/105 4114/79 1398/78
f 22/106 1510/107 4186/108 1604/109
f 22/106 1604/109 4185/110 1412/111
f 22/106 1412/111 4125/112 1410/113
f 22/106 1410/113 4126/114 1510/107
f 23/115 1512/116 4626/117 1605/118
f 23/115 1605/118 4186/108 1510/107
f 23/115 1510/107 4126/114 1411/119
f 23/115 1411/119 4557/120 1512/116
f 24/121 1513/122 4188/123 1606/124
f 24/121 1606/124 4187/125 1511/126
f 24/121 1511/126 4120/127 1405/128
f 24/121 1405/128 4121/129 1513/122
f 25/130 1514/131 4189/132 1607/133
f 25/130 1607/133 4188/123 1513/122
f 25/130 1513/122 4121/129 1406/134
f 25/130 1406/134 4122/135 1514/131
f 26/136 1515/137 4190/138 1608/139
f 26/136 1608/139 4189/132 1514/131
f 26/136 1514/131 4122/135 1407/140
f 26/136 1407/140 4123/141 1515/137
f 27/142 1516/143 4191/144 1609/145
f 27/142 1609/145 4190/138 1515/137
f 27/142 1515/137 4123/141 1408/146
f 27/142 1408/146 4124/147 1516/143
f 28/148 1412/111 4185/110 1610/149
f 28/148 1610/149 4191/144 1516/143
f 28/148 1516/143 4124/147 1409/150
f 28/148 1409/150 4125/112 1412/111
f 29/151 1428/152 4123/141 1407/140
f 29/151 1407/140 4122/135 1427/153
f 29/151 1427/153 4129/154 1422/155
f 29/151 1422/155 4130/156 1428/152
f 30/157 1429/158 4124/147 1408/146
f 30/157 1408/146 4123/141 1428/152
f 30/157 1428/152 4130/156 1423/159
f 30/157 1423/159 4131/160 1429/158
f 31/161 1430/162 4125/112 1409/150
f 31/161 1409/150 4124/147 1429/158
f 31/161 1429/158 4131/160 1424/163
f 31/161 1424/163 4132/164 1430/162
f 32/165 1431/166 4126/114 1410/113
f 32/165 1410/113 4125/112 1430/162
f 32/165 1430/162 4132/164 1425/167
f 32/165 1425/167 4133/168 1431/166
f 33/169 1433/170 4557/120 1411/119
f 33/169 1411/119 4126/114 1431/166
f 33/169 1431/166 4133/168 1426/171
f 33/169 1426/171 4565/172 1433/170
f 34/173 1434/174 4121/129 1405/128
f 34/173 1405/128 4120/127 1432/175
f 34/173 1432/175 4127/176 1420/177
f 34/173 1420/177 4128/178 1434/174
f 35/179 1427/153 4122/135 1406/134
f 35/179 1406/134 4121/129 1434/174
f 35/179 1434/174 4128/178 1421/180
f 35/179 1421/180 4129/154 1427/153
f 36/181 1443/182 4565/172 1426/171
f 36/181 1426/171 4133/168 1442/183
f 36/181 1442/183 4140/184 1441/185
f 36/181 1441/185 4573/186 1443/182
f 37/187 1445/188 4128/178 1420/177
f 37/187 1420/177 4127/176 1444/189
f 37/187 1444/189 4134/190 1435/191
f 37/187 1435/191 4135/192 1445/188
f 38/193 1446/194 4129/154 1421/180
f 38/193 1421/180 4128/178 1445/188
f 38/193 1445/188 4135/192 1436/195
f 38/193 1436/195 4136/196 1446/194
f 39/197 1447/198 4130/156 1422/155
f 39/197 1422/155 4129/154 1446/194
f 39/197 1446/194 4136/196 1437/199
f 39/197 1437/199 4137/200 1447/198
f 40/201 1448/202 4131/160 1423/159
f 40/201 1423/159 4130/156 1447/198
f 40/201 1447/198 4137/200 1438/203
f 40/201 1438/203 4138/204 1448/202
f 41/205 1449/206 4132/164 1424/163
f 41/205 1424/163 4131/160 1448/202
f 41/205 1448/202 4138/204 1439/207
f 41/205 1439/207 4139/208 1449/206
f 42/209 1442/183 4133/168 1425/167
f 42/209 1425/167 4132/164 1449/206
f 42/209 1449/206 4139/208 1440/210
f 42/209 1440/210 4140/184 1442/183
f 43/211 1458/212 4139/208 1439/207
f 43/211 1439/207 4138/204 1457/213
f 43/211 1457/213 4145/214 1454/215
f 43/211 1454/215 4146/216 1458/212
f 44/217 1459/218 4140/184 1440/210
f 44/217 1440/210 4139/208 1458/212
f 44/217 1458/212 4146/216 1455/219
f 44/217 1455/219 4147/220 1459/218
f 45/221 1461/222 4573/186 1441/185
f 45/221 1441/185 4140/184 1459/218
f 45/221 1459/218 4147/220 1456/223
f 45/221 1456/223 4581/224 1461/222
f 46/225 1462/226 4135/192 1435/191
f 46/225 1435/191 4134/190 1460/227
f 46/225 1460/227 4141/228 1450/229
f 46/225 1450/229 4142/230 1462/226
f 47/231 1463/232 4136/196 1436/195
f 47/231 1436/195 4135/192 1462/226
f 47/231 1462/226 4142/230 1451/233
f 47/231 1451/233 4143/234 1463/232
f 48/235 1464/236 4137/200 1437/199
f 48/235 1437/199 4136/196 1463/232
f 48/235 1463/232 4143/234 1452/237
f 48/235 1452/237 4144/238 1464/236
f 49/239 1457/213 4138/204 1438/203
f 49/239 1438/203 4137/200 1464/236
f 49/239 1464/236 4144/238 1453/240
f 49/239 1453/240 4145/214 1457/213
f 50/241 1528/242 4374/243 1548/244
f 50/241 1548/244 4381/245 1536/246
f 50/241 1536/246 4155/247 1472/248
f 50/241 1472/248 4148/249 1528/242
f 51/250 1529/251 4375/252 1549/253
f 51/250 1549/253 4374/243 1528/242
f 51/250 1528/242 4148/249 1473/254
f 51/250 1473/254 4149/255 1529/251
f 52/256 1530/257 4376/258 1550/259
f 52/256 1550/259 4375/252 1529/251
f 52/256 1529/251 4149/255 1474/260
f 52/256 1474/260 4150/261 1530/257
f 53/262 1611/263 4405/264 1584/265
f 53/262 1584/265 4376/258 1530/257
f 53/262 1530/257 4150/261 1517/266
f 53/262 1517/266 4192/267 1611/263
f 54/268 1532/269 4378/270 1552/271
f 54/268 1552/271 4377/272 1531/273
f 54/268 1531/273 4151/274 1476/275
f 54/268 1476/275 4152/276 1532/269
f 55/277 1533/278 4379/279 1553/280
f 55/277 1553/280 4378/270 1532/269
f 55/277 1532/269 4152/276 1477/281
f 55/277 1477/281 4153/282 1533/278
f 56/283 1507/284 4386/285 1554/286
f 56/283 1554/286 4379/279 1533/278
f 56/283 1533/278 4153/282 1499/287
f 56/283 1499/287 4168/288 1507/284
f 57/289 1485/290 4143/234 1451/233
f 57/289 1451/233 4142/230 1471/291
f 57/289 1471/291 4154/292 1478/293
f 57/289 1478/293 4160/294 1485/290
f 58/295 1471/291 4142/230 1450/229
f 58/295 1450/229 4141/228 1469/296
f 58/295 1469/296 4155/247 1479/297
f 58/295 1479/297 4154/292 1471/291
f 59/298 1470/299 4581/224 1456/223
f 59/298 1456/223 4147/220 1468/300
f 59/298 1468/300 4156/301 1480/302
f 59/298 1480/302 4589/303 1470/299
f 60/304 1468/300 4147/220 1455/219
f 60/304 1455/219 4146/216 1467/305
f 60/304 1467/305 4157/306 1481/307
f 60/304 1481/307 4156/301 1468/300
f 61/308 1467/305 4146/216 1454/215
f 61/308 1454/215 4145/214 1466/309
f 61/308 1466/309 4158/310 1482/311
f 61/308 1482/311 4157/306 1467/305
f 62/312 1466/309 4145/214 1453/240
f 62/312 1453/240 4144/238 1465/313
f 62/312 1465/313 4159/314 1483/315
f 62/312 1483/315 4158/310 1466/309
f 63/316 1465/313 4144/238 1452/237
f 63/316 1452/237 4143/234 1485/290
f 63/316 1485/290 4160/294 1484/317
f 63/316 1484/317 4159/314 1465/313
f 64/318 1508/319 4168/288 1499/287
f 64/318 1499/287 4153/282 1486/320
f 64/318 1486/320 4099/22 1493/21
f 64/318 1493/21 4163/20 1508/319
f 65/321 1486/320 4153/282 1477/281
f 65/321 1477/281 4152/276 1487/322
f 65/321 1487/322 4106/67 1386/66
f 65/321 1386/66 4099/22 1486/320
f 66/323 1487/322 4152/276 1476/275
f 66/323 1476/275 4151/274 1488/324
f 66/323 1488/324 4113/104 1404/103
f 66/323 1404/103 4106/67 1487/322
f 67/325 1612/326 4192/267 1517/266
f 67/325 1517/266 4150/261 1489/327
f 67/325 1489/327 4120/127 1511/126
f 67/325 1511/126 4187/125 1612/326
f 68/328 1489/327 4150/261 1474/260
f 68/328 1474/260 4149/255 1490/329
f 68/328 1490/329 4127/176 1432/175
f 68/328 1432/175 4120/127 1489/327
f 69/330 1490/329 4149/255 1473/254
f 69/330 1473/254 4148/249 1491/331
f 69/330 1491/331 4134/190 1444/189
f 69/330 1444/189 4127/176 1490/329
f 70/332 1491/331 4148/249 1472/248
f 70/332 1472/248 4155/247 1469/296
f 70/332 1469/296 4141/228 1460/227
f 70/332 1460/227 4134/190 1491/331
f 71/333 1556/334 5005/335 3211/336
f 71/333 3211/336 5013/337 1564/338
f 71/333 1564/338 4161/5 1500/4
f 71/333 1500/4 4162/3 1556/334
f 72/339 1558/340 5007/341 3212/342
f 72/339 3212/342 5005/335 1556/334
f 72/339 1556/334 4162/3 1501/13
f 72/339 1501/13 4599/12 1558/340
f 73/343 1559/344 5008/345 3213/346
f 73/343 3213/346 5006/347 1557/348
f 73/343 1557/348 4163/20 1502/19
f 73/343 1502/19 4164/18 1559/344
f 74/349 1560/350 5009/351 3214/352
f 74/349 3214/352 5008/345 1559/344
f 74/349 1559/344 4164/18 1503/28
f 74/349 1503/28 4165/27 1560/350
f 75/353 1561/354 5010/355 3215/356
f 75/353 3215/356 5009/351 1560/350
f 75/353 1560/350 4165/27 1504/34
f 75/353 1504/34 4166/33 1561/354
f 76/357 1562/358 5011/359 3216/360
f 76/357 3216/360 5010/355 1561/354
f 76/357 1561/354 4166/33 1505/40
f 76/357 1505/40 4167/39 1562/358
f 77/361 1564/338 5013/337 3217/362
f 77/361 3217/362 5011/359 1562/358
f 77/361 1562/358 4167/39 1506/44
f 77/361 1506/44 4161/5 1564/338
f 78/363 3218/364 5014/365 1565/366
f 78/363 1565/366 4386/285 1507/284
f 78/363 1507/284 4168/288 1563/367
f 78/363 1563/367 5012/368 3218/364
f 79/369 3219/370 5012/368 1563/367
f 79/369 1563/367 4168/288 1508/319
f 79/369 1508/319 4163/20 1557/348
f 79/369 1557/348 5006/347 3219/370
f 80/371 1413/372 4119/97 1395/96
f 80/371 1395/96 4118/93 1509/373
f 80/371 1509/373 4169/374 1518/375
f 80/371 1518/375 4170/376 1413/372
f 81/377 1415/378 4549/101 1396/100
f 81/377 1396/100 4119/97 1413/372
f 81/377 1413/372 4170/376 1519/379
f 81/377 1519/379 4608/380 1415/378
f 82/381 1416/382 4114/79 1390/105
f 82/381 1390/105 4113/104 1414/383
f 82/381 1414/383 4171/384 1520/385
f 82/381 1520/385 4172/386 1416/382
f 83/387 1417/388 4115/81 1391/80
f 83/387 1391/80 4114/79 1416/382
f 83/387 1416/382 4172/386 1521/389
f 83/387 1521/389 4173/390 1417/388
f 84/391 1418/392 4116/85 1392/84
f 84/391 1392/84 4115/81 1417/388
f 84/391 1417/388 4173/390 1522/393
f 84/391 1522/393 4174/394 1418/392
f 85/395 1419/396 4117/89 1393/88
f 85/395 1393/88 4116/85 1418/392
f 85/395 1418/392 4174/394 1523/397
f 85/395 1523/397 4175/398 1419/396
f 86/399 1509/373 4118/93 1394/92
f 86/399 1394/92 4117/89 1419/396
f 86/399 1419/396 4175/398 1524/400
f 86/399 1524/400 4169/374 1509/373
f 87/401 1531/273 4377/272 1555/402
f 87/401 1555/402 4387/403 1525/404
f 87/401 1525/404 4176/405 1475/406
f 87/401 1475/406 4151/274 1531/273
f 88/407 1488/324 4151/274 1475/406
f 88/407 1475/406 4176/405 1526/408
f 88/407 1526/408 4171/384 1414/383
f 88/407 1414/383 4113/104 1488/324
f 89/409 1540/410 4159/314 1484/317
f 89/409 1484/317 4160/294 1527/411
f 89/409 1527/411 4373/412 1541/413
f 89/409 1541/413 4385/414 1540/410
f 90/415 1539/416 4158/310 1483/315
f 90/415 1483/315 4159/314 1540/410
f 90/415 1540/410 4385/414 1542/417
f 90/415 1542/417 4384/418 1539/416
f 91/419 1538/420 4157/306 1482/311
f 91/419 1482/311 4158/310 1539/416
f 91/419 1539/416 4384/418 1543/421
f 91/419 1543/421 4383/422 1538/420
f 92/423 1537/424 4156/301 1481/307
f 92/423 1481/307 4157/306 1538/420
f 92/423 1538/420 4383/422 1544/425
f 92/423 1544/425 4382/426 1537/424
f 93/427 1535/428 4589/303 1480/302
f 93/427 1480/302 4156/301 1537/424
f 93/427 1537/424 4382/426 1545/429
f 93/427 1545/429 4843/430 1535/428
f 94/431 1534/432 4154/292 1479/297
f 94/431 1479/297 4155/247 1536/246
f 94/431 1536/246 4381/245 1546/433
f 94/431 1546/433 4380/434 1534/432
f 95/435 1527/411 4160/294 1478/293
f 95/435 1478/293 4154/292 1534/432
f 95/435 1534/432 4380/434 1547/436
f 95/435 1547/436 4373/412 1527/411
f 96/437 1576/438 4170/376 1518/375
f 96/437 1518/375 4169/374 1575/439
f 96/437 1575/439 4177/440 1585/441
f 96/437 1585/441 4178/442 1576/438
f 97/443 1578/444 4608/380 1519/379
f 97/443 1519/379 4170/376 1576/438
f 97/443 1576/438 4178/442 1586/445
f 97/443 1586/445 4617/446 1578/444
f 98/447 1579/448 4172/386 1520/385
f 98/447 1520/385 4171/384 1577/449
f 98/447 1577/449 4179/450 1587/451
f 98/447 1587/451 4180/452 1579/448
f 99/453 1580/454 4173/390 1521/389
f 99/453 1521/389 4172/386 1579/448
f 99/453 1579/448 4180/452 1588/455
f 99/453 1588/455 4181/456 1580/454
f 100/457 1581/458 4174/394 1522/393
f 100/457 1522/393 4173/390 1580/454
f 100/457 1580/454 4181/456 1589/459
f 100/457 1589/459 4182/460 1581/458
f 101/461 1582/462 4175/398 1523/397
f 101/461 1523/397 4174/394 1581/458
f 101/461 1581/458 4182/460 1590/463
f 101/461 1590/463 4183/464 1582/462
f 102/465 1575/439 4169/374 1524/400
f 102/465 1524/400 4175/398 1582/462
f 102/465 1582/462 4183/464 1591/466
f 102/465 1591/466 4177/440 1575/439
f 103/467 1525/404 4387/403 1551/468
f 103/467 1551/468 4396/469 1592/470
f 103/467 1592/470 4184/471 1583/472
f 103/467 1583/472 4176/405 1525/404
f 104/473 1526/408 4176/405 1583/472
f 104/473 1583/472 4184/471 1593/474
f 104/473 1593/474 4179/450 1577/449
f 104/473 1577/449 4171/384 1526/408
f 114/475 1746/476 4256/477 1738/478
f 114/475 1738/478 4199/479 1618/480
f 114/475 1618/480 4198/481 1620/482
f 114/475 1620/482 4255/483 1746/476
f 115/484 1747/485 4705/486 1740/487
f 115/484 1740/487 4639/488 1619/489
f 115/484 1619/489 4199/479 1738/478
f 115/484 1738/478 4256/477 1747/485
f 116/490 1748/491 4258/492 1741/493
f 116/490 1741/493 4194/494 1613/495
f 116/490 1613/495 4193/496 1739/497
f 116/490 1739/497 4257/498 1748/491
f 117/499 1749/500 4259/501 1742/502
f 117/499 1742/502 4195/503 1614/504
f 117/499 1614/504 4194/494 1741/493
f 117/499 1741/493 4258/492 1749/500
f 118/505 1750/506 4260/507 1743/508
f 118/505 1743/508 4196/509 1615/510
f 118/505 1615/510 4195/503 1742/502
f 118/505 1742/502 4259/501 1750/506
f 119/511 1751/512 4261/513 1744/514
f 119/511 1744/514 4197/515 1616/516
f 119/511 1616/516 4196/509 1743/508
f 119/511 1743/508 4260/507 1751/512
f 120/517 1752/518 4255/483 1620/482
f 120/517 1620/482 4198/481 1617/519
f 120/517 1617/519 4197/515 1744/514
f 120/517 1744/514 4261/513 1752/518
f 121/520 1616/516 4197/515 1629/521
f 121/520 1629/521 4204/522 1624/523
f 121/520 1624/523 4203/524 1628/525
f 121/520 1628/525 4196/509 1616/516
f 122/526 1617/519 4198/481 1630/527
f 122/526 1630/527 4205/528 1625/529
f 122/526 1625/529 4204/522 1629/521
f 122/526 1629/521 4197/515 1617/519
f 123/530 1618/480 4199/479 1631/531
f 123/530 1631/531 4206/532 1626/533
f 123/530 1626/533 4205/528 1630/527
f 123/530 1630/527 4198/481 1618/480
f 124/534 1619/489 4639/488 1633/535
f 124/534 1633/535 4647/536 1627/537
f 124/534 1627/537 4206/532 1631/531
f 124/534 1631/531 4199/479 1619/489
f 125/538 1613/495 4194/494 1634/539
f 125/538 1634/539 4201/540 1621/541
f 125/538 1621/541 4200/542 1632/543
f 125/538 1632/543 4193/496 1613/495
f 126/544 1614/504 4195/503 1635/545
f 126/544 1635/545 4202/546 1622/547
f 126/544 1622/547 4201/540 1634/539
f 126/544 1634/539 4194/494 1614/504
f 127/548 1615/510 4196/509 1628/525
f 127/548 1628/525 4203/524 1623/549
f 127/548 1623/549 4202/546 1635/545
f 127/548 1635/545 4195/503 1615/510
f 128/550 1622/547 4202/546 1645/551
f 128/550 1645/551 4209/552 1637/553
f 128/550 1637/553 4208/554 1644/555
f 128/550 1644/555 4201/540 1622/547
f 129/556 1623/549 4203/524 1646/557
f 129/556 1646/557 4210/558 1638/559
f 129/556 1638/559 4209/552 1645/551
f 129/556 1645/551 4202/546 1623/549
f 130/560 1624/523 4204/522 1647/561
f 130/560 1647/561 4211/562 1639/563
f 130/560 1639/563 4210/558 1646/557
f 130/560 1646/557 4203/524 1624/523
f 131/564 1625/529 4205/528 1648/565
f 131/564 1648/565 4212/566 1640/567
f 131/564 1640/567 4211/562 1647/561
f 131/564 1647/561 4204/522 1625/529
f 132/568 1626/533 4206/532 1649/569
f 132/568 1649/569 4213/570 1641/571
f 132/568 1641/571 4212/566 1648/565
f 132/568 1648/565 4205/528 1626/533
f 133/572 1627/537 4647/536 1643/573
f 133/572 1643/573 4655/574 1642/575
f 133/572 1642/575 4213/570 1649/569
f 133/572 1649/569 4206/532 1627/537
f 134/576 1621/541 4201/540 1644/555
f 134/576 1644/555 4208/554 1636/577
f 134/576 1636/577 4207/578 1650/579
f 134/576 1650/579 4200/542 1621/541
f 135/580 1841/581 4288/582 1756/583
f 135/580 1756/583 4220/584 1656/585
f 135/580 1656/585 4219/586 1658/587
f 135/580 1658/587 4287/588 1841/581
f 136/589 1842/590 4741/591 1758/592
f 136/589 1758/592 4663/593 1657/594
f 136/589 1657/594 4220/584 1756/583
f 136/589 1756/583 4288/582 1842/590
f 137/595 1843/596 4290/597 1759/598
f 137/595 1759/598 4215/599 1651/600
f 137/595 1651/600 4214/601 1757/602
f 137/595 1757/602 4289/603 1843/596
f 138/604 1844/605 4291/606 1760/607
f 138/604 1760/607 4216/608 1652/609
f 138/604 1652/609 4215/599 1759/598
f 138/604 1759/598 4290/597 1844/605
f 139/610 1845/611 4292/612 1761/613
f 139/610 1761/613 4217/614 1653/615
f 139/610 1653/615 4216/608 1760/607
f 139/610 1760/607 4291/606 1845/611
f 140/616 1846/617 4293/618 1762/619
f 140/616 1762/619 4218/620 1654/621
f 140/616 1654/621 4217/614 1761/613
f 140/616 1761/613 4292/612 1846/617
f 141/622 1847/623 4287/588 1658/587
f 141/622 1658/587 4219/586 1655/624
f 141/622 1655/624 4218/620 1762/619
f 141/622 1762/619 4293/618 1847/623
f 142/625 1653/615 4217/614 1674/626
f 142/625 1674/626 4224/627 1668/628
f 142/625 1668/628 4223/629 1673/630
f 142/625 1673/630 4216/608 1653/615
f 143/631 1654/621 4218/620 1675/632
f 143/631 1675/632 4225/633 1669/634
f 143/631 1669/634 4224/627 1674/626
f 143/631 1674/626 4217/614 1654/621
f 144/635 1655/624 4219/586 1676/636
f 144/635 1676/636 4226/637 1670/638
f 144/635 1670/638 4225/633 1675/632
f 144/635 1675/632 4218/620 1655/624
f 145/639 1656/585 4220/584 1677/640
f 145/639 1677/640 4227/641 1671/642
f 145/639 1671/642 4226/637 1676/636
f 145/639 1676/636 4219/586 1656/585
f 146/643 1657/594 4663/593 1679/644
f 146/643 1679/644 4671/645 1672/646
f 146/643 1672/646 4227/641 1677/640
f 146/643 1677/640 4220/584 1657/594
f 147/647 1651/600 4215/599 1680/648
f 147/647 1680/648 4222/649 1666/650
f 147/647 1666/650 4221/651 1678/652
f 147/647 1678/652 4214/601 1651/600
f 148/653 1652/609 4216/608 1673/630
f 148/653 1673/630 4223/629 1667/654
f 148/653 1667/654 4222/649 1680/648
f 148/653 1680/648 4215/599 1652/609
f 149/655 1672/646 4671/645 1689/656
f 149/655 1689/656 4679/657 1687/658
f 149/655 1687/658 4234/659 1688/660
f 149/655 1688/660 4227/641 1672/646
f 150/661 1666/650 4222/649 1691/662
f 150/661 1691/662 4229/663 1681/664
f 150/661 1681/664 4228/665 1690/666
f 150/661 1690/666 4221/651 1666/650
f 151/667 1667/654 4223/629 1692/668
f 151/667 1692/668 4230/669 1682/670
f 151/667 1682/670 4229/663 1691/662
f 151/667 1691/662 4222/649 1667/654
f 152/671 1668/628 4224/627 1693/672
f 152/671 1693/672 4231/673 1683/674
f 152/671 1683/674 4230/669 1692/668
f 152/671 1692/668 4223/629 1668/628
f 153/675 1669/634 4225/633 1694/676
f 153/675 1694/676 4232/677 1684/678
f 153/675 1684/678 4231/673 1693/672
f 153/675 1693/672 4224/627 1669/634
f 154/679 1670/638 4226/637 1695/680
f 154/679 1695/680 4233/681 1685/682
f 154/679 1685/682 4232/677 1694/676
f 154/679 1694/676 4225/633 1670/638
f 155/683 1671/642 4227/641 1688/660
f 155/683 1688/660 4234/659 1686/684
f 155/683 1686/684 4233/681 1695/680
f 155/683 1695/680 4226/637 1671/642
f 156/685 1685/682 4233/681 1704/686
f 156/685 1704/686 4240/687 1700/688
f 156/685 1700/688 4239/689 1703/690
f 156/685 1703/690 4232/677 1685/682
f 157/691 1686/684 4234/659 1705/692
f 157/691 1705/692 4241/693 1701/694
f 157/691 1701/694 4240/687 1704/686
f 157/691 1704/686 4233/681 1686/684
f 158/695 1687/658 4679/657 1707/696
f 158/695 1707/696 4687/697 1702/698
f 158/695 1702/698 4241/693 1705/692
f 158/695 1705/692 4234/659 1687/658
f 159/699 1681/664 4229/663 1708/700
f 159/699 1708/700 4236/701 1696/702
f 159/699 1696/702 4235/703 1706/704
f 159/699 1706/704 4228/665 1681/664
f 160/705 1682/670 4230/669 1709/706
f 160/705 1709/706 4237/707 1697/708
f 160/705 1697/708 4236/701 1708/700
f 160/705 1708/700 4229/663 1682/670
f 161/709 1683/674 4231/673 1710/710
f 161/709 1710/710 4238/711 1698/712
f 161/709 1698/712 4237/707 1709/706
f 161/709 1709/706 4230/669 1683/674
f 162/713 1684/678 4232/677 1703/690
f 162/713 1703/690 4239/689 1699/714
f 162/713 1699/714 4238/711 1710/710
f 162/713 1710/710 4231/673 1684/678
f 163/715 1794/716 4485/717 1774/718
f 163/715 1774/718 4242/719 1718/720
f 163/715 1718/720 4249/721 1782/722
f 163/715 1782/722 4492/723 1794/716
f 164/724 1795/725 4486/726 1775/727
f 164/724 1775/727 4243/728 1719/729
f 164/724 1719/729 4242/719 1774/718
f 164/724 1774/718 4485/717 1795/725
f 165/730 1796/731 4487/732 1776/733
f 165/730 1776/733 4244/734 1720/735
f 165/730 1720/735 4243/728 1775/727
f 165/730 1775/727 4486/726 1796/731
f 166/736 1821/737 4525/738 1848/739
f 166/736 1848/739 4294/740 1763/741
f 166/736 1763/741 4244/734 1776/733
f 166/736 1776/733 4487/732 1821/737
f 167/742 1798/743 4489/744 1778/745
f 167/742 1778/745 4246/746 1722/747
f 167/742 1722/747 4245/748 1777/749
f 167/742 1777/749 4488/750 1798/743
f 168/751 1799/752 4490/753 1779/754
f 168/751 1779/754 4247/755 1723/756
f 168/751 1723/756 4246/746 1778/745
f 168/751 1778/745 4489/744 1799/752
f 169/757 1800/758 4497/759 1753/760
f 169/757 1753/760 4262/761 1745/762
f 169/757 1745/762 4247/755 1779/754
f 169/757 1779/754 4490/753 1800/758
f 170/763 1697/708 4237/707 1731/764
f 170/763 1731/764 4254/765 1724/766
f 170/763 1724/766 4248/767 1717/768
f 170/763 1717/768 4236/701 1697/708
f 171/769 1696/702 4236/701 1717/768
f 171/769 1717/768 4248/767 1725/770
f 171/769 1725/770 4249/721 1715/771
f 171/769 1715/771 4235/703 1696/702
f 172/772 1702/698 4687/697 1716/773
f 172/772 1716/773 4695/774 1726/775
f 172/772 1726/775 4250/776 1714/777
f 172/772 1714/777 4241/693 1702/698
f 173/778 1701/694 4241/693 1714/777
f 173/778 1714/777 4250/776 1727/779
f 173/778 1727/779 4251/780 1713/781
f 173/778 1713/781 4240/687 1701/694
f 174/782 1700/688 4240/687 1713/781
f 174/782 1713/781 4251/780 1728/783
f 174/782 1728/783 4252/784 1712/785
f 174/782 1712/785 4239/689 1700/688
f 175/786 1699/714 4239/689 1712/785
f 175/786 1712/785 4252/784 1729/787
f 175/786 1729/787 4253/788 1711/789
f 175/786 1711/789 4238/711 1699/714
f 176/790 1698/712 4238/711 1711/789
f 176/790 1711/789 4253/788 1730/791
f 176/790 1730/791 4254/765 1731/764
f 176/790 1731/764 4237/707 1698/712
f 177/792 1745/762 4262/761 1754/793
f 177/792 1754/793 4257/498 1739/497
f 177/792 1739/497 4193/496 1732/794
f 177/792 1732/794 4247/755 1745/762
f 178/795 1723/756 4247/755 1732/794
f 178/795 1732/794 4193/496 1632/543
f 178/795 1632/543 4200/542 1733/796
f 178/795 1733/796 4246/746 1723/756
f 179/797 1722/747 4246/746 1733/796
f 179/797 1733/796 4200/542 1650/579
f 179/797 1650/579 4207/578 1734/798
f 179/797 1734/798 4245/748 1722/747
f 180/799 1763/741 4294/740 1849/800
f 180/799 1849/800 4289/603 1757/602
f 180/799 1757/602 4214/601 1735/801
f 180/799 1735/801 4244/734 1763/741
f 181/802 1720/735 4244/734 1735/801
f 181/802 1735/801 4214/601 1678/652
f 181/802 1678/652 4221/651 1736/803
f 181/802 1736/803 4243/728 1720/735
f 182/804 1719/729 4243/728 1736/803
f 182/804 1736/803 4221/651 1690/666
f 182/804 1690/666 4228/665 1737/805
f 182/804 1737/805 4242/719 1719/729
f 183/806 1718/720 4242/719 1737/805
f 183/806 1737/805 4228/665 1706/704
f 183/806 1706/704 4235/703 1715/771
f 183/806 1715/771 4249/721 1718/720
f 184/807 1566/808 4271/809 1802/810
f 184/807 1802/810 4256/477 1746/476
f 184/807 1746/476 4255/483 1810/811
f 184/807 1810/811 4278/812 1566/808
f 185/813 1567/814 4722/815 1804/816
f 185/813 1804/816 4705/486 1747/485
f 185/813 1747/485 4256/477 1802/810
f 185/813 1802/810 4271/809 1567/814
f 186/817 1568/818 4273/819 1805/820
f 186/817 1805/820 4258/492 1748/491
f 186/817 1748/491 4257/498 1803/821
f 186/817 1803/821 4272/822 1568/818
f 187/823 1569/824 4274/825 1806/826
f 187/823 1806/826 4259/501 1749/500
f 187/823 1749/500 4258/492 1805/820
f 187/823 1805/820 4273/819 1569/824
f 188/827 1570/828 4275/829 1807/830
f 188/827 1807/830 4260/507 1750/506
f 188/827 1750/506 4259/501 1806/826
f 188/827 1806/826 4274/825 1570/828
f 189/831 1571/832 4276/833 1808/834
f 189/831 1808/834 4261/513 1751/512
f 189/831 1751/512 4260/507 1807/830
f 189/831 1807/830 4275/829 1571/832
f 190/835 1572/836 4278/812 1810/811
f 190/835 1810/811 4255/483 1752/518
f 190/835 1752/518 4261/513 1808/834
f 190/835 1808/834 4276/833 1572/836
f 191/837 1811/838 4507/839 1573/840
f 191/837 1573/840 4277/841 1809/842
f 191/837 1809/842 4262/761 1753/760
f 191/837 1753/760 4497/759 1811/838
f 192/843 1809/842 4277/841 1574/844
f 192/843 1574/844 4272/822 1803/821
f 192/843 1803/821 4257/498 1754/793
f 192/843 1754/793 4262/761 1809/842
f 193/845 1641/571 4213/570 1659/846
f 193/845 1659/846 4264/847 1764/848
f 193/845 1764/848 4263/849 1755/850
f 193/845 1755/850 4212/566 1641/571
f 194/851 1642/575 4655/574 1661/852
f 194/851 1661/852 4714/853 1765/854
f 194/851 1765/854 4264/847 1659/846
f 194/851 1659/846 4213/570 1642/575
f 195/855 1636/577 4208/554 1662/856
f 195/855 1662/856 4266/857 1766/858
f 195/855 1766/858 4265/859 1660/860
f 195/855 1660/860 4207/578 1636/577
f 196/861 1637/553 4209/552 1663/862
f 196/861 1663/862 4267/863 1767/864
f 196/861 1767/864 4266/857 1662/856
f 196/861 1662/856 4208/554 1637/553
f 197/865 1638/559 4210/558 1664/866
f 197/865 1664/866 4268/867 1768/868
f 197/865 1768/868 4267/863 1663/862
f 197/865 1663/862 4209/552 1638/559
f 198/869 1639/563 4211/562 1665/870
f 198/869 1665/870 4269/871 1769/872
f 198/869 1769/872 4268/867 1664/866
f 198/869 1664/866 4210/558 1639/563
f 199/873 1640/567 4212/566 1755/850
f 199/873 1755/850 4263/849 1770/874
f 199/873 1770/874 4269/871 1665/870
f 199/873 1665/870 4211/562 1640/567
f 200/875 1801/876 4488/750 1777/749
f 200/875 1777/749 4245/748 1721/877
f 200/875 1721/877 4270/878 1771/879
f 200/875 1771/879 4498/880 1801/876
f 201/881 1721/877 4245/748 1734/798
f 201/881 1734/798 4207/578 1660/860
f 201/881 1660/860 4265/859 1772/882
f 201/881 1772/882 4270/878 1721/877
f 202/883 1730/791 4253/788 1786/884
f 202/883 1786/884 4496/885 1787/886
f 202/883 1787/886 4484/887 1773/888
f 202/883 1773/888 4254/765 1730/791
f 203/889 1729/787 4252/784 1785/890
f 203/889 1785/890 4495/891 1788/892
f 203/889 1788/892 4496/885 1786/884
f 203/889 1786/884 4253/788 1729/787
f 204/893 1728/783 4251/780 1784/894
f 204/893 1784/894 4494/895 1789/896
f 204/893 1789/896 4495/891 1785/890
f 204/893 1785/890 4252/784 1728/783
f 205/897 1727/779 4250/776 1783/898
f 205/897 1783/898 4493/899 1790/900
f 205/897 1790/900 4494/895 1784/894
f 205/897 1784/894 4251/780 1727/779
f 206/901 1726/775 4695/774 1781/902
f 206/901 1781/902 4967/903 1791/904
f 206/901 1791/904 4493/899 1783/898
f 206/901 1783/898 4250/776 1726/775
f 207/905 1725/770 4248/767 1780/906
f 207/905 1780/906 4491/907 1792/908
f 207/905 1792/908 4492/723 1782/722
f 207/905 1782/722 4249/721 1725/770
f 208/909 1724/766 4254/765 1773/888
f 208/909 1773/888 4484/887 1793/910
f 208/909 1793/910 4491/907 1780/906
f 208/909 1780/906 4248/767 1724/766
f 209/911 1764/848 4264/847 1813/912
f 209/911 1813/912 4280/913 1822/914
f 209/911 1822/914 4279/915 1812/916
f 209/911 1812/916 4263/849 1764/848
f 210/917 1765/854 4714/853 1815/918
f 210/917 1815/918 4732/919 1823/920
f 210/917 1823/920 4280/913 1813/912
f 210/917 1813/912 4264/847 1765/854
f 211/921 1766/858 4266/857 1816/922
f 211/921 1816/922 4282/923 1824/924
f 211/921 1824/924 4281/925 1814/926
f 211/921 1814/926 4265/859 1766/858
f 212/927 1767/864 4267/863 1817/928
f 212/927 1817/928 4283/929 1825/930
f 212/927 1825/930 4282/923 1816/922
f 212/927 1816/922 4266/857 1767/864
f 213/931 1768/868 4268/867 1818/932
f 213/931 1818/932 4284/933 1826/934
f 213/931 1826/934 4283/929 1817/928
f 213/931 1817/928 4267/863 1768/868
f 214/935 1769/872 4269/871 1819/936
f 214/935 1819/936 4285/937 1827/938
f 214/935 1827/938 4284/933 1818/932
f 214/935 1818/932 4268/867 1769/872
f 215/939 1770/874 4263/849 1812/916
f 215/939 1812/916 4279/915 1828/940
f 215/939 1828/940 4285/937 1819/936
f 215/939 1819/936 4269/871 1770/874
f 216/941 1797/942 4498/880 1771/879
f 216/941 1771/879 4270/878 1820/943
f 216/941 1820/943 4286/944 1829/945
f 216/941 1829/945 4516/946 1797/942
f 217/947 1820/943 4270/878 1772/882
f 217/947 1772/882 4265/859 1814/926
f 217/947 1814/926 4281/925 1830/948
f 217/947 1830/948 4286/944 1820/943
f 227/949 1983/950 4358/951 1975/952
f 227/949 1975/952 4301/953 1855/954
f 227/949 1855/954 4300/955 1857/956
f 227/949 1857/956 4357/957 1983/950
f 228/958 1984/959 4820/960 1977/961
f 228/958 1977/961 4754/962 1856/963
f 228/958 1856/963 4301/953 1975/952
f 228/958 1975/952 4358/951 1984/959
f 229/964 1985/965 4360/966 1978/967
f 229/964 1978/967 4296/968 1850/969
f 229/964 1850/969 4295/970 1976/971
f 229/964 1976/971 4359/972 1985/965
f 230/973 1986/974 4361/975 1979/976
f 230/973 1979/976 4297/977 1851/978
f 230/973 1851/978 4296/968 1978/967
f 230/973 1978/967 4360/966 1986/974
f 231/979 1987/980 4362/981 1980/982
f 231/979 1980/982 4298/983 1852/984
f 231/979 1852/984 4297/977 1979/976
f 231/979 1979/976 4361/975 1987/980
f 232/985 1988/986 4363/987 1981/988
f 232/985 1981/988 4299/989 1853/990
f 232/985 1853/990 4298/983 1980/982
f 232/985 1980/982 4362/981 1988/986
f 233/991 1989/992 4357/957 1857/956
f 233/991 1857/956 4300/955 1854/993
f 233/991 1854/993 4299/989 1981/988
f 233/991 1981/988 4363/987 1989/992
f 234/994 1853/990 4299/989 1866/995
f 234/994 1866/995 4306/996 1861/997
f 234/994 1861/997 4305/998 1865/999
f 234/994 1865/999 4298/983 1853/990
f 235/1000 1854/993 4300/955 1867/1001
f 235/1000 1867/1001 4307/1002 1862/1003
f 235/1000 1862/1003 4306/996 1866/995
f 235/1000 1866/995 4299/989 1854/993
f 236/1004 1855/954 4301/953 1868/1005
f 236/1004 1868/1005 4308/1006 1863/1007
f 236/1004 1863/1007 4307/1002 1867/1001
f 236/1004 1867/1001 4300/955 1855/954
f 237/1008 1856/963 4754/962 1870/1009
f 237/1008 1870/1009 4762/1010 1864/1011
f 237/1008 1864/1011 4308/1006 1868/1005
f 237/1008 1868/1005 4301/953 1856/963
f 238/1012 1850/969 4296/968 1871/1013
f 238/1012 1871/1013 4303/1014 1858/1015
f 238/1012 1858/1015 4302/1016 1869/1017
f 238/1012 1869/1017 4295/970 1850/969
f 239/1018 1851/978 4297/977 1872/1019
f 239/1018 1872/1019 4304/1020 1859/1021
f 239/1018 1859/1021 4303/1014 1871/1013
f 239/1018 1871/1013 4296/968 1851/978
f 240/1022 1852/984 4298/983 1865/999
f 240/1022 1865/999 4305/998 1860/1023
f 240/1022 1860/1023 4304/1020 1872/1019
f 240/1022 1872/1019 4297/977 1852/984
f 241/1024 1859/1021 4304/1020 1882/1025
f 241/1024 1882/1025 4311/1026 1874/1027
f 241/1024 1874/1027 4310/1028 1881/1029
f 241/1024 1881/1029 4303/1014 1859/1021
f 242/1030 1860/1023 4305/998 1883/1031
f 242/1030 1883/1031 4312/1032 1875/1033
f 242/1030 1875/1033 4311/1026 1882/1025
f 242/1030 1882/1025 4304/1020 1860/1023
f 243/1034 1861/997 4306/996 1884/1035
f 243/1034 1884/1035 4313/1036 1876/1037
f 243/1034 1876/1037 4312/1032 1883/1031
f 243/1034 1883/1031 4305/998 1861/997
f 244/1038 1862/1003 4307/1002 1885/1039
f 244/1038 1885/1039 4314/1040 1877/1041
f 244/1038 1877/1041 4313/1036 1884/1035
f 244/1038 1884/1035 4306/996 1862/1003
f 245/1042 1863/1007 4308/1006 1886/1043
f 245/1042 1886/1043 4315/1044 1878/1045
f 245/1042 1878/1045 4314/1040 1885/1039
f 245/1042 1885/1039 4307/1002 1863/1007
f 246/1046 1864/1011 4762/1010 1880/1047
f 246/1046 1880/1047 4770/1048 1879/1049
f 246/1046 1879/1049 4315/1044 1886/1043
f 246/1046 1886/1043 4308/1006 1864/1011
f 247/1050 1858/1015 4303/1014 1881/1029
f 247/1050 1881/1029 4310/1028 1873/1051
f 247/1050 1873/1051 4309/1052 1887/1053
f 247/1050 1887/1053 4302/1016 1858/1015
f 248/1054 2069/1055 4398/1056 1993/1057
f 248/1054 1993/1057 4322/1058 1893/1059
f 248/1054 1893/1059 4321/1060 1895/1061
f 248/1054 1895/1061 4397/1062 2069/1055
f 249/1063 2070/1064 4864/1065 1995/1066
f 249/1063 1995/1066 4778/1067 1894/1068
f 249/1063 1894/1068 4322/1058 1993/1057
f 249/1063 1993/1057 4398/1056 2070/1064
f 250/1069 2071/1070 4400/1071 1996/1072
f 250/1069 1996/1072 4317/1073 1888/1074
f 250/1069 1888/1074 4316/1075 1994/1076
f 250/1069 1994/1076 4399/1077 2071/1070
f 251/1078 2072/1079 4401/1080 1997/1081
f 251/1078 1997/1081 4318/1082 1889/1083
f 251/1078 1889/1083 4317/1073 1996/1072
f 251/1078 1996/1072 4400/1071 2072/1079
f 252/1084 2073/1085 4402/1086 1998/1087
f 252/1084 1998/1087 4319/1088 1890/1089
f 252/1084 1890/1089 4318/1082 1997/1081
f 252/1084 1997/1081 4401/1080 2073/1085
f 253/1090 2074/1091 4403/1092 1999/1093
f 253/1090 1999/1093 4320/1094 1891/1095
f 253/1090 1891/1095 4319/1088 1998/1087
f 253/1090 1998/1087 4402/1086 2074/1091
f 254/1096 2075/1097 4397/1062 1895/1061
f 254/1096 1895/1061 4321/1060 1892/1098
f 254/1096 1892/1098 4320/1094 1999/1093
f 254/1096 1999/1093 4403/1092 2075/1097
f 255/1099 1890/1089 4319/1088 1911/1100
f 255/1099 1911/1100 4326/1101 1905/1102
f 255/1099 1905/1102 4325/1103 1910/1104
f 255/1099 1910/1104 4318/1082 1890/1089
f 256/1105 1891/1095 4320/1094 1912/1106
f 256/1105 1912/1106 4327/1107 1906/1108
f 256/1105 1906/1108 4326/1101 1911/1100
f 256/1105 1911/1100 4319/1088 1891/1095
f 257/1109 1892/1098 4321/1060 1913/1110
f 257/1109 1913/1110 4328/1111 1907/1112
f 257/1109 1907/1112 4327/1107 1912/1106
f 257/1109 1912/1106 4320/1094 1892/1098
f 258/1113 1893/1059 4322/1058 1914/1114
f 258/1113 1914/1114 4329/1115 1908/1116
f 258/1113 1908/1116 4328/1111 1913/1110
f 258/1113 1913/1110 4321/1060 1893/1059
f 259/1117 1894/1068 4778/1067 1916/1118
f 259/1117 1916/1118 4786/1119 1909/1120
f 259/1117 1909/1120 4329/1115 1914/1114
f 259/1117 1914/1114 4322/1058 1894/1068
f 260/1121 1888/1074 4317/1073 1917/1122
f 260/1121 1917/1122 4324/1123 1903/1124
f 260/1121 1903/1124 4323/1125 1915/1126
f 260/1121 1915/1126 4316/1075 1888/1074
f 261/1127 1889/1083 4318/1082 1910/1104
f 261/1127 1910/1104 4325/1103 1904/1128
f 261/1127 1904/1128 4324/1123 1917/1122
f 261/1127 1917/1122 4317/1073 1889/1083
f 262/1129 1909/1120 4786/1119 1926/1130
f 262/1129 1926/1130 4794/1131 1924/1132
f 262/1129 1924/1132 4336/1133 1925/1134
f 262/1129 1925/1134 4329/1115 1909/1120
f 263/1135 1903/1124 4324/1123 1928/1136
f 263/1135 1928/1136 4331/1137 1918/1138
f 263/1135 1918/1138 4330/1139 1927/1140
f 263/1135 1927/1140 4323/1125 1903/1124
f 264/1141 1904/1128 4325/1103 1929/1142
f 264/1141 1929/1142 4332/1143 1919/1144
f 264/1141 1919/1144 4331/1137 1928/1136
f 264/1141 1928/1136 4324/1123 1904/1128
f 265/1145 1905/1102 4326/1101 1930/1146
f 265/1145 1930/1146 4333/1147 1920/1148
f 265/1145 1920/1148 4332/1143 1929/1142
f 265/1145 1929/1142 4325/1103 1905/1102
f 266/1149 1906/1108 4327/1107 1931/1150
f 266/1149 1931/1150 4334/1151 1921/1152
f 266/1149 1921/1152 4333/1147 1930/1146
f 266/1149 1930/1146 4326/1101 1906/1108
f 267/1153 1907/1112 4328/1111 1932/1154
f 267/1153 1932/1154 4335/1155 1922/1156
f 267/1153 1922/1156 4334/1151 1931/1150
f 267/1153 1931/1150 4327/1107 1907/1112
f 268/1157 1908/1116 4329/1115 1925/1134
f 268/1157 1925/1134 4336/1133 1923/1158
f 268/1157 1923/1158 4335/1155 1932/1154
f 268/1157 1932/1154 4328/1111 1908/1116
f 269/1159 1922/1156 4335/1155 1941/1160
f 269/1159 1941/1160 4342/1161 1937/1162
f 269/1159 1937/1162 4341/1163 1940/1164
f 269/1159 1940/1164 4334/1151 1922/1156
f 270/1165 1923/1158 4336/1133 1942/1166
f 270/1165 1942/1166 4343/1167 1938/1168
f 270/1165 1938/1168 4342/1161 1941/1160
f 270/1165 1941/1160 4335/1155 1923/1158
f 271/1169 1924/1132 4794/1131 1944/1170
f 271/1169 1944/1170 4802/1171 1939/1172
f 271/1169 1939/1172 4343/1167 1942/1166
f 271/1169 1942/1166 4336/1133 1924/1132
f 272/1173 1918/1138 4331/1137 1945/1174
f 272/1173 1945/1174 4338/1175 1933/1176
f 272/1173 1933/1176 4337/1177 1943/1178
f 272/1173 1943/1178 4330/1139 1918/1138
f 273/1179 1919/1144 4332/1143 1946/1180
f 273/1179 1946/1180 4339/1181 1934/1182
f 273/1179 1934/1182 4338/1175 1945/1174
f 273/1179 1945/1174 4331/1137 1919/1144
f 274/1183 1920/1148 4333/1147 1947/1184
f 274/1183 1947/1184 4340/1185 1935/1186
f 274/1183 1935/1186 4339/1181 1946/1180
f 274/1183 1946/1180 4332/1143 1920/1148
f 275/1187 1921/1152 4334/1151 1940/1164
f 275/1187 1940/1164 4341/1163 1936/1188
f 275/1187 1936/1188 4340/1185 1947/1184
f 275/1187 1947/1184 4333/1147 1921/1152
f 276/1189 3321/1190 5044/1191 2011/1192
f 276/1189 2011/1192 4344/1193 1955/1194
f 276/1189 1955/1194 4351/1195 2019/1196
f 276/1189 2019/1196 5052/1197 3321/1190
f 277/1198 3322/1199 5045/1200 2012/1201
f 277/1198 2012/1201 4345/1202 1956/1203
f 277/1198 1956/1203 4344/1193 2011/1192
f 277/1198 2011/1192 5044/1191 3322/1199
f 278/1204 3323/1205 5046/1206 2013/1207
f 278/1204 2013/1207 4346/1208 1957/1209
f 278/1204 1957/1209 4345/1202 2012/1201
f 278/1204 2012/1201 5045/1200 3323/1205
f 279/1210 3324/1211 5059/1212 2076/1213
f 279/1210 2076/1213 4404/1214 2000/1215
f 279/1210 2000/1215 4346/1208 2013/1207
f 279/1210 2013/1207 5046/1206 3324/1211
f 280/1216 3325/1217 5048/1218 2015/1219
f 280/1216 2015/1219 4348/1220 1959/1221
f 280/1216 1959/1221 4347/1222 2014/1223
f 280/1216 2014/1223 5047/1224 3325/1217
f 281/1225 3326/1226 5049/1227 2016/1228
f 281/1225 2016/1228 4349/1229 1960/1230
f 281/1225 1960/1230 4348/1220 2015/1219
f 281/1225 2015/1219 5048/1218 3326/1226
f 282/1231 3327/1232 5041/1233 1990/1234
f 282/1231 1990/1234 4364/1235 1982/1236
f 282/1231 1982/1236 4349/1229 2016/1228
f 282/1231 2016/1228 5049/1227 3327/1232
f 283/1237 1934/1182 4339/1181 1968/1238
f 283/1237 1968/1238 4356/1239 1961/1240
f 283/1237 1961/1240 4350/1241 1954/1242
f 283/1237 1954/1242 4338/1175 1934/1182
f 284/1243 1933/1176 4338/1175 1954/1242
f 284/1243 1954/1242 4350/1241 1962/1244
f 284/1243 1962/1244 4351/1195 1952/1245
f 284/1243 1952/1245 4337/1177 1933/1176
f 285/1246 1939/1172 4802/1171 1953/1247
f 285/1246 1953/1247 4810/1248 1963/1249
f 285/1246 1963/1249 4352/1250 1951/1251
f 285/1246 1951/1251 4343/1167 1939/1172
f 286/1252 1938/1168 4343/1167 1951/1251
f 286/1252 1951/1251 4352/1250 1964/1253
f 286/1252 1964/1253 4353/1254 1950/1255
f 286/1252 1950/1255 4342/1161 1938/1168
f 287/1256 1937/1162 4342/1161 1950/1255
f 287/1256 1950/1255 4353/1254 1965/1257
f 287/1256 1965/1257 4354/1258 1949/1259
f 287/1256 1949/1259 4341/1163 1937/1162
f 288/1260 1936/1188 4341/1163 1949/1259
f 288/1260 1949/1259 4354/1258 1966/1261
f 288/1260 1966/1261 4355/1262 1948/1263
f 288/1260 1948/1263 4340/1185 1936/1188
f 289/1264 1935/1186 4340/1185 1948/1263
f 289/1264 1948/1263 4355/1262 1967/1265
f 289/1264 1967/1265 4356/1239 1968/1238
f 289/1264 1968/1238 4339/1181 1935/1186
f 290/1266 1982/1236 4364/1235 1991/1267
f 290/1266 1991/1267 4359/972 1976/971
f 290/1266 1976/971 4295/970 1969/1268
f 290/1266 1969/1268 4349/1229 1982/1236
f 291/1269 1960/1230 4349/1229 1969/1268
f 291/1269 1969/1268 4295/970 1869/1017
f 291/1269 1869/1017 4302/1016 1970/1270
f 291/1269 1970/1270 4348/1220 1960/1230
f 292/1271 1959/1221 4348/1220 1970/1270
f 292/1271 1970/1270 4302/1016 1887/1053
f 292/1271 1887/1053 4309/1052 1971/1272
f 292/1271 1971/1272 4347/1222 1959/1221
f 293/1273 2000/1215 4404/1214 2077/1274
f 293/1273 2077/1274 4399/1077 1994/1076
f 293/1273 1994/1076 4316/1075 1972/1275
f 293/1273 1972/1275 4346/1208 2000/1215
f 294/1276 1957/1209 4346/1208 1972/1275
f 294/1276 1972/1275 4316/1075 1915/1126
f 294/1276 1915/1126 4323/1125 1973/1277
f 294/1276 1973/1277 4345/1202 1957/1209
f 295/1278 1956/1203 4345/1202 1973/1277
f 295/1278 1973/1277 4323/1125 1927/1140
f 295/1278 1927/1140 4330/1139 1974/1279
f 295/1278 1974/1279 4344/1193 1956/1203
f 296/1280 1955/1194 4344/1193 1974/1279
f 296/1280 1974/1279 4330/1139 1943/1178
f 296/1280 1943/1178 4337/1177 1952/1245
f 296/1280 1952/1245 4351/1195 1955/1194
f 297/1281 3220/1282 5015/1283 2024/1284
f 297/1281 2024/1284 4358/951 1983/950
f 297/1281 1983/950 4357/957 2032/1285
f 297/1281 2032/1285 5023/1286 3220/1282
f 298/1287 3221/1288 5017/1289 2026/1290
f 298/1287 2026/1290 4820/960 1984/959
f 298/1287 1984/959 4358/951 2024/1284
f 298/1287 2024/1284 5015/1283 3221/1288
f 299/1291 3222/1292 5018/1293 2027/1294
f 299/1291 2027/1294 4360/966 1985/965
f 299/1291 1985/965 4359/972 2025/1295
f 299/1291 2025/1295 5016/1296 3222/1292
f 300/1297 3223/1298 5019/1299 2028/1300
f 300/1297 2028/1300 4361/975 1986/974
f 300/1297 1986/974 4360/966 2027/1294
f 300/1297 2027/1294 5018/1293 3223/1298
f 301/1301 3224/1302 5020/1303 2029/1304
f 301/1301 2029/1304 4362/981 1987/980
f 301/1301 1987/980 4361/975 2028/1300
f 301/1301 2028/1300 5019/1299 3224/1302
f 302/1305 3225/1306 5021/1307 2030/1308
f 302/1305 2030/1308 4363/987 1988/986
f 302/1305 1988/986 4362/981 2029/1304
f 302/1305 2029/1304 5020/1303 3225/1306
f 303/1309 3226/1310 5023/1286 2032/1285
f 303/1309 2032/1285 4357/957 1989/992
f 303/1309 1989/992 4363/987 2030/1308
f 303/1309 2030/1308 5021/1307 3226/1310
f 304/1311 3328/1312 5113/1313 3319/1314
f 304/1311 3319/1314 5022/1315 2031/1316
f 304/1311 2031/1316 4364/1235 1990/1234
f 304/1311 1990/1234 5041/1233 3328/1312
f 305/1317 2031/1316 5022/1315 3228/1318
f 305/1317 3228/1318 5016/1296 2025/1295
f 305/1317 2025/1295 4359/972 1991/1267
f 305/1317 1991/1267 4364/1235 2031/1316
f 306/1319 1878/1045 4315/1044 1896/1320
f 306/1319 1896/1320 4366/1321 2001/1322
f 306/1319 2001/1322 4365/1323 1992/1324
f 306/1319 1992/1324 4314/1040 1878/1045
f 307/1325 1879/1049 4770/1048 1898/1326
f 307/1325 1898/1326 4829/1327 2002/1328
f 307/1325 2002/1328 4366/1321 1896/1320
f 307/1325 1896/1320 4315/1044 1879/1049
f 308/1329 1873/1051 4310/1028 1899/1330
f 308/1329 1899/1330 4368/1331 2003/1332
f 308/1329 2003/1332 4367/1333 1897/1334
f 308/1329 1897/1334 4309/1052 1873/1051
f 309/1335 1874/1027 4311/1026 1900/1336
f 309/1335 1900/1336 4369/1337 2004/1338
f 309/1335 2004/1338 4368/1331 1899/1330
f 309/1335 1899/1330 4310/1028 1874/1027
f 310/1339 1875/1033 4312/1032 1901/1340
f 310/1339 1901/1340 4370/1341 2005/1342
f 310/1339 2005/1342 4369/1337 1900/1336
f 310/1339 1900/1336 4311/1026 1875/1033
f 311/1343 1876/1037 4313/1036 1902/1344
f 311/1343 1902/1344 4371/1345 2006/1346
f 311/1343 2006/1346 4370/1341 1901/1340
f 311/1343 1901/1340 4312/1032 1876/1037
f 312/1347 1877/1041 4314/1040 1992/1324
f 312/1347 1992/1324 4365/1323 2007/1348
f 312/1347 2007/1348 4371/1345 1902/1344
f 312/1347 1902/1344 4313/1036 1877/1041
f 313/1349 3329/1350 5047/1224 2014/1223
f 313/1349 2014/1223 4347/1222 1958/1351
f 313/1349 1958/1351 4372/1352 2008/1353
f 313/1349 2008/1353 5042/1354 3329/1350
f 314/1355 1958/1351 4347/1222 1971/1272
f 314/1355 1971/1272 4309/1052 1897/1334
f 314/1355 1897/1334 4367/1333 2009/1356
f 314/1355 2009/1356 4372/1352 1958/1351
f 322/1357 2001/1322 4366/1321 2043/1358
f 322/1357 2043/1358 4389/1359 2051/1360
f 322/1357 2051/1360 4388/1361 2042/1362
f 322/1357 2042/1362 4365/1323 2001/1322
f 323/1363 2002/1328 4829/1327 2045/1364
f 323/1363 2045/1364 4854/1365 2052/1366
f 323/1363 2052/1366 4389/1359 2043/1358
f 323/1363 2043/1358 4366/1321 2002/1328
f 324/1367 2003/1332 4368/1331 2046/1368
f 324/1367 2046/1368 4391/1369 2053/1370
f 324/1367 2053/1370 4390/1371 2044/1372
f 324/1367 2044/1372 4367/1333 2003/1332
f 325/1373 2004/1338 4369/1337 2047/1374
f 325/1373 2047/1374 4392/1375 2054/1376
f 325/1373 2054/1376 4391/1369 2046/1368
f 325/1373 2046/1368 4368/1331 2004/1338
f 326/1377 2005/1342 4370/1341 2048/1378
f 326/1377 2048/1378 4393/1379 2055/1380
f 326/1377 2055/1380 4392/1375 2047/1374
f 326/1377 2047/1374 4369/1337 2005/1342
f 327/1381 2006/1346 4371/1345 2049/1382
f 327/1381 2049/1382 4394/1383 2056/1384
f 327/1381 2056/1384 4393/1379 2048/1378
f 327/1381 2048/1378 4370/1341 2006/1346
f 328/1385 2007/1348 4365/1323 2042/1362
f 328/1385 2042/1362 4388/1361 2057/1386
f 328/1385 2057/1386 4394/1383 2049/1382
f 328/1385 2049/1382 4371/1345 2007/1348
f 329/1387 3337/1388 5042/1354 2008/1353
f 329/1387 2008/1353 4372/1352 2050/1389
f 329/1387 2050/1389 4395/1390 2058/1391
f 329/1387 2058/1391 5058/1392 3337/1388
f 330/1393 2050/1389 4372/1352 2009/1356
f 330/1393 2009/1356 4367/1333 2044/1372
f 330/1393 2044/1372 4390/1371 2059/1394
f 330/1393 2059/1394 4395/1390 2050/1389
f 340/1395 2203/1396 4469/1397 2211/1398
f 340/1395 2211/1398 4468/1399 2085/1400
f 340/1395 2085/1400 4411/1401 2083/1402
f 340/1395 2083/1402 4412/1403 2203/1396
f 341/1404 2205/1405 4944/1406 2212/1407
f 341/1404 2212/1407 4469/1397 2203/1396
f 341/1404 2203/1396 4412/1403 2084/1408
f 341/1404 2084/1408 4878/1409 2205/1405
f 342/1410 2206/1411 4471/1412 2213/1413
f 342/1410 2213/1413 4470/1414 2204/1415
f 342/1410 2204/1415 4406/1416 2078/1417
f 342/1410 2078/1417 4407/1418 2206/1411
f 343/1419 2207/1420 4472/1421 2214/1422
f 343/1419 2214/1422 4471/1412 2206/1411
f 343/1419 2206/1411 4407/1418 2079/1423
f 343/1419 2079/1423 4408/1424 2207/1420
f 344/1425 2208/1426 4473/1427 2215/1428
f 344/1425 2215/1428 4472/1421 2207/1420
f 344/1425 2207/1420 4408/1424 2080/1429
f 344/1425 2080/1429 4409/1430 2208/1426
f 345/1431 2209/1432 4474/1433 2216/1434
f 345/1431 2216/1434 4473/1427 2208/1426
f 345/1431 2208/1426 4409/1430 2081/1435
f 345/1431 2081/1435 4410/1436 2209/1432
f 346/1437 2085/1400 4468/1399 2217/1438
f 346/1437 2217/1438 4474/1433 2209/1432
f 346/1437 2209/1432 4410/1436 2082/1439
f 346/1437 2082/1439 4411/1401 2085/1400
f 347/1440 2094/1441 4410/1436 2081/1435
f 347/1440 2081/1435 4409/1430 2093/1442
f 347/1440 2093/1442 4416/1443 2089/1444
f 347/1440 2089/1444 4417/1445 2094/1441
f 348/1446 2095/1447 4411/1401 2082/1439
f 348/1446 2082/1439 4410/1436 2094/1441
f 348/1446 2094/1441 4417/1445 2090/1448
f 348/1446 2090/1448 4418/1449 2095/1447
f 349/1450 2096/1451 4412/1403 2083/1402
f 349/1450 2083/1402 4411/1401 2095/1447
f 349/1450 2095/1447 4418/1449 2091/1452
f 349/1450 2091/1452 4419/1453 2096/1451
f 350/1454 2098/1455 4878/1409 2084/1408
f 350/1454 2084/1408 4412/1403 2096/1451
f 350/1454 2096/1451 4419/1453 2092/1456
f 350/1454 2092/1456 4886/1457 2098/1455
f 351/1458 2099/1459 4407/1418 2078/1417
f 351/1458 2078/1417 4406/1416 2097/1460
f 351/1458 2097/1460 4413/1461 2086/1462
f 351/1458 2086/1462 4414/1463 2099/1459
f 352/1464 2100/1465 4408/1424 2079/1423
f 352/1464 2079/1423 4407/1418 2099/1459
f 352/1464 2099/1459 4414/1463 2087/1466
f 352/1464 2087/1466 4415/1467 2100/1465
f 353/1468 2093/1442 4409/1430 2080/1429
f 353/1468 2080/1429 4408/1424 2100/1465
f 353/1468 2100/1465 4415/1467 2088/1469
f 353/1468 2088/1469 4416/1443 2093/1442
f 354/1470 2110/1471 4415/1467 2087/1466
f 354/1470 2087/1466 4414/1463 2109/1472
f 354/1470 2109/1472 4421/1473 2102/1474
f 354/1470 2102/1474 4422/1475 2110/1471
f 355/1476 2111/1477 4416/1443 2088/1469
f 355/1476 2088/1469 4415/1467 2110/1471
f 355/1476 2110/1471 4422/1475 2103/1478
f 355/1476 2103/1478 4423/1479 2111/1477
f 356/1480 2112/1481 4417/1445 2089/1444
f 356/1480 2089/1444 4416/1443 2111/1477
f 356/1480 2111/1477 4423/1479 2104/1482
f 356/1480 2104/1482 4424/1483 2112/1481
f 357/1484 2113/1485 4418/1449 2090/1448
f 357/1484 2090/1448 4417/1445 2112/1481
f 357/1484 2112/1481 4424/1483 2105/1486
f 357/1484 2105/1486 4425/1487 2113/1485
f 358/1488 2114/1489 4419/1453 2091/1452
f 358/1488 2091/1452 4418/1449 2113/1485
f 358/1488 2113/1485 4425/1487 2106/1490
f 358/1488 2106/1490 4426/1491 2114/1489
f 359/1492 2108/1493 4886/1457 2092/1456
f 359/1492 2092/1456 4419/1453 2114/1489
f 359/1492 2114/1489 4426/1491 2107/1494
f 359/1492 2107/1494 4894/1495 2108/1493
f 360/1496 2109/1472 4414/1463 2086/1462
f 360/1496 2086/1462 4413/1461 2115/1497
f 360/1496 2115/1497 4420/1498 2101/1499
f 360/1496 2101/1499 4421/1473 2109/1472
f 361/1500 2221/1501 4518/1502 2288/1503
f 361/1500 2288/1503 4517/1504 2123/1505
f 361/1500 2123/1505 4432/1506 2121/1507
f 361/1500 2121/1507 4433/1508 2221/1501
f 362/1509 2223/1510 4998/1511 2289/1512
f 362/1509 2289/1512 4518/1502 2221/1501
f 362/1509 2221/1501 4433/1508 2122/1513
f 362/1509 2122/1513 4902/1514 2223/1510
f 363/1515 2224/1516 4520/1517 2290/1518
f 363/1515 2290/1518 4519/1519 2222/1520
f 363/1515 2222/1520 4427/1521 2116/1522
f 363/1515 2116/1522 4428/1523 2224/1516
f 364/1524 2225/1525 4521/1526 2291/1527
f 364/1524 2291/1527 4520/1517 2224/1516
f 364/1524 2224/1516 4428/1523 2117/1528
f 364/1524 2117/1528 4429/1529 2225/1525
f 365/1530 2226/1531 4522/1532 2292/1533
f 365/1530 2292/1533 4521/1526 2225/1525
f 365/1530 2225/1525 4429/1529 2118/1534
f 365/1530 2118/1534 4430/1535 2226/1531
f 366/1536 2227/1537 4523/1538 2293/1539
f 366/1536 2293/1539 4522/1532 2226/1531
f 366/1536 2226/1531 4430/1535 2119/1540
f 366/1536 2119/1540 4431/1541 2227/1537
f 367/1542 2123/1505 4517/1504 2294/1543
f 367/1542 2294/1543 4523/1538 2227/1537
f 367/1542 2227/1537 4431/1541 2120/1544
f 367/1542 2120/1544 4432/1506 2123/1505
f 368/1545 2139/1546 4430/1535 2118/1534
f 368/1545 2118/1534 4429/1529 2138/1547
f 368/1545 2138/1547 4436/1548 2133/1549
f 368/1545 2133/1549 4437/1550 2139/1546
f 369/1551 2140/1552 4431/1541 2119/1540
f 369/1551 2119/1540 4430/1535 2139/1546
f 369/1551 2139/1546 4437/1550 2134/1553
f 369/1551 2134/1553 4438/1554 2140/1552
f 370/1555 2141/1556 4432/1506 2120/1544
f 370/1555 2120/1544 4431/1541 2140/1552
f 370/1555 2140/1552 4438/1554 2135/1557
f 370/1555 2135/1557 4439/1558 2141/1556
f 371/1559 2142/1560 4433/1508 2121/1507
f 371/1559 2121/1507 4432/1506 2141/1556
f 371/1559 2141/1556 4439/1558 2136/1561
f 371/1559 2136/1561 4440/1562 2142/1560
f 372/1563 2144/1564 4902/1514 2122/1513
f 372/1563 2122/1513 4433/1508 2142/1560
f 372/1563 2142/1560 4440/1562 2137/1565
f 372/1563 2137/1565 4910/1566 2144/1564
f 373/1567 2145/1568 4428/1523 2116/1522
f 373/1567 2116/1522 4427/1521 2143/1569
f 373/1567 2143/1569 4434/1570 2131/1571
f 373/1567 2131/1571 4435/1572 2145/1568
f 374/1573 2138/1547 4429/1529 2117/1528
f 374/1573 2117/1528 4428/1523 2145/1568
f 374/1573 2145/1568 4435/1572 2132/1574
f 374/1573 2132/1574 4436/1548 2138/1547
f 375/1575 2154/1576 4910/1566 2137/1565
f 375/1575 2137/1565 4440/1562 2153/1577
f 375/1575 2153/1577 4447/1578 2152/1579
f 375/1575 2152/1579 4918/1580 2154/1576
f 376/1581 2156/1582 4435/1572 2131/1571
f 376/1581 2131/1571 4434/1570 2155/1583
f 376/1581 2155/1583 4441/1584 2146/1585
f 376/1581 2146/1585 4442/1586 2156/1582
f 377/1587 2157/1588 4436/1548 2132/1574
f 377/1587 2132/1574 4435/1572 2156/1582
f 377/1587 2156/1582 4442/1586 2147/1589
f 377/1587 2147/1589 4443/1590 2157/1588
f 378/1591 2158/1592 4437/1550 2133/1549
f 378/1591 2133/1549 4436/1548 2157/1588
f 378/1591 2157/1588 4443/1590 2148/1593
f 378/1591 2148/1593 4444/1594 2158/1592
f 379/1595 2159/1596 4438/1554 2134/1553
f 379/1595 2134/1553 4437/1550 2158/1592
f 379/1595 2158/1592 4444/1594 2149/1597
f 379/1595 2149/1597 4445/1598 2159/1596
f 380/1599 2160/1600 4439/1558 2135/1557
f 380/1599 2135/1557 4438/1554 2159/1596
f 380/1599 2159/1596 4445/1598 2150/1601
f 380/1599 2150/1601 4446/1602 2160/1600
f 381/1603 2153/1577 4440/1562 2136/1561
f 381/1603 2136/1561 4439/1558 2160/1600
f 381/1603 2160/1600 4446/1602 2151/1604
f 381/1603 2151/1604 4447/1578 2153/1577
f 382/1605 2169/1606 4446/1602 2150/1601
f 382/1605 2150/1601 4445/1598 2168/1607
f 382/1605 2168/1607 4452/1608 2165/1609
f 382/1605 2165/1609 4453/1610 2169/1606
f 383/1611 2170/1612 4447/1578 2151/1604
f 383/1611 2151/1604 4446/1602 2169/1606
f 383/1611 2169/1606 4453/1610 2166/1613
f 383/1611 2166/1613 4454/1614 2170/1612
f 384/1615 2172/1616 4918/1580 2152/1579
f 384/1615 2152/1579 4447/1578 2170/1612
f 384/1615 2170/1612 4454/1614 2167/1617
f 384/1615 2167/1617 4926/1618 2172/1616
f 385/1619 2173/1620 4442/1586 2146/1585
f 385/1619 2146/1585 4441/1584 2171/1621
f 385/1619 2171/1621 4448/1622 2161/1623
f 385/1619 2161/1623 4449/1624 2173/1620
f 386/1625 2174/1626 4443/1590 2147/1589
f 386/1625 2147/1589 4442/1586 2173/1620
f 386/1625 2173/1620 4449/1624 2162/1627
f 386/1625 2162/1627 4450/1628 2174/1626
f 387/1629 2175/1630 4444/1594 2148/1593
f 387/1629 2148/1593 4443/1590 2174/1626
f 387/1629 2174/1626 4450/1628 2163/1631
f 387/1629 2163/1631 4451/1632 2175/1630
f 388/1633 2168/1607 4445/1598 2149/1597
f 388/1633 2149/1597 4444/1594 2175/1630
f 388/1633 2175/1630 4451/1632 2164/1634
f 388/1633 2164/1634 4452/1608 2168/1607
f 389/1635 2239/1636 5063/1637 3339/1638
f 389/1635 3339/1638 5071/1639 2247/1640
f 389/1635 2247/1640 4462/1641 2183/1642
f 389/1635 2183/1642 4455/1643 2239/1636
f 390/1644 2240/1645 5064/1646 3340/1647
f 390/1644 3340/1647 5063/1637 2239/1636
f 390/1644 2239/1636 4455/1643 2184/1648
f 390/1644 2184/1648 4456/1649 2240/1645
f 391/1650 2241/1651 5065/1652 3341/1653
f 391/1650 3341/1653 5064/1646 2240/1645
f 391/1650 2240/1645 4456/1649 2185/1654
f 391/1650 2185/1654 4457/1655 2241/1651
f 392/1656 2295/1657 5077/1658 3342/1659
f 392/1656 3342/1659 5065/1652 2241/1651
f 392/1656 2241/1651 4457/1655 2228/1660
f 392/1656 2228/1660 4524/1661 2295/1657
f 393/1662 2243/1663 5067/1664 3343/1665
f 393/1662 3343/1665 5066/1666 2242/1667
f 393/1662 2242/1667 4458/1668 2187/1669
f 393/1662 2187/1669 4459/1670 2243/1663
f 394/1671 2244/1672 5068/1673 3344/1674
f 394/1671 3344/1674 5067/1664 2243/1663
f 394/1671 2243/1663 4459/1670 2188/1675
f 394/1671 2188/1675 4460/1676 2244/1672
f 395/1677 2218/1678 5060/1679 3345/1680
f 395/1677 3345/1680 5068/1673 2244/1672
f 395/1677 2244/1672 4460/1676 2210/1681
f 395/1677 2210/1681 4475/1682 2218/1678
f 396/1683 2196/1684 4450/1628 2162/1627
f 396/1683 2162/1627 4449/1624 2182/1685
f 396/1683 2182/1685 4461/1686 2189/1687
f 396/1683 2189/1687 4467/1688 2196/1684
f 397/1689 2182/1685 4449/1624 2161/1623
f 397/1689 2161/1623 4448/1622 2180/1690
f 397/1689 2180/1690 4462/1641 2190/1691
f 397/1689 2190/1691 4461/1686 2182/1685
f 398/1692 2181/1693 4926/1618 2167/1617
f 398/1692 2167/1617 4454/1614 2179/1694
f 398/1692 2179/1694 4463/1695 2191/1696
f 398/1692 2191/1696 4934/1697 2181/1693
f 399/1698 2179/1694 4454/1614 2166/1613
f 399/1698 2166/1613 4453/1610 2178/1699
f 399/1698 2178/1699 4464/1700 2192/1701
f 399/1698 2192/1701 4463/1695 2179/1694
f 400/1702 2178/1699 4453/1610 2165/1609
f 400/1702 2165/1609 4452/1608 2177/1703
f 400/1702 2177/1703 4465/1704 2193/1705
f 400/1702 2193/1705 4464/1700 2178/1699
f 401/1706 2177/1703 4452/1608 2164/1634
f 401/1706 2164/1634 4451/1632 2176/1707
f 401/1706 2176/1707 4466/1708 2194/1709
f 401/1706 2194/1709 4465/1704 2177/1703
f 402/1710 2176/1707 4451/1632 2163/1631
f 402/1710 2163/1631 4450/1628 2196/1684
f 402/1710 2196/1684 4467/1688 2195/1711
f 402/1710 2195/1711 4466/1708 2176/1707
f 403/1712 2219/1713 4475/1682 2210/1681
f 403/1712 2210/1681 4460/1676 2197/1714
f 403/1712 2197/1714 4406/1416 2204/1415
f 403/1712 2204/1415 4470/1414 2219/1713
f 404/1715 2197/1714 4460/1676 2188/1675
f 404/1715 2188/1675 4459/1670 2198/1716
f 404/1715 2198/1716 4413/1461 2097/1460
f 404/1715 2097/1460 4406/1416 2197/1714
f 405/1717 2198/1716 4459/1670 2187/1669
f 405/1717 2187/1669 4458/1668 2199/1718
f 405/1717 2199/1718 4420/1498 2115/1497
f 405/1717 2115/1497 4413/1461 2198/1716
f 406/1719 2296/1720 4524/1661 2228/1660
f 406/1719 2228/1660 4457/1655 2200/1721
f 406/1719 2200/1721 4427/1521 2222/1520
f 406/1719 2222/1520 4519/1519 2296/1720
f 407/1722 2200/1721 4457/1655 2185/1654
f 407/1722 2185/1654 4456/1649 2201/1723
f 407/1722 2201/1723 4434/1570 2143/1569
f 407/1722 2143/1569 4427/1521 2200/1721
f 408/1724 2201/1723 4456/1649 2184/1648
f 408/1724 2184/1648 4455/1643 2202/1725
f 408/1724 2202/1725 4441/1584 2155/1583
f 408/1724 2155/1583 4434/1570 2201/1723
f 409/1726 2202/1725 4455/1643 2183/1642
f 409/1726 2183/1642 4462/1641 2180/1690
f 409/1726 2180/1690 4448/1622 2171/1621
f 409/1726 2171/1621 4441/1584 2202/1725
f 410/1727 2252/1728 4499/1729 2033/1730
f 410/1727 2033/1730 4506/1731 2260/1732
f 410/1727 2260/1732 4468/1399 2211/1398
f 410/1727 2211/1398 4469/1397 2252/1728
f 411/1733 2254/1734 4977/1735 2034/1736
f 411/1733 2034/1736 4499/1729 2252/1728
f 411/1733 2252/1728 4469/1397 2212/1407
f 411/1733 2212/1407 4944/1406 2254/1734
f 412/1737 2255/1738 4501/1739 2035/1740
f 412/1737 2035/1740 4500/1741 2253/1742
f 412/1737 2253/1742 4470/1414 2213/1413
f 412/1737 2213/1413 4471/1412 2255/1738
f 413/1743 2256/1744 4502/1745 2036/1746
f 413/1743 2036/1746 4501/1739 2255/1738
f 413/1743 2255/1738 4471/1412 2214/1422
f 413/1743 2214/1422 4472/1421 2256/1744
f 414/1747 2257/1748 4503/1749 2037/1750
f 414/1747 2037/1750 4502/1745 2256/1744
f 414/1747 2256/1744 4472/1421 2215/1428
f 414/1747 2215/1428 4473/1427 2257/1748
f 415/1751 2258/1752 4504/1753 2038/1754
f 415/1751 2038/1754 4503/1749 2257/1748
f 415/1751 2257/1748 4473/1427 2216/1434
f 415/1751 2216/1434 4474/1433 2258/1752
f 416/1755 2260/1732 4506/1731 2039/1756
f 416/1755 2039/1756 4504/1753 2258/1752
f 416/1755 2258/1752 4474/1433 2217/1438
f 416/1755 2217/1438 4468/1399 2260/1732
f 417/1757 2040/1758 5057/1759 3346/1760
f 417/1757 3346/1760 5060/1679 2218/1678
f 417/1757 2218/1678 4475/1682 2259/1761
f 417/1757 2259/1761 4505/1762 2040/1758
f 418/1763 2041/1764 4505/1762 2259/1761
f 418/1763 2259/1761 4475/1682 2219/1713
f 418/1763 2219/1713 4470/1414 2253/1742
f 418/1763 2253/1742 4500/1741 2041/1764
f 419/1765 2124/1766 4426/1491 2106/1490
f 419/1765 2106/1490 4425/1487 2220/1767
f 419/1765 2220/1767 4476/1768 2229/1769
f 419/1765 2229/1769 4477/1770 2124/1766
f 420/1771 2126/1772 4894/1495 2107/1494
f 420/1771 2107/1494 4426/1491 2124/1766
f 420/1771 2124/1766 4477/1770 2230/1773
f 420/1771 2230/1773 4953/1774 2126/1772
f 421/1775 2127/1776 4421/1473 2101/1499
f 421/1775 2101/1499 4420/1498 2125/1777
f 421/1775 2125/1777 4478/1778 2231/1779
f 421/1775 2231/1779 4479/1780 2127/1776
f 422/1781 2128/1782 4422/1475 2102/1474
f 422/1781 2102/1474 4421/1473 2127/1776
f 422/1781 2127/1776 4479/1780 2232/1783
f 422/1781 2232/1783 4480/1784 2128/1782
f 423/1785 2129/1786 4423/1479 2103/1478
f 423/1785 2103/1478 4422/1475 2128/1782
f 423/1785 2128/1782 4480/1784 2233/1787
f 423/1785 2233/1787 4481/1788 2129/1786
f 424/1789 2130/1790 4424/1483 2104/1482
f 424/1789 2104/1482 4423/1479 2129/1786
f 424/1789 2129/1786 4481/1788 2234/1791
f 424/1789 2234/1791 4482/1792 2130/1790
f 425/1793 2220/1767 4425/1487 2105/1486
f 425/1793 2105/1486 4424/1483 2130/1790
f 425/1793 2130/1790 4482/1792 2235/1794
f 425/1793 2235/1794 4476/1768 2220/1767
f 426/1795 2242/1667 5066/1666 3347/1796
f 426/1795 3347/1796 5061/1797 2236/1798
f 426/1795 2236/1798 4483/1799 2186/1800
f 426/1795 2186/1800 4458/1668 2242/1667
f 427/1801 2199/1718 4458/1668 2186/1800
f 427/1801 2186/1800 4483/1799 2237/1802
f 427/1801 2237/1802 4478/1778 2125/1777
f 427/1801 2125/1777 4420/1498 2199/1718
f 435/1803 2262/1804 4477/1770 2229/1769
f 435/1803 2229/1769 4476/1768 2261/1805
f 435/1803 2261/1805 4508/1806 2270/1807
f 435/1803 2270/1807 4509/1808 2262/1804
f 436/1809 2264/1810 4953/1774 2230/1773
f 436/1809 2230/1773 4477/1770 2262/1804
f 436/1809 2262/1804 4509/1808 2271/1811
f 436/1809 2271/1811 4988/1812 2264/1810
f 437/1813 2265/1814 4479/1780 2231/1779
f 437/1813 2231/1779 4478/1778 2263/1815
f 437/1813 2263/1815 4510/1816 2272/1817
f 437/1813 2272/1817 4511/1818 2265/1814
f 438/1819 2266/1820 4480/1784 2232/1783
f 438/1819 2232/1783 4479/1780 2265/1814
f 438/1819 2265/1814 4511/1818 2273/1821
f 438/1819 2273/1821 4512/1822 2266/1820
f 439/1823 2267/1824 4481/1788 2233/1787
f 439/1823 2233/1787 4480/1784 2266/1820
f 439/1823 2266/1820 4512/1822 2274/1825
f 439/1823 2274/1825 4513/1826 2267/1824
f 440/1827 2268/1828 4482/1792 2234/1791
f 440/1827 2234/1791 4481/1788 2267/1824
f 440/1827 2267/1824 4513/1826 2275/1829
f 440/1827 2275/1829 4514/1830 2268/1828
f 441/1831 2261/1805 4476/1768 2235/1794
f 441/1831 2235/1794 4482/1792 2268/1828
f 441/1831 2268/1828 4514/1830 2276/1832
f 441/1831 2276/1832 4508/1806 2261/1805
f 442/1833 2236/1798 5061/1797 3355/1834
f 442/1833 3355/1834 5076/1835 2277/1836
f 442/1833 2277/1836 4515/1837 2269/1838
f 442/1833 2269/1838 4483/1799 2236/1798
f 443/1839 2237/1802 4483/1799 2269/1838
f 443/1839 2269/1838 4515/1837 2278/1840
f 443/1839 2278/1840 4510/1816 2263/1815
f 443/1839 2263/1815 4478/1778 2237/1802
f 453/1841 2422/1842 4597/1843 2415/1844
f 453/1841 2415/1844 4532/1845 2302/1846
f 453/1841 2302/1846 4531/1847 2304/1848
f 453/1841 2304/1848 4596/1849 2422/1842
f 454/1850 2423/1851 4599/12 1494/11
f 454/1850 1494/11 4533/15 2303/1852
f 454/1850 2303/1852 4532/1845 2415/1844
f 454/1850 2415/1844 4597/1843 2423/1851
f 455/1853 2424/1854 4600/1855 2417/1856
f 455/1853 2417/1856 4527/1857 2297/1858
f 455/1853 2297/1858 4526/1859 2416/1860
f 455/1853 2416/1860 4598/1861 2424/1854
f 456/1862 2425/1863 4601/1864 2418/1865
f 456/1862 2418/1865 4528/1866 2298/1867
f 456/1862 2298/1867 4527/1857 2417/1856
f 456/1862 2417/1856 4600/1855 2425/1863
f 457/1868 2426/1869 4602/1870 2419/1871
f 457/1868 2419/1871 4529/1872 2299/1873
f 457/1868 2299/1873 4528/1866 2418/1865
f 457/1868 2418/1865 4601/1864 2426/1869
f 458/1874 2427/1875 4603/1876 2420/1877
f 458/1874 2420/1877 4530/1878 2300/1879
f 458/1874 2300/1879 4529/1872 2419/1871
f 458/1874 2419/1871 4602/1870 2427/1875
f 459/1880 2428/1881 4596/1849 2304/1848
f 459/1880 2304/1848 4531/1847 2301/1882
f 459/1880 2301/1882 4530/1878 2420/1877
f 459/1880 2420/1877 4603/1876 2428/1881
f 460/1883 2300/1879 4530/1878 2313/1884
f 460/1883 2313/1884 4538/1885 2308/1886
f 460/1883 2308/1886 4537/1887 2312/1888
f 460/1883 2312/1888 4529/1872 2300/1879
f 461/1889 2301/1882 4531/1847 2314/1890
f 461/1889 2314/1890 4539/1891 2309/1892
f 461/1889 2309/1892 4538/1885 2313/1884
f 461/1889 2313/1884 4530/1878 2301/1882
f 462/1893 2302/1846 4532/1845 2315/1894
f 462/1893 2315/1894 4540/1895 2310/1896
f 462/1893 2310/1896 4539/1891 2314/1890
f 462/1893 2314/1890 4531/1847 2302/1846
f 463/1897 2303/1852 4533/15 1387/61
f 463/1897 1387/61 4541/63 2311/1898
f 463/1897 2311/1898 4540/1895 2315/1894
f 463/1897 2315/1894 4532/1845 2303/1852
f 464/1899 2297/1858 4527/1857 2317/1900
f 464/1899 2317/1900 4535/1901 2305/1902
f 464/1899 2305/1902 4534/1903 2316/1904
f 464/1899 2316/1904 4526/1859 2297/1858
f 465/1905 2298/1867 4528/1866 2318/1906
f 465/1905 2318/1906 4536/1907 2306/1908
f 465/1905 2306/1908 4535/1901 2317/1900
f 465/1905 2317/1900 4527/1857 2298/1867
f 466/1909 2299/1873 4529/1872 2312/1888
f 466/1909 2312/1888 4537/1887 2307/1910
f 466/1909 2307/1910 4536/1907 2318/1906
f 466/1909 2318/1906 4528/1866 2299/1873
f 467/1911 2306/1908 4536/1907 2327/1912
f 467/1911 2327/1912 4544/1913 2320/1914
f 467/1911 2320/1914 4543/1915 2326/1916
f 467/1911 2326/1916 4535/1901 2306/1908
f 468/1917 2307/1910 4537/1887 2328/1918
f 468/1917 2328/1918 4545/1919 2321/1920
f 468/1917 2321/1920 4544/1913 2327/1912
f 468/1917 2327/1912 4536/1907 2307/1910
f 469/1921 2308/1886 4538/1885 2329/1922
f 469/1921 2329/1922 4546/1923 2322/1924
f 469/1921 2322/1924 4545/1919 2328/1918
f 469/1921 2328/1918 4537/1887 2308/1886
f 470/1925 2309/1892 4539/1891 2330/1926
f 470/1925 2330/1926 4547/1927 2323/1928
f 470/1925 2323/1928 4546/1923 2329/1922
f 470/1925 2329/1922 4538/1885 2309/1892
f 471/1929 2310/1896 4540/1895 2331/1930
f 471/1929 2331/1930 4548/1931 2324/1932
f 471/1929 2324/1932 4547/1927 2330/1926
f 471/1929 2330/1926 4539/1891 2310/1896
f 472/1933 2311/1898 4541/63 1397/99
f 472/1933 1397/99 4549/101 2325/1934
f 472/1933 2325/1934 4548/1931 2331/1930
f 472/1933 2331/1930 4540/1895 2311/1898
f 473/1935 2305/1902 4535/1901 2326/1916
f 473/1935 2326/1916 4543/1915 2319/1936
f 473/1935 2319/1936 4542/1937 2332/1938
f 473/1935 2332/1938 4534/1903 2305/1902
f 474/1939 2521/1940 4624/1941 2432/1942
f 474/1939 2432/1942 4556/1943 2338/1944
f 474/1939 2338/1944 4555/1945 2340/1946
f 474/1939 2340/1946 4623/1947 2521/1940
f 475/1948 2522/1949 4626/117 1512/116
f 475/1948 1512/116 4557/120 2339/1950
f 475/1948 2339/1950 4556/1943 2432/1942
f 475/1948 2432/1942 4624/1941 2522/1949
f 476/1951 2523/1952 4627/1953 2434/1954
f 476/1951 2434/1954 4551/1955 2333/1956
f 476/1951 2333/1956 4550/1957 2433/1958
f 476/1951 2433/1958 4625/1959 2523/1952
f 477/1960 2524/1961 4628/1962 2435/1963
f 477/1960 2435/1963 4552/1964 2334/1965
f 477/1960 2334/1965 4551/1955 2434/1954
f 477/1960 2434/1954 4627/1953 2524/1961
f 478/1966 2525/1967 4629/1968 2436/1969
f 478/1966 2436/1969 4553/1970 2335/1971
f 478/1966 2335/1971 4552/1964 2435/1963
f 478/1966 2435/1963 4628/1962 2525/1967
f 479/1972 2526/1973 4630/1974 2437/1975
f 479/1972 2437/1975 4554/1976 2336/1977
f 479/1972 2336/1977 4553/1970 2436/1969
f 479/1972 2436/1969 4629/1968 2526/1973
f 480/1978 2527/1979 4623/1947 2340/1946
f 480/1978 2340/1946 4555/1945 2337/1980
f 480/1978 2337/1980 4554/1976 2437/1975
f 480/1978 2437/1975 4630/1974 2527/1979
f 481/1981 2335/1971 4553/1970 2355/1982
f 481/1981 2355/1982 4561/1983 2349/1984
f 481/1981 2349/1984 4560/1985 2354/1986
f 481/1981 2354/1986 4552/1964 2335/1971
f 482/1987 2336/1977 4554/1976 2356/1988
f 482/1987 2356/1988 4562/1989 2350/1990
f 482/1987 2350/1990 4561/1983 2355/1982
f 482/1987 2355/1982 4553/1970 2336/1977
f 483/1991 2337/1980 4555/1945 2357/1992
f 483/1991 2357/1992 4563/1993 2351/1994
f 483/1991 2351/1994 4562/1989 2356/1988
f 483/1991 2356/1988 4554/1976 2337/1980
f 484/1995 2338/1944 4556/1943 2358/1996
f 484/1995 2358/1996 4564/1997 2352/1998
f 484/1995 2352/1998 4563/1993 2357/1992
f 484/1995 2357/1992 4555/1945 2338/1944
f 485/1999 2339/1950 4557/120 1433/170
f 485/1999 1433/170 4565/172 2353/2000
f 485/1999 2353/2000 4564/1997 2358/1996
f 485/1999 2358/1996 4556/1943 2339/1950
f 486/2001 2333/1956 4551/1955 2360/2002
f 486/2001 2360/2002 4559/2003 2347/2004
f 486/2001 2347/2004 4558/2005 2359/2006
f 486/2001 2359/2006 4550/1957 2333/1956
f 487/2007 2334/1965 4552/1964 2354/1986
f 487/2007 2354/1986 4560/1985 2348/2008
f 487/2007 2348/2008 4559/2003 2360/2002
f 487/2007 2360/2002 4551/1955 2334/1965
f 488/2009 2353/2000 4565/172 1443/182
f 488/2009 1443/182 4573/186 2367/2010
f 488/2009 2367/2010 4572/2011 2368/2012
f 488/2009 2368/2012 4564/1997 2353/2000
f 489/2013 2347/2004 4559/2003 2370/2014
f 489/2013 2370/2014 4567/2015 2361/2016
f 489/2013 2361/2016 4566/2017 2369/2018
f 489/2013 2369/2018 4558/2005 2347/2004
f 490/2019 2348/2008 4560/1985 2371/2020
f 490/2019 2371/2020 4568/2021 2362/2022
f 490/2019 2362/2022 4567/2015 2370/2014
f 490/2019 2370/2014 4559/2003 2348/2008
f 491/2023 2349/1984 4561/1983 2372/2024
f 491/2023 2372/2024 4569/2025 2363/2026
f 491/2023 2363/2026 4568/2021 2371/2020
f 491/2023 2371/2020 4560/1985 2349/1984
f 492/2027 2350/1990 4562/1989 2373/2028
f 492/2027 2373/2028 4570/2029 2364/2030
f 492/2027 2364/2030 4569/2025 2372/2024
f 492/2027 2372/2024 4561/1983 2350/1990
f 493/2031 2351/1994 4563/1993 2374/2032
f 493/2031 2374/2032 4571/2033 2365/2034
f 493/2031 2365/2034 4570/2029 2373/2028
f 493/2031 2373/2028 4562/1989 2351/1994
f 494/2035 2352/1998 4564/1997 2368/2012
f 494/2035 2368/2012 4572/2011 2366/2036
f 494/2035 2366/2036 4571/2033 2374/2032
f 494/2035 2374/2032 4563/1993 2352/1998
f 495/2037 2365/2034 4571/2033 2383/2038
f 495/2037 2383/2038 4579/2039 2379/2040
f 495/2037 2379/2040 4578/2041 2382/2042
f 495/2037 2382/2042 4570/2029 2365/2034
f 496/2043 2366/2036 4572/2011 2384/2044
f 496/2043 2384/2044 4580/2045 2380/2046
f 496/2043 2380/2046 4579/2039 2383/2038
f 496/2043 2383/2038 4571/2033 2366/2036
f 497/2047 2367/2010 4573/186 1461/222
f 497/2047 1461/222 4581/224 2381/2048
f 497/2047 2381/2048 4580/2045 2384/2044
f 497/2047 2384/2044 4572/2011 2367/2010
f 498/2049 2361/2016 4567/2015 2386/2050
f 498/2049 2386/2050 4575/2051 2375/2052
f 498/2049 2375/2052 4574/2053 2385/2054
f 498/2049 2385/2054 4566/2017 2361/2016
f 499/2055 2362/2022 4568/2021 2387/2056
f 499/2055 2387/2056 4576/2057 2376/2058
f 499/2055 2376/2058 4575/2051 2386/2050
f 499/2055 2386/2050 4567/2015 2362/2022
f 500/2059 2363/2026 4569/2025 2388/2060
f 500/2059 2388/2060 4577/2061 2377/2062
f 500/2059 2377/2062 4576/2057 2387/2056
f 500/2059 2387/2056 4568/2021 2363/2026
f 501/2063 2364/2030 4570/2029 2382/2042
f 501/2063 2382/2042 4578/2041 2378/2064
f 501/2063 2378/2064 4577/2061 2388/2060
f 501/2063 2388/2060 4569/2025 2364/2030
f 502/2065 2468/2066 4836/2067 2449/2068
f 502/2065 2449/2068 4582/2069 2395/2070
f 502/2065 2395/2070 4590/2071 2456/2072
f 502/2065 2456/2072 4844/2073 2468/2066
f 503/2074 2469/2075 4837/2076 2450/2077
f 503/2074 2450/2077 4583/2078 2396/2079
f 503/2074 2396/2079 4582/2069 2449/2068
f 503/2074 2449/2068 4836/2067 2469/2075
f 504/2080 2470/2081 4838/2082 2451/2083
f 504/2080 2451/2083 4584/2084 2397/2085
f 504/2080 2397/2085 4583/2078 2450/2077
f 504/2080 2450/2077 4837/2076 2470/2081
f 505/2086 2502/2087 4870/2088 2528/2089
f 505/2086 2528/2089 4631/2090 2438/2091
f 505/2086 2438/2091 4584/2084 2451/2083
f 505/2086 2451/2083 4838/2082 2502/2087
f 506/2092 2472/2093 4840/2094 2453/2095
f 506/2092 2453/2095 4586/2096 2399/2097
f 506/2092 2399/2097 4585/2098 2452/2099
f 506/2092 2452/2099 4839/2100 2472/2093
f 507/2101 2473/2102 4841/2103 2454/2104
f 507/2101 2454/2104 4587/2105 2400/2106
f 507/2101 2400/2106 4586/2096 2453/2095
f 507/2101 2453/2095 4840/2094 2473/2102
f 508/2107 2474/2108 4849/2109 2429/2110
f 508/2107 2429/2110 4604/2111 2421/2112
f 508/2107 2421/2112 4587/2105 2454/2104
f 508/2107 2454/2104 4841/2103 2474/2108
f 509/2113 2376/2058 4576/2057 2408/2114
f 509/2113 2408/2114 4595/2115 2401/2116
f 509/2113 2401/2116 4588/2117 2394/2118
f 509/2113 2394/2118 4575/2051 2376/2058
f 510/2119 2375/2052 4575/2051 2394/2118
f 510/2119 2394/2118 4588/2117 2402/2120
f 510/2119 2402/2120 4590/2071 2393/2121
f 510/2119 2393/2121 4574/2053 2375/2052
f 511/2122 2381/2048 4581/224 1470/299
f 511/2122 1470/299 4589/303 2403/2123
f 511/2122 2403/2123 4591/2124 2392/2125
f 511/2122 2392/2125 4580/2045 2381/2048
f 512/2126 2380/2046 4580/2045 2392/2125
f 512/2126 2392/2125 4591/2124 2404/2127
f 512/2126 2404/2127 4592/2128 2391/2129
f 512/2126 2391/2129 4579/2039 2380/2046
f 513/2130 2379/2040 4579/2039 2391/2129
f 513/2130 2391/2129 4592/2128 2405/2131
f 513/2130 2405/2131 4593/2132 2390/2133
f 513/2130 2390/2133 4578/2041 2379/2040
f 514/2134 2378/2064 4578/2041 2390/2133
f 514/2134 2390/2133 4593/2132 2406/2135
f 514/2134 2406/2135 4594/2136 2389/2137
f 514/2134 2389/2137 4577/2061 2378/2064
f 515/2138 2377/2062 4577/2061 2389/2137
f 515/2138 2389/2137 4594/2136 2407/2139
f 515/2138 2407/2139 4595/2115 2408/2114
f 515/2138 2408/2114 4576/2057 2377/2062
f 516/2140 2421/2112 4604/2111 2430/2141
f 516/2140 2430/2141 4598/1861 2416/1860
f 516/2140 2416/1860 4526/1859 2409/2142
f 516/2140 2409/2142 4587/2105 2421/2112
f 517/2143 2400/2106 4587/2105 2409/2142
f 517/2143 2409/2142 4526/1859 2316/1904
f 517/2143 2316/1904 4534/1903 2410/2144
f 517/2143 2410/2144 4586/2096 2400/2106
f 518/2145 2399/2097 4586/2096 2410/2144
f 518/2145 2410/2144 4534/1903 2332/1938
f 518/2145 2332/1938 4542/1937 2411/2146
f 518/2145 2411/2146 4585/2098 2399/2097
f 519/2147 2438/2091 4631/2090 2529/2148
f 519/2147 2529/2148 4625/1959 2433/1958
f 519/2147 2433/1958 4550/1957 2412/2149
f 519/2147 2412/2149 4584/2084 2438/2091
f 520/2150 2397/2085 4584/2084 2412/2149
f 520/2150 2412/2149 4550/1957 2359/2006
f 520/2150 2359/2006 4558/2005 2413/2151
f 520/2150 2413/2151 4583/2078 2397/2085
f 521/2152 2396/2079 4583/2078 2413/2151
f 521/2152 2413/2151 4558/2005 2369/2018
f 521/2152 2369/2018 4566/2017 2414/2153
f 521/2152 2414/2153 4582/2069 2396/2079
f 522/2154 2395/2070 4582/2069 2414/2153
f 522/2154 2414/2153 4566/2017 2385/2054
f 522/2154 2385/2054 4574/2053 2393/2121
f 522/2154 2393/2121 4590/2071 2395/2070
f 523/2155 3229/2156 5024/2157 2476/2158
f 523/2155 2476/2158 4597/1843 2422/1842
f 523/2155 2422/1842 4596/1849 2483/2159
f 523/2155 2483/2159 5031/2160 3229/2156
f 524/2161 3230/2162 5007/341 1558/340
f 524/2161 1558/340 4599/12 2423/1851
f 524/2161 2423/1851 4597/1843 2476/2158
f 524/2161 2476/2158 5024/2157 3230/2162
f 525/2163 3231/2164 5026/2165 2478/2166
f 525/2163 2478/2166 4600/1855 2424/1854
f 525/2163 2424/1854 4598/1861 2477/2167
f 525/2163 2477/2167 5025/2168 3231/2164
f 526/2169 3232/2170 5027/2171 2479/2172
f 526/2169 2479/2172 4601/1864 2425/1863
f 526/2169 2425/1863 4600/1855 2478/2166
f 526/2169 2478/2166 5026/2165 3232/2170
f 527/2173 3233/2174 5028/2175 2480/2176
f 527/2173 2480/2176 4602/1870 2426/1869
f 527/2173 2426/1869 4601/1864 2479/2172
f 527/2173 2479/2172 5027/2171 3233/2174
f 528/2177 3234/2178 5029/2179 2481/2180
f 528/2177 2481/2180 4603/1876 2427/1875
f 528/2177 2427/1875 4602/1870 2480/2176
f 528/2177 2480/2176 5028/2175 3234/2178
f 529/2181 3235/2182 5031/2160 2483/2159
f 529/2181 2483/2159 4596/1849 2428/1881
f 529/2181 2428/1881 4603/1876 2481/2180
f 529/2181 2481/2180 5029/2179 3235/2182
f 530/2183 2484/2184 5032/2185 3236/2186
f 530/2183 3236/2186 5030/2187 2482/2188
f 530/2183 2482/2188 4604/2111 2429/2110
f 530/2183 2429/2110 4849/2109 2484/2184
f 531/2189 2482/2188 5030/2187 3237/2190
f 531/2189 3237/2190 5025/2168 2477/2167
f 531/2189 2477/2167 4598/1861 2430/2141
f 531/2189 2430/2141 4604/2111 2482/2188
f 532/2191 2324/1932 4548/1931 2341/2192
f 532/2191 2341/2192 4606/2193 2439/2194
f 532/2191 2439/2194 4605/2195 2431/2196
f 532/2191 2431/2196 4547/1927 2324/1932
f 533/2197 2325/1934 4549/101 1415/378
f 533/2197 1415/378 4608/380 2440/2198
f 533/2197 2440/2198 4606/2193 2341/2192
f 533/2197 2341/2192 4548/1931 2325/1934
f 534/2199 2319/1936 4543/1915 2343/2200
f 534/2199 2343/2200 4609/2201 2441/2202
f 534/2199 2441/2202 4607/2203 2342/2204
f 534/2199 2342/2204 4542/1937 2319/1936
f 535/2205 2320/1914 4544/1913 2344/2206
f 535/2205 2344/2206 4610/2207 2442/2208
f 535/2205 2442/2208 4609/2201 2343/2200
f 535/2205 2343/2200 4543/1915 2320/1914
f 536/2209 2321/1920 4545/1919 2345/2210
f 536/2209 2345/2210 4611/2211 2443/2212
f 536/2209 2443/2212 4610/2207 2344/2206
f 536/2209 2344/2206 4544/1913 2321/1920
f 537/2213 2322/1924 4546/1923 2346/2214
f 537/2213 2346/2214 4612/2215 2444/2216
f 537/2213 2444/2216 4611/2211 2345/2210
f 537/2213 2345/2210 4545/1919 2322/1924
f 538/2217 2323/1928 4547/1927 2431/2196
f 538/2217 2431/2196 4605/2195 2445/2218
f 538/2217 2445/2218 4612/2215 2346/2214
f 538/2217 2346/2214 4546/1923 2323/1928
f 539/2219 2475/2220 4839/2100 2452/2099
f 539/2219 2452/2099 4585/2098 2398/2221
f 539/2219 2398/2221 4613/2222 2446/2223
f 539/2219 2446/2223 4850/2224 2475/2220
f 540/2225 2398/2221 4585/2098 2411/2146
f 540/2225 2411/2146 4542/1937 2342/2204
f 540/2225 2342/2204 4607/2203 2447/2226
f 540/2225 2447/2226 4613/2222 2398/2221
f 541/2227 2407/2139 4594/2136 2460/2228
f 541/2227 2460/2228 4848/2229 2461/2230
f 541/2227 2461/2230 4835/2231 2448/2232
f 541/2227 2448/2232 4595/2115 2407/2139
f 542/2233 2406/2135 4593/2132 2459/2234
f 542/2233 2459/2234 4847/2235 2462/2236
f 542/2233 2462/2236 4848/2229 2460/2228
f 542/2233 2460/2228 4594/2136 2406/2135
f 543/2237 2405/2131 4592/2128 2458/2238
f 543/2237 2458/2238 4846/2239 2463/2240
f 543/2237 2463/2240 4847/2235 2459/2234
f 543/2237 2459/2234 4593/2132 2405/2131
f 544/2241 2404/2127 4591/2124 2457/2242
f 544/2241 2457/2242 4845/2243 2464/2244
f 544/2241 2464/2244 4846/2239 2458/2238
f 544/2241 2458/2238 4592/2128 2404/2127
f 545/2245 2403/2123 4589/303 1535/428
f 545/2245 1535/428 4843/430 2465/2246
f 545/2245 2465/2246 4845/2243 2457/2242
f 545/2245 2457/2242 4591/2124 2403/2123
f 546/2247 2402/2120 4588/2117 2455/2248
f 546/2247 2455/2248 4842/2249 2466/2250
f 546/2247 2466/2250 4844/2073 2456/2072
f 546/2247 2456/2072 4590/2071 2402/2120
f 547/2251 2401/2116 4595/2115 2448/2232
f 547/2251 2448/2232 4835/2231 2467/2252
f 547/2251 2467/2252 4842/2249 2455/2248
f 547/2251 2455/2248 4588/2117 2401/2116
f 548/2253 2439/2194 4606/2193 2495/2254
f 548/2253 2495/2254 4615/2255 2503/2256
f 548/2253 2503/2256 4614/2257 2494/2258
f 548/2253 2494/2258 4605/2195 2439/2194
f 549/2259 2440/2198 4608/380 1578/444
f 549/2259 1578/444 4617/446 2504/2260
f 549/2259 2504/2260 4615/2255 2495/2254
f 549/2259 2495/2254 4606/2193 2440/2198
f 550/2261 2441/2202 4609/2201 2497/2262
f 550/2261 2497/2262 4618/2263 2505/2264
f 550/2261 2505/2264 4616/2265 2496/2266
f 550/2261 2496/2266 4607/2203 2441/2202
f 551/2267 2442/2208 4610/2207 2498/2268
f 551/2267 2498/2268 4619/2269 2506/2270
f 551/2267 2506/2270 4618/2263 2497/2262
f 551/2267 2497/2262 4609/2201 2442/2208
f 552/2271 2443/2212 4611/2211 2499/2272
f 552/2271 2499/2272 4620/2273 2507/2274
f 552/2271 2507/2274 4619/2269 2498/2268
f 552/2271 2498/2268 4610/2207 2443/2212
f 553/2275 2444/2216 4612/2215 2500/2276
f 553/2275 2500/2276 4621/2277 2508/2278
f 553/2275 2508/2278 4620/2273 2499/2272
f 553/2275 2499/2272 4611/2211 2444/2216
f 554/2279 2445/2218 4605/2195 2494/2258
f 554/2279 2494/2258 4614/2257 2509/2280
f 554/2279 2509/2280 4621/2277 2500/2276
f 554/2279 2500/2276 4612/2215 2445/2218
f 555/2281 2471/2282 4850/2224 2446/2223
f 555/2281 2446/2223 4613/2222 2501/2283
f 555/2281 2501/2283 4622/2284 2510/2285
f 555/2281 2510/2285 4860/2286 2471/2282
f 556/2287 2501/2283 4613/2222 2447/2226
f 556/2287 2447/2226 4607/2203 2496/2266
f 556/2287 2496/2266 4616/2265 2511/2288
f 556/2287 2511/2288 4622/2284 2501/2283
f 566/2289 2648/2290 4703/2291 2655/2292
f 566/2289 2655/2292 4702/2293 2537/2294
f 566/2289 2537/2294 4637/2295 2535/2296
f 566/2289 2535/2296 4638/2297 2648/2290
f 567/2298 1740/487 4705/486 2656/2299
f 567/2298 2656/2299 4703/2291 2648/2290
f 567/2298 2648/2290 4638/2297 2536/2300
f 567/2298 2536/2300 4639/488 1740/487
f 568/2301 2650/2302 4706/2303 2657/2304
f 568/2301 2657/2304 4704/2305 2649/2306
f 568/2301 2649/2306 4632/2307 2530/2308
f 568/2301 2530/2308 4633/2309 2650/2302
f 569/2310 2651/2311 4707/2312 2658/2313
f 569/2310 2658/2313 4706/2303 2650/2302
f 569/2310 2650/2302 4633/2309 2531/2314
f 569/2310 2531/2314 4634/2315 2651/2311
f 570/2316 2652/2317 4708/2318 2659/2319
f 570/2316 2659/2319 4707/2312 2651/2311
f 570/2316 2651/2311 4634/2315 2532/2320
f 570/2316 2532/2320 4635/2321 2652/2317
f 571/2322 2653/2323 4709/2324 2660/2325
f 571/2322 2660/2325 4708/2318 2652/2317
f 571/2322 2652/2317 4635/2321 2533/2326
f 571/2322 2533/2326 4636/2327 2653/2323
f 572/2328 2537/2294 4702/2293 2661/2329
f 572/2328 2661/2329 4709/2324 2653/2323
f 572/2328 2653/2323 4636/2327 2534/2330
f 572/2328 2534/2330 4637/2295 2537/2294
f 573/2331 2546/2332 4636/2327 2533/2326
f 573/2331 2533/2326 4635/2321 2545/2333
f 573/2331 2545/2333 4643/2334 2541/2335
f 573/2331 2541/2335 4644/2336 2546/2332
f 574/2337 2547/2338 4637/2295 2534/2330
f 574/2337 2534/2330 4636/2327 2546/2332
f 574/2337 2546/2332 4644/2336 2542/2339
f 574/2337 2542/2339 4645/2340 2547/2338
f 575/2341 2548/2342 4638/2297 2535/2296
f 575/2341 2535/2296 4637/2295 2547/2338
f 575/2341 2547/2338 4645/2340 2543/2343
f 575/2341 2543/2343 4646/2344 2548/2342
f 576/2345 1633/535 4639/488 2536/2300
f 576/2345 2536/2300 4638/2297 2548/2342
f 576/2345 2548/2342 4646/2344 2544/2346
f 576/2345 2544/2346 4647/536 1633/535
f 577/2347 2550/2348 4633/2309 2530/2308
f 577/2347 2530/2308 4632/2307 2549/2349
f 577/2347 2549/2349 4640/2350 2538/2351
f 577/2347 2538/2351 4641/2352 2550/2348
f 578/2353 2551/2354 4634/2315 2531/2314
f 578/2353 2531/2314 4633/2309 2550/2348
f 578/2353 2550/2348 4641/2352 2539/2355
f 578/2353 2539/2355 4642/2356 2551/2354
f 579/2357 2545/2333 4635/2321 2532/2320
f 579/2357 2532/2320 4634/2315 2551/2354
f 579/2357 2551/2354 4642/2356 2540/2358
f 579/2357 2540/2358 4643/2334 2545/2333
f 580/2359 2560/2360 4642/2356 2539/2355
f 580/2359 2539/2355 4641/2352 2559/2361
f 580/2359 2559/2361 4649/2362 2553/2363
f 580/2359 2553/2363 4650/2364 2560/2360
f 581/2365 2561/2366 4643/2334 2540/2358
f 581/2365 2540/2358 4642/2356 2560/2360
f 581/2365 2560/2360 4650/2364 2554/2367
f 581/2365 2554/2367 4651/2368 2561/2366
f 582/2369 2562/2370 4644/2336 2541/2335
f 582/2369 2541/2335 4643/2334 2561/2366
f 582/2369 2561/2366 4651/2368 2555/2371
f 582/2369 2555/2371 4652/2372 2562/2370
f 583/2373 2563/2374 4645/2340 2542/2339
f 583/2373 2542/2339 4644/2336 2562/2370
f 583/2373 2562/2370 4652/2372 2556/2375
f 583/2373 2556/2375 4653/2376 2563/2374
f 584/2377 2564/2378 4646/2344 2543/2343
f 584/2377 2543/2343 4645/2340 2563/2374
f 584/2377 2563/2374 4653/2376 2557/2379
f 584/2377 2557/2379 4654/2380 2564/2378
f 585/2381 1643/573 4647/536 2544/2346
f 585/2381 2544/2346 4646/2344 2564/2378
f 585/2381 2564/2378 4654/2380 2558/2382
f 585/2381 2558/2382 4655/574 1643/573
f 586/2383 2559/2361 4641/2352 2538/2351
f 586/2383 2538/2351 4640/2350 2565/2384
f 586/2383 2565/2384 4648/2385 2552/2386
f 586/2383 2552/2386 4649/2362 2559/2361
f 587/2387 2665/2388 4739/2389 2745/2390
f 587/2387 2745/2390 4738/2391 2573/2392
f 587/2387 2573/2392 4661/2393 2571/2394
f 587/2387 2571/2394 4662/2395 2665/2388
f 588/2396 1758/592 4741/591 2746/2397
f 588/2396 2746/2397 4739/2389 2665/2388
f 588/2396 2665/2388 4662/2395 2572/2398
f 588/2396 2572/2398 4663/593 1758/592
f 589/2399 2667/2400 4742/2401 2747/2402
f 589/2399 2747/2402 4740/2403 2666/2404
f 589/2399 2666/2404 4656/2405 2566/2406
f 589/2399 2566/2406 4657/2407 2667/2400
f 590/2408 2668/2409 4743/2410 2748/2411
f 590/2408 2748/2411 4742/2401 2667/2400
f 590/2408 2667/2400 4657/2407 2567/2412
f 590/2408 2567/2412 4658/2413 2668/2409
f 591/2414 2669/2415 4744/2416 2749/2417
f 591/2414 2749/2417 4743/2410 2668/2409
f 591/2414 2668/2409 4658/2413 2568/2418
f 591/2414 2568/2418 4659/2419 2669/2415
f 592/2420 2670/2421 4745/2422 2750/2423
f 592/2420 2750/2423 4744/2416 2669/2415
f 592/2420 2669/2415 4659/2419 2569/2424
f 592/2420 2569/2424 4660/2425 2670/2421
f 593/2426 2573/2392 4738/2391 2751/2427
f 593/2426 2751/2427 4745/2422 2670/2421
f 593/2426 2670/2421 4660/2425 2570/2428
f 593/2426 2570/2428 4661/2393 2573/2392
f 594/2429 2588/2430 4659/2419 2568/2418
f 594/2429 2568/2418 4658/2413 2587/2431
f 594/2429 2587/2431 4666/2432 2582/2433
f 594/2429 2582/2433 4667/2434 2588/2430
f 595/2435 2589/2436 4660/2425 2569/2424
f 595/2435 2569/2424 4659/2419 2588/2430
f 595/2435 2588/2430 4667/2434 2583/2437
f 595/2435 2583/2437 4668/2438 2589/2436
f 596/2439 2590/2440 4661/2393 2570/2428
f 596/2439 2570/2428 4660/2425 2589/2436
f 596/2439 2589/2436 4668/2438 2584/2441
f 596/2439 2584/2441 4669/2442 2590/2440
f 597/2443 2591/2444 4662/2395 2571/2394
f 597/2443 2571/2394 4661/2393 2590/2440
f 597/2443 2590/2440 4669/2442 2585/2445
f 597/2443 2585/2445 4670/2446 2591/2444
f 598/2447 1679/644 4663/593 2572/2398
f 598/2447 2572/2398 4662/2395 2591/2444
f 598/2447 2591/2444 4670/2446 2586/2448
f 598/2447 2586/2448 4671/645 1679/644
f 599/2449 2593/2450 4657/2407 2566/2406
f 599/2449 2566/2406 4656/2405 2592/2451
f 599/2449 2592/2451 4664/2452 2580/2453
f 599/2449 2580/2453 4665/2454 2593/2450
f 600/2455 2587/2431 4658/2413 2567/2412
f 600/2455 2567/2412 4657/2407 2593/2450
f 600/2455 2593/2450 4665/2454 2581/2456
f 600/2455 2581/2456 4666/2432 2587/2431
f 601/2457 1689/656 4671/645 2586/2448
f 601/2457 2586/2448 4670/2446 2601/2458
f 601/2457 2601/2458 4678/2459 2600/2460
f 601/2457 2600/2460 4679/657 1689/656
f 602/2461 2603/2462 4665/2454 2580/2453
f 602/2461 2580/2453 4664/2452 2602/2463
f 602/2461 2602/2463 4672/2464 2594/2465
f 602/2461 2594/2465 4673/2466 2603/2462
f 603/2467 2604/2468 4666/2432 2581/2456
f 603/2467 2581/2456 4665/2454 2603/2462
f 603/2467 2603/2462 4673/2466 2595/2469
f 603/2467 2595/2469 4674/2470 2604/2468
f 604/2471 2605/2472 4667/2434 2582/2433
f 604/2471 2582/2433 4666/2432 2604/2468
f 604/2471 2604/2468 4674/2470 2596/2473
f 604/2471 2596/2473 4675/2474 2605/2472
f 605/2475 2606/2476 4668/2438 2583/2437
f 605/2475 2583/2437 4667/2434 2605/2472
f 605/2475 2605/2472 4675/2474 2597/2477
f 605/2475 2597/2477 4676/2478 2606/2476
f 606/2479 2607/2480 4669/2442 2584/2441
f 606/2479 2584/2441 4668/2438 2606/2476
f 606/2479 2606/2476 4676/2478 2598/2481
f 606/2479 2598/2481 4677/2482 2607/2480
f 607/2483 2601/2458 4670/2446 2585/2445
f 607/2483 2585/2445 4669/2442 2607/2480
f 607/2483 2607/2480 4677/2482 2599/2484
f 607/2483 2599/2484 4678/2459 2601/2458
f 608/2485 2616/2486 4677/2482 2598/2481
f 608/2485 2598/2481 4676/2478 2615/2487
f 608/2485 2615/2487 4684/2488 2612/2489
f 608/2485 2612/2489 4685/2490 2616/2486
f 609/2491 2617/2492 4678/2459 2599/2484
f 609/2491 2599/2484 4677/2482 2616/2486
f 609/2491 2616/2486 4685/2490 2613/2493
f 609/2491 2613/2493 4686/2494 2617/2492
f 610/2495 1707/696 4679/657 2600/2460
f 610/2495 2600/2460 4678/2459 2617/2492
f 610/2495 2617/2492 4686/2494 2614/2496
f 610/2495 2614/2496 4687/697 1707/696
f 611/2497 2619/2498 4673/2466 2594/2465
f 611/2497 2594/2465 4672/2464 2618/2499
f 611/2497 2618/2499 4680/2500 2608/2501
f 611/2497 2608/2501 4681/2502 2619/2498
f 612/2503 2620/2504 4674/2470 2595/2469
f 612/2503 2595/2469 4673/2466 2619/2498
f 612/2503 2619/2498 4681/2502 2609/2505
f 612/2503 2609/2505 4682/2506 2620/2504
f 613/2507 2621/2508 4675/2474 2596/2473
f 613/2507 2596/2473 4674/2470 2620/2504
f 613/2507 2620/2504 4682/2506 2610/2509
f 613/2507 2610/2509 4683/2510 2621/2508
f 614/2511 2615/2487 4676/2478 2597/2477
f 614/2511 2597/2477 4675/2474 2621/2508
f 614/2511 2621/2508 4683/2510 2611/2512
f 614/2511 2611/2512 4684/2488 2615/2487
f 615/2513 2682/2514 4960/2515 2701/2516
f 615/2513 2701/2516 4968/2517 2689/2518
f 615/2513 2689/2518 4696/2519 2628/2520
f 615/2513 2628/2520 4688/2521 2682/2514
f 616/2522 2683/2523 4961/2524 2702/2525
f 616/2522 2702/2525 4960/2515 2682/2514
f 616/2522 2682/2514 4688/2521 2629/2526
f 616/2522 2629/2526 4689/2527 2683/2523
f 617/2528 2684/2529 4962/2530 2703/2531
f 617/2528 2703/2531 4961/2524 2683/2523
f 617/2528 2683/2523 4689/2527 2630/2532
f 617/2528 2630/2532 4690/2533 2684/2529
f 618/2534 2752/2535 5004/2536 2726/2537
f 618/2534 2726/2537 4962/2530 2684/2529
f 618/2534 2684/2529 4690/2533 2671/2538
f 618/2534 2671/2538 4746/2539 2752/2535
f 619/2540 2686/2541 4964/2542 2705/2543
f 619/2540 2705/2543 4963/2544 2685/2545
f 619/2540 2685/2545 4691/2546 2632/2547
f 619/2540 2632/2547 4692/2548 2686/2541
f 620/2549 2687/2550 4965/2551 2706/2552
f 620/2549 2706/2552 4964/2542 2686/2541
f 620/2549 2686/2541 4692/2548 2633/2553
f 620/2549 2633/2553 4693/2554 2687/2550
f 621/2555 2662/2556 4973/2557 2707/2558
f 621/2555 2707/2558 4965/2551 2687/2550
f 621/2555 2687/2550 4693/2554 2654/2559
f 621/2555 2654/2559 4710/2560 2662/2556
f 622/2561 2641/2562 4682/2506 2609/2505
f 622/2561 2609/2505 4681/2502 2627/2563
f 622/2561 2627/2563 4694/2564 2634/2565
f 622/2561 2634/2565 4701/2566 2641/2562
f 623/2567 2627/2563 4681/2502 2608/2501
f 623/2567 2608/2501 4680/2500 2626/2568
f 623/2567 2626/2568 4696/2519 2635/2569
f 623/2567 2635/2569 4694/2564 2627/2563
f 624/2570 1716/773 4687/697 2614/2496
f 624/2570 2614/2496 4686/2494 2625/2571
f 624/2570 2625/2571 4697/2572 2636/2573
f 624/2570 2636/2573 4695/774 1716/773
f 625/2574 2625/2571 4686/2494 2613/2493
f 625/2574 2613/2493 4685/2490 2624/2575
f 625/2574 2624/2575 4698/2576 2637/2577
f 625/2574 2637/2577 4697/2572 2625/2571
f 626/2578 2624/2575 4685/2490 2612/2489
f 626/2578 2612/2489 4684/2488 2623/2579
f 626/2578 2623/2579 4699/2580 2638/2581
f 626/2578 2638/2581 4698/2576 2624/2575
f 627/2582 2623/2579 4684/2488 2611/2512
f 627/2582 2611/2512 4683/2510 2622/2583
f 627/2582 2622/2583 4700/2584 2639/2585
f 627/2582 2639/2585 4699/2580 2623/2579
f 628/2586 2622/2583 4683/2510 2610/2509
f 628/2586 2610/2509 4682/2506 2641/2562
f 628/2586 2641/2562 4701/2566 2640/2587
f 628/2586 2640/2587 4700/2584 2622/2583
f 629/2588 2663/2589 4710/2560 2654/2559
f 629/2588 2654/2559 4693/2554 2642/2590
f 629/2588 2642/2590 4632/2307 2649/2306
f 629/2588 2649/2306 4704/2305 2663/2589
f 630/2591 2642/2590 4693/2554 2633/2553
f 630/2591 2633/2553 4692/2548 2643/2592
f 630/2591 2643/2592 4640/2350 2549/2349
f 630/2591 2549/2349 4632/2307 2642/2590
f 631/2593 2643/2592 4692/2548 2632/2547
f 631/2593 2632/2547 4691/2546 2644/2594
f 631/2593 2644/2594 4648/2385 2565/2384
f 631/2593 2565/2384 4640/2350 2643/2592
f 632/2595 2753/2596 4746/2539 2671/2538
f 632/2595 2671/2538 4690/2533 2645/2597
f 632/2595 2645/2597 4656/2405 2666/2404
f 632/2595 2666/2404 4740/2403 2753/2596
f 633/2598 2645/2597 4690/2533 2630/2532
f 633/2598 2630/2532 4689/2527 2646/2599
f 633/2598 2646/2599 4664/2452 2592/2451
f 633/2598 2592/2451 4656/2405 2645/2597
f 634/2600 2646/2599 4689/2527 2629/2526
f 634/2600 2629/2526 4688/2521 2647/2601
f 634/2600 2647/2601 4672/2464 2602/2463
f 634/2600 2602/2463 4664/2452 2646/2599
f 635/2602 2647/2601 4688/2521 2628/2520
f 635/2602 2628/2520 4696/2519 2626/2568
f 635/2602 2626/2568 4680/2500 2618/2499
f 635/2602 2618/2499 4672/2464 2647/2601
f 636/2603 2709/2604 4720/2605 2485/2606
f 636/2603 2485/2606 4728/2607 2716/2608
f 636/2603 2716/2608 4702/2293 2655/2292
f 636/2603 2655/2292 4703/2291 2709/2604
f 637/2609 1804/816 4722/815 2486/2610
f 637/2609 2486/2610 4720/2605 2709/2604
f 637/2609 2709/2604 4703/2291 2656/2299
f 637/2609 2656/2299 4705/486 1804/816
f 638/2611 2711/2612 4723/2613 2487/2614
f 638/2611 2487/2614 4721/2615 2710/2616
f 638/2611 2710/2616 4704/2305 2657/2304
f 638/2611 2657/2304 4706/2303 2711/2612
f 639/2617 2712/2618 4724/2619 2488/2620
f 639/2617 2488/2620 4723/2613 2711/2612
f 639/2617 2711/2612 4706/2303 2658/2313
f 639/2617 2658/2313 4707/2312 2712/2618
f 640/2621 2713/2622 4725/2623 2489/2624
f 640/2621 2489/2624 4724/2619 2712/2618
f 640/2621 2712/2618 4707/2312 2659/2319
f 640/2621 2659/2319 4708/2318 2713/2622
f 641/2625 2714/2626 4726/2627 2490/2628
f 641/2625 2490/2628 4725/2623 2713/2622
f 641/2625 2713/2622 4708/2318 2660/2325
f 641/2625 2660/2325 4709/2324 2714/2626
f 642/2629 2716/2608 4728/2607 2491/2630
f 642/2629 2491/2630 4726/2627 2714/2626
f 642/2629 2714/2626 4709/2324 2661/2329
f 642/2629 2661/2329 4702/2293 2716/2608
f 643/2631 2492/2632 4984/2633 2717/2634
f 643/2631 2717/2634 4973/2557 2662/2556
f 643/2631 2662/2556 4710/2560 2715/2635
f 643/2631 2715/2635 4727/2636 2492/2632
f 644/2637 2493/2638 4727/2636 2715/2635
f 644/2637 2715/2635 4710/2560 2663/2589
f 644/2637 2663/2589 4704/2305 2710/2616
f 644/2637 2710/2616 4721/2615 2493/2638
f 645/2639 2574/2640 4654/2380 2557/2379
f 645/2639 2557/2379 4653/2376 2664/2641
f 645/2639 2664/2641 4711/2642 2672/2643
f 645/2639 2672/2643 4712/2644 2574/2640
f 646/2645 1661/852 4655/574 2558/2382
f 646/2645 2558/2382 4654/2380 2574/2640
f 646/2645 2574/2640 4712/2644 2673/2646
f 646/2645 2673/2646 4714/853 1661/852
f 647/2647 2576/2648 4649/2362 2552/2386
f 647/2647 2552/2386 4648/2385 2575/2649
f 647/2647 2575/2649 4713/2650 2674/2651
f 647/2647 2674/2651 4715/2652 2576/2648
f 648/2653 2577/2654 4650/2364 2553/2363
f 648/2653 2553/2363 4649/2362 2576/2648
f 648/2653 2576/2648 4715/2652 2675/2655
f 648/2653 2675/2655 4716/2656 2577/2654
f 649/2657 2578/2658 4651/2368 2554/2367
f 649/2657 2554/2367 4650/2364 2577/2654
f 649/2657 2577/2654 4716/2656 2676/2659
f 649/2657 2676/2659 4717/2660 2578/2658
f 650/2661 2579/2662 4652/2372 2555/2371
f 650/2661 2555/2371 4651/2368 2578/2658
f 650/2661 2578/2658 4717/2660 2677/2663
f 650/2661 2677/2663 4718/2664 2579/2662
f 651/2665 2664/2641 4653/2376 2556/2375
f 651/2665 2556/2375 4652/2372 2579/2662
f 651/2665 2579/2662 4718/2664 2678/2666
f 651/2665 2678/2666 4711/2642 2664/2641
f 652/2667 2685/2545 4963/2544 2708/2668
f 652/2667 2708/2668 4974/2669 2679/2670
f 652/2667 2679/2670 4719/2671 2631/2672
f 652/2667 2631/2672 4691/2546 2685/2545
f 653/2673 2644/2594 4691/2546 2631/2672
f 653/2673 2631/2672 4719/2671 2680/2674
f 653/2673 2680/2674 4713/2650 2575/2649
f 653/2673 2575/2649 4648/2385 2644/2594
f 654/2675 2693/2676 4700/2584 2640/2587
f 654/2675 2640/2587 4701/2566 2681/2677
f 654/2675 2681/2677 4959/2678 2694/2679
f 654/2675 2694/2679 4972/2680 2693/2676
f 655/2681 2692/2682 4699/2580 2639/2585
f 655/2681 2639/2585 4700/2584 2693/2676
f 655/2681 2693/2676 4972/2680 2695/2683
f 655/2681 2695/2683 4971/2684 2692/2682
f 656/2685 2691/2686 4698/2576 2638/2581
f 656/2685 2638/2581 4699/2580 2692/2682
f 656/2685 2692/2682 4971/2684 2696/2687
f 656/2685 2696/2687 4970/2688 2691/2686
f 657/2689 2690/2690 4697/2572 2637/2577
f 657/2689 2637/2577 4698/2576 2691/2686
f 657/2689 2691/2686 4970/2688 2697/2691
f 657/2689 2697/2691 4969/2692 2690/2690
f 658/2693 1781/902 4695/774 2636/2573
f 658/2693 2636/2573 4697/2572 2690/2690
f 658/2693 2690/2690 4969/2692 2698/2694
f 658/2693 2698/2694 4967/903 1781/902
f 659/2695 2688/2696 4694/2564 2635/2569
f 659/2695 2635/2569 4696/2519 2689/2518
f 659/2695 2689/2518 4968/2517 2699/2697
f 659/2695 2699/2697 4966/2698 2688/2696
f 660/2699 2681/2677 4701/2566 2634/2565
f 660/2699 2634/2565 4694/2564 2688/2696
f 660/2699 2688/2696 4966/2698 2700/2700
f 660/2699 2700/2700 4959/2678 2681/2677
f 661/2701 2719/2702 4712/2644 2672/2643
f 661/2701 2672/2643 4711/2642 2718/2703
f 661/2701 2718/2703 4729/2704 2727/2705
f 661/2701 2727/2705 4730/2706 2719/2702
f 662/2707 1815/918 4714/853 2673/2646
f 662/2707 2673/2646 4712/2644 2719/2702
f 662/2707 2719/2702 4730/2706 2728/2708
f 662/2707 2728/2708 4732/919 1815/918
f 663/2709 2721/2710 4715/2652 2674/2651
f 663/2709 2674/2651 4713/2650 2720/2711
f 663/2709 2720/2711 4731/2712 2729/2713
f 663/2709 2729/2713 4733/2714 2721/2710
f 664/2715 2722/2716 4716/2656 2675/2655
f 664/2715 2675/2655 4715/2652 2721/2710
f 664/2715 2721/2710 4733/2714 2730/2717
f 664/2715 2730/2717 4734/2718 2722/2716
f 665/2719 2723/2720 4717/2660 2676/2659
f 665/2719 2676/2659 4716/2656 2722/2716
f 665/2719 2722/2716 4734/2718 2731/2721
f 665/2719 2731/2721 4735/2722 2723/2720
f 666/2723 2724/2724 4718/2664 2677/2663
f 666/2723 2677/2663 4717/2660 2723/2720
f 666/2723 2723/2720 4735/2722 2732/2725
f 666/2723 2732/2725 4736/2726 2724/2724
f 667/2727 2718/2703 4711/2642 2678/2666
f 667/2727 2678/2666 4718/2664 2724/2724
f 667/2727 2724/2724 4736/2726 2733/2728
f 667/2727 2733/2728 4729/2704 2718/2703
f 668/2729 2679/2670 4974/2669 2704/2730
f 668/2729 2704/2730 4994/2731 2734/2732
f 668/2729 2734/2732 4737/2733 2725/2734
f 668/2729 2725/2734 4719/2671 2679/2670
f 669/2735 2680/2674 4719/2671 2725/2734
f 669/2735 2725/2734 4737/2733 2735/2736
f 669/2735 2735/2736 4731/2712 2720/2711
f 669/2735 2720/2711 4713/2650 2680/2674
f 679/2737 2872/2738 4818/2739 2879/2740
f 679/2737 2879/2740 4817/2741 2761/2742
f 679/2737 2761/2742 4752/2743 2759/2744
f 679/2737 2759/2744 4753/2745 2872/2738
f 680/2746 1977/961 4820/960 2880/2747
f 680/2746 2880/2747 4818/2739 2872/2738
f 680/2746 2872/2738 4753/2745 2760/2748
f 680/2746 2760/2748 4754/962 1977/961
f 681/2749 2874/2750 4821/2751 2881/2752
f 681/2749 2881/2752 4819/2753 2873/2754
f 681/2749 2873/2754 4747/2755 2754/2756
f 681/2749 2754/2756 4748/2757 2874/2750
f 682/2758 2875/2759 4822/2760 2882/2761
f 682/2758 2882/2761 4821/2751 2874/2750
f 682/2758 2874/2750 4748/2757 2755/2762
f 682/2758 2755/2762 4749/2763 2875/2759
f 683/2764 2876/2765 4823/2766 2883/2767
f 683/2764 2883/2767 4822/2760 2875/2759
f 683/2764 2875/2759 4749/2763 2756/2768
f 683/2764 2756/2768 4750/2769 2876/2765
f 684/2770 2877/2771 4824/2772 2884/2773
f 684/2770 2884/2773 4823/2766 2876/2765
f 684/2770 2876/2765 4750/2769 2757/2774
f 684/2770 2757/2774 4751/2775 2877/2771
f 685/2776 2761/2742 4817/2741 2885/2777
f 685/2776 2885/2777 4824/2772 2877/2771
f 685/2776 2877/2771 4751/2775 2758/2778
f 685/2776 2758/2778 4752/2743 2761/2742
f 686/2779 2770/2780 4751/2775 2757/2774
f 686/2779 2757/2774 4750/2769 2769/2781
f 686/2779 2769/2781 4758/2782 2765/2783
f 686/2779 2765/2783 4759/2784 2770/2780
f 687/2785 2771/2786 4752/2743 2758/2778
f 687/2785 2758/2778 4751/2775 2770/2780
f 687/2785 2770/2780 4759/2784 2766/2787
f 687/2785 2766/2787 4760/2788 2771/2786
f 688/2789 2772/2790 4753/2745 2759/2744
f 688/2789 2759/2744 4752/2743 2771/2786
f 688/2789 2771/2786 4760/2788 2767/2791
f 688/2789 2767/2791 4761/2792 2772/2790
f 689/2793 1870/1009 4754/962 2760/2748
f 689/2793 2760/2748 4753/2745 2772/2790
f 689/2793 2772/2790 4761/2792 2768/2794
f 689/2793 2768/2794 4762/1010 1870/1009
f 690/2795 2774/2796 4748/2757 2754/2756
f 690/2795 2754/2756 4747/2755 2773/2797
f 690/2795 2773/2797 4755/2798 2762/2799
f 690/2795 2762/2799 4756/2800 2774/2796
f 691/2801 2775/2802 4749/2763 2755/2762
f 691/2801 2755/2762 4748/2757 2774/2796
f 691/2801 2774/2796 4756/2800 2763/2803
f 691/2801 2763/2803 4757/2804 2775/2802
f 692/2805 2769/2781 4750/2769 2756/2768
f 692/2805 2756/2768 4749/2763 2775/2802
f 692/2805 2775/2802 4757/2804 2764/2806
f 692/2805 2764/2806 4758/2782 2769/2781
f 693/2807 2784/2808 4757/2804 2763/2803
f 693/2807 2763/2803 4756/2800 2783/2809
f 693/2807 2783/2809 4764/2810 2777/2811
f 693/2807 2777/2811 4765/2812 2784/2808
f 694/2813 2785/2814 4758/2782 2764/2806
f 694/2813 2764/2806 4757/2804 2784/2808
f 694/2813 2784/2808 4765/2812 2778/2815
f 694/2813 2778/2815 4766/2816 2785/2814
f 695/2817 2786/2818 4759/2784 2765/2783
f 695/2817 2765/2783 4758/2782 2785/2814
f 695/2817 2785/2814 4766/2816 2779/2819
f 695/2817 2779/2819 4767/2820 2786/2818
f 696/2821 2787/2822 4760/2788 2766/2787
f 696/2821 2766/2787 4759/2784 2786/2818
f 696/2821 2786/2818 4767/2820 2780/2823
f 696/2821 2780/2823 4768/2824 2787/2822
f 697/2825 2788/2826 4761/2792 2767/2791
f 697/2825 2767/2791 4760/2788 2787/2822
f 697/2825 2787/2822 4768/2824 2781/2827
f 697/2825 2781/2827 4769/2828 2788/2826
f 698/2829 1880/1047 4762/1010 2768/2794
f 698/2829 2768/2794 4761/2792 2788/2826
f 698/2829 2788/2826 4769/2828 2782/2830
f 698/2829 2782/2830 4770/1048 1880/1047
f 699/2831 2783/2809 4756/2800 2762/2799
f 699/2831 2762/2799 4755/2798 2789/2832
f 699/2831 2789/2832 4763/2833 2776/2834
f 699/2831 2776/2834 4764/2810 2783/2809
f 700/2835 2889/2836 4862/2837 2960/2838
f 700/2835 2960/2838 4861/2839 2797/2840
f 700/2835 2797/2840 4776/2841 2795/2842
f 700/2835 2795/2842 4777/2843 2889/2836
f 701/2844 1995/1066 4864/1065 2961/2845
f 701/2844 2961/2845 4862/2837 2889/2836
f 701/2844 2889/2836 4777/2843 2796/2846
f 701/2844 2796/2846 4778/1067 1995/1066
f 702/2847 2891/2848 4865/2849 2962/2850
f 702/2847 2962/2850 4863/2851 2890/2852
f 702/2847 2890/2852 4771/2853 2790/2854
f 702/2847 2790/2854 4772/2855 2891/2848
f 703/2856 2892/2857 4866/2858 2963/2859
f 703/2856 2963/2859 4865/2849 2891/2848
f 703/2856 2891/2848 4772/2855 2791/2860
f 703/2856 2791/2860 4773/2861 2892/2857
f 704/2862 2893/2863 4867/2864 2964/2865
f 704/2862 2964/2865 4866/2858 2892/2857
f 704/2862 2892/2857 4773/2861 2792/2866
f 704/2862 2792/2866 4774/2867 2893/2863
f 705/2868 2894/2869 4868/2870 2965/2871
f 705/2868 2965/2871 4867/2864 2893/2863
f 705/2868 2893/2863 4774/2867 2793/2872
f 705/2868 2793/2872 4775/2873 2894/2869
f 706/2874 2797/2840 4861/2839 2966/2875
f 706/2874 2966/2875 4868/2870 2894/2869
f 706/2874 2894/2869 4775/2873 2794/2876
f 706/2874 2794/2876 4776/2841 2797/2840
f 707/2877 2812/2878 4774/2867 2792/2866
f 707/2877 2792/2866 4773/2861 2811/2879
f 707/2877 2811/2879 4781/2880 2806/2881
f 707/2877 2806/2881 4782/2882 2812/2878
f 708/2883 2813/2884 4775/2873 2793/2872
f 708/2883 2793/2872 4774/2867 2812/2878
f 708/2883 2812/2878 4782/2882 2807/2885
f 708/2883 2807/2885 4783/2886 2813/2884
f 709/2887 2814/2888 4776/2841 2794/2876
f 709/2887 2794/2876 4775/2873 2813/2884
f 709/2887 2813/2884 4783/2886 2808/2889
f 709/2887 2808/2889 4784/2890 2814/2888
f 710/2891 2815/2892 4777/2843 2795/2842
f 710/2891 2795/2842 4776/2841 2814/2888
f 710/2891 2814/2888 4784/2890 2809/2893
f 710/2891 2809/2893 4785/2894 2815/2892
f 711/2895 1916/1118 4778/1067 2796/2846
f 711/2895 2796/2846 4777/2843 2815/2892
f 711/2895 2815/2892 4785/2894 2810/2896
f 711/2895 2810/2896 4786/1119 1916/1118
f 712/2897 2817/2898 4772/2855 2790/2854
f 712/2897 2790/2854 4771/2853 2816/2899
f 712/2897 2816/2899 4779/2900 2804/2901
f 712/2897 2804/2901 4780/2902 2817/2898
f 713/2903 2811/2879 4773/2861 2791/2860
f 713/2903 2791/2860 4772/2855 2817/2898
f 713/2903 2817/2898 4780/2902 2805/2904
f 713/2903 2805/2904 4781/2880 2811/2879
f 714/2905 1926/1130 4786/1119 2810/2896
f 714/2905 2810/2896 4785/2894 2825/2906
f 714/2905 2825/2906 4793/2907 2824/2908
f 714/2905 2824/2908 4794/1131 1926/1130
f 715/2909 2827/2910 4780/2902 2804/2901
f 715/2909 2804/2901 4779/2900 2826/2911
f 715/2909 2826/2911 4787/2912 2818/2913
f 715/2909 2818/2913 4788/2914 2827/2910
f 716/2915 2828/2916 4781/2880 2805/2904
f 716/2915 2805/2904 4780/2902 2827/2910
f 716/2915 2827/2910 4788/2914 2819/2917
f 716/2915 2819/2917 4789/2918 2828/2916
f 717/2919 2829/2920 4782/2882 2806/2881
f 717/2919 2806/2881 4781/2880 2828/2916
f 717/2919 2828/2916 4789/2918 2820/2921
f 717/2919 2820/2921 4790/2922 2829/2920
f 718/2923 2830/2924 4783/2886 2807/2885
f 718/2923 2807/2885 4782/2882 2829/2920
f 718/2923 2829/2920 4790/2922 2821/2925
f 718/2923 2821/2925 4791/2926 2830/2924
f 719/2927 2831/2928 4784/2890 2808/2889
f 719/2927 2808/2889 4783/2886 2830/2924
f 719/2927 2830/2924 4791/2926 2822/2929
f 719/2927 2822/2929 4792/2930 2831/2928
f 720/2931 2825/2906 4785/2894 2809/2893
f 720/2931 2809/2893 4784/2890 2831/2928
f 720/2931 2831/2928 4792/2930 2823/2932
f 720/2931 2823/2932 4793/2907 2825/2906
f 721/2933 2840/2934 4792/2930 2822/2929
f 721/2933 2822/2929 4791/2926 2839/2935
f 721/2933 2839/2935 4799/2936 2836/2937
f 721/2933 2836/2937 4800/2938 2840/2934
f 722/2939 2841/2940 4793/2907 2823/2932
f 722/2939 2823/2932 4792/2930 2840/2934
f 722/2939 2840/2934 4800/2938 2837/2941
f 722/2939 2837/2941 4801/2942 2841/2940
f 723/2943 1944/1170 4794/1131 2824/2908
f 723/2943 2824/2908 4793/2907 2841/2940
f 723/2943 2841/2940 4801/2942 2838/2944
f 723/2943 2838/2944 4802/1171 1944/1170
f 724/2945 2843/2946 4788/2914 2818/2913
f 724/2945 2818/2913 4787/2912 2842/2947
f 724/2945 2842/2947 4795/2948 2832/2949
f 724/2945 2832/2949 4796/2950 2843/2946
f 725/2951 2844/2952 4789/2918 2819/2917
f 725/2951 2819/2917 4788/2914 2843/2946
f 725/2951 2843/2946 4796/2950 2833/2953
f 725/2951 2833/2953 4797/2954 2844/2952
f 726/2955 2845/2956 4790/2922 2820/2921
f 726/2955 2820/2921 4789/2918 2844/2952
f 726/2955 2844/2952 4797/2954 2834/2957
f 726/2955 2834/2957 4798/2958 2845/2956
f 727/2959 2839/2935 4791/2926 2821/2925
f 727/2959 2821/2925 4790/2922 2845/2956
f 727/2959 2845/2956 4798/2958 2835/2960
f 727/2959 2835/2960 4799/2936 2839/2935
f 728/2961 2906/2962 5081/2963 3357/2964
f 728/2961 3357/2964 5088/2965 2913/2966
f 728/2961 2913/2966 4811/2967 2852/2968
f 728/2961 2852/2968 4803/2969 2906/2962
f 729/2970 2907/2971 5082/2972 3358/2973
f 729/2970 3358/2973 5081/2963 2906/2962
f 729/2970 2906/2962 4803/2969 2853/2974
f 729/2970 2853/2974 4804/2975 2907/2971
f 730/2976 2908/2977 5083/2978 3359/2979
f 730/2976 3359/2979 5082/2972 2907/2971
f 730/2976 2907/2971 4804/2975 2854/2980
f 730/2976 2854/2980 4805/2981 2908/2977
f 731/2982 2967/2983 5095/2984 3360/2985
f 731/2982 3360/2985 5083/2978 2908/2977
f 731/2982 2908/2977 4805/2981 2895/2986
f 731/2982 2895/2986 4869/2987 2967/2983
f 732/2988 2910/2989 5085/2990 3361/2991
f 732/2988 3361/2991 5084/2992 2909/2993
f 732/2988 2909/2993 4806/2994 2856/2995
f 732/2988 2856/2995 4807/2996 2910/2989
f 733/2997 2911/2998 5086/2999 3362/3000
f 733/2997 3362/3000 5085/2990 2910/2989
f 733/2997 2910/2989 4807/2996 2857/3001
f 733/2997 2857/3001 4808/3002 2911/2998
f 734/3003 2886/3004 5078/3005 3363/3006
f 734/3003 3363/3006 5086/2999 2911/2998
f 734/3003 2911/2998 4808/3002 2878/3007
f 734/3003 2878/3007 4825/3008 2886/3004
f 735/3009 2865/3010 4797/2954 2833/2953
f 735/3009 2833/2953 4796/2950 2851/3011
f 735/3009 2851/3011 4809/3012 2858/3013
f 735/3009 2858/3013 4816/3014 2865/3010
f 736/3015 2851/3011 4796/2950 2832/2949
f 736/3015 2832/2949 4795/2948 2850/3016
f 736/3015 2850/3016 4811/2967 2859/3017
f 736/3015 2859/3017 4809/3012 2851/3011
f 737/3018 1953/1247 4802/1171 2838/2944
f 737/3018 2838/2944 4801/2942 2849/3019
f 737/3018 2849/3019 4812/3020 2860/3021
f 737/3018 2860/3021 4810/1248 1953/1247
f 738/3022 2849/3019 4801/2942 2837/2941
f 738/3022 2837/2941 4800/2938 2848/3023
f 738/3022 2848/3023 4813/3024 2861/3025
f 738/3022 2861/3025 4812/3020 2849/3019
f 739/3026 2848/3023 4800/2938 2836/2937
f 739/3026 2836/2937 4799/2936 2847/3027
f 739/3026 2847/3027 4814/3028 2862/3029
f 739/3026 2862/3029 4813/3024 2848/3023
f 740/3030 2847/3027 4799/2936 2835/2960
f 740/3030 2835/2960 4798/2958 2846/3031
f 740/3030 2846/3031 4815/3032 2863/3033
f 740/3030 2863/3033 4814/3028 2847/3027
f 741/3034 2846/3031 4798/2958 2834/2957
f 741/3034 2834/2957 4797/2954 2865/3010
f 741/3034 2865/3010 4816/3014 2864/3035
f 741/3034 2864/3035 4815/3032 2846/3031
f 742/3036 2887/3037 4825/3008 2878/3007
f 742/3036 2878/3007 4808/3002 2866/3038
f 742/3036 2866/3038 4747/2755 2873/2754
f 742/3036 2873/2754 4819/2753 2887/3037
f 743/3039 2866/3038 4808/3002 2857/3001
f 743/3039 2857/3001 4807/2996 2867/3040
f 743/3039 2867/3040 4755/2798 2773/2797
f 743/3039 2773/2797 4747/2755 2866/3038
f 744/3041 2867/3040 4807/2996 2856/2995
f 744/3041 2856/2995 4806/2994 2868/3042
f 744/3041 2868/3042 4763/2833 2789/2832
f 744/3041 2789/2832 4755/2798 2867/3040
f 745/3043 2968/3044 4869/2987 2895/2986
f 745/3043 2895/2986 4805/2981 2869/3045
f 745/3043 2869/3045 4771/2853 2890/2852
f 745/3043 2890/2852 4863/2851 2968/3044
f 746/3046 2869/3045 4805/2981 2854/2980
f 746/3046 2854/2980 4804/2975 2870/3047
f 746/3046 2870/3047 4779/2900 2816/2899
f 746/3046 2816/2899 4771/2853 2869/3045
f 747/3048 2870/3047 4804/2975 2853/2974
f 747/3048 2853/2974 4803/2969 2871/3049
f 747/3048 2871/3049 4787/2912 2826/2911
f 747/3048 2826/2911 4779/2900 2870/3047
f 748/3050 2871/3049 4803/2969 2852/2968
f 748/3050 2852/2968 4811/2967 2850/3016
f 748/3050 2850/3016 4795/2948 2842/2947
f 748/3050 2842/2947 4787/2912 2871/3049
f 749/3051 2918/3052 5033/3053 3238/3054
f 749/3051 3238/3054 5040/3055 2925/3056
f 749/3051 2925/3056 4817/2741 2879/2740
f 749/3051 2879/2740 4818/2739 2918/3052
f 750/3057 2026/1290 5017/1289 3239/3058
f 750/3057 3239/3058 5033/3053 2918/3052
f 750/3057 2918/3052 4818/2739 2880/2747
f 750/3057 2880/2747 4820/960 2026/1290
f 751/3059 2920/3060 5035/3061 3240/3062
f 751/3059 3240/3062 5034/3063 2919/3064
f 751/3059 2919/3064 4819/2753 2881/2752
f 751/3059 2881/2752 4821/2751 2920/3060
f 752/3065 2921/3066 5036/3067 3241/3068
f 752/3065 3241/3068 5035/3061 2920/3060
f 752/3065 2920/3060 4821/2751 2882/2761
f 752/3065 2882/2761 4822/2760 2921/3066
f 753/3069 2922/3070 5037/3071 3242/3072
f 753/3069 3242/3072 5036/3067 2921/3066
f 753/3069 2921/3066 4822/2760 2883/2767
f 753/3069 2883/2767 4823/2766 2922/3070
f 754/3073 2923/3074 5038/3075 3243/3076
f 754/3073 3243/3076 5037/3071 2922/3070
f 754/3073 2922/3070 4823/2766 2884/2773
f 754/3073 2884/2773 4824/2772 2923/3074
f 755/3077 2925/3056 5040/3055 3244/3078
f 755/3077 3244/3078 5038/3075 2923/3074
f 755/3077 2923/3074 4824/2772 2885/2777
f 755/3077 2885/2777 4817/2741 2925/3056
f 756/3079 3245/3080 5114/3081 3364/3082
f 756/3079 3364/3082 5078/3005 2886/3004
f 756/3079 2886/3004 4825/3008 2924/3083
f 756/3079 2924/3083 5039/3084 3245/3080
f 757/3085 3246/3086 5039/3084 2924/3083
f 757/3085 2924/3083 4825/3008 2887/3037
f 757/3085 2887/3037 4819/2753 2919/3064
f 757/3085 2919/3064 5034/3063 3246/3086
f 758/3087 2798/3088 4769/2828 2781/2827
f 758/3087 2781/2827 4768/2824 2888/3089
f 758/3087 2888/3089 4826/3090 2896/3091
f 758/3087 2896/3091 4827/3092 2798/3088
f 759/3093 1898/1326 4770/1048 2782/2830
f 759/3093 2782/2830 4769/2828 2798/3088
f 759/3093 2798/3088 4827/3092 2897/3094
f 759/3093 2897/3094 4829/1327 1898/1326
f 760/3095 2800/3096 4764/2810 2776/2834
f 760/3095 2776/2834 4763/2833 2799/3097
f 760/3095 2799/3097 4828/3098 2898/3099
f 760/3095 2898/3099 4830/3100 2800/3096
f 761/3101 2801/3102 4765/2812 2777/2811
f 761/3101 2777/2811 4764/2810 2800/3096
f 761/3101 2800/3096 4830/3100 2899/3103
f 761/3101 2899/3103 4831/3104 2801/3102
f 762/3105 2802/3106 4766/2816 2778/2815
f 762/3105 2778/2815 4765/2812 2801/3102
f 762/3105 2801/3102 4831/3104 2900/3107
f 762/3105 2900/3107 4832/3108 2802/3106
f 763/3109 2803/3110 4767/2820 2779/2819
f 763/3109 2779/2819 4766/2816 2802/3106
f 763/3109 2802/3106 4832/3108 2901/3111
f 763/3109 2901/3111 4833/3112 2803/3110
f 764/3113 2888/3089 4768/2824 2780/2823
f 764/3113 2780/2823 4767/2820 2803/3110
f 764/3113 2803/3110 4833/3112 2902/3114
f 764/3113 2902/3114 4826/3090 2888/3089
f 765/3115 2909/2993 5084/2992 3365/3116
f 765/3115 3365/3116 5079/3117 2903/3118
f 765/3115 2903/3118 4834/3119 2855/3120
f 765/3115 2855/3120 4806/2994 2909/2993
f 766/3121 2868/3042 4806/2994 2855/3120
f 766/3121 2855/3120 4834/3119 2904/3122
f 766/3121 2904/3122 4828/3098 2799/3097
f 766/3121 2799/3097 4763/2833 2868/3042
f 774/3123 2936/3124 4827/3092 2896/3091
f 774/3123 2896/3091 4826/3090 2935/3125
f 774/3123 2935/3125 4851/3126 2943/3127
f 774/3123 2943/3127 4852/3128 2936/3124
f 775/3129 2045/1364 4829/1327 2897/3094
f 775/3129 2897/3094 4827/3092 2936/3124
f 775/3129 2936/3124 4852/3128 2944/3130
f 775/3129 2944/3130 4854/1365 2045/1364
f 776/3131 2938/3132 4830/3100 2898/3099
f 776/3131 2898/3099 4828/3098 2937/3133
f 776/3131 2937/3133 4853/3134 2945/3135
f 776/3131 2945/3135 4855/3136 2938/3132
f 777/3137 2939/3138 4831/3104 2899/3103
f 777/3137 2899/3103 4830/3100 2938/3132
f 777/3137 2938/3132 4855/3136 2946/3139
f 777/3137 2946/3139 4856/3140 2939/3138
f 778/3141 2940/3142 4832/3108 2900/3107
f 778/3141 2900/3107 4831/3104 2939/3138
f 778/3141 2939/3138 4856/3140 2947/3143
f 778/3141 2947/3143 4857/3144 2940/3142
f 779/3145 2941/3146 4833/3112 2901/3111
f 779/3145 2901/3111 4832/3108 2940/3142
f 779/3145 2940/3142 4857/3144 2948/3147
f 779/3145 2948/3147 4858/3148 2941/3146
f 780/3149 2935/3125 4826/3090 2902/3114
f 780/3149 2902/3114 4833/3112 2941/3146
f 780/3149 2941/3146 4858/3148 2949/3150
f 780/3149 2949/3150 4851/3126 2935/3125
f 781/3151 2903/3118 5079/3117 3373/3152
f 781/3151 3373/3152 5094/3153 2950/3154
f 781/3151 2950/3154 4859/3155 2942/3156
f 781/3151 2942/3156 4834/3119 2903/3118
f 782/3157 2904/3122 4834/3119 2942/3156
f 782/3157 2942/3156 4859/3155 2951/3158
f 782/3157 2951/3158 4853/3134 2937/3133
f 782/3157 2937/3133 4828/3098 2904/3122
f 792/3159 3094/3160 4942/3161 3087/3162
f 792/3159 3087/3162 4877/3163 2974/3164
f 792/3159 2974/3164 4876/3165 2976/3166
f 792/3159 2976/3166 4941/3167 3094/3160
f 793/3168 3095/3169 4944/1406 2205/1405
f 793/3168 2205/1405 4878/1409 2975/3170
f 793/3168 2975/3170 4877/3163 3087/3162
f 793/3168 3087/3162 4942/3161 3095/3169
f 794/3171 3096/3172 4945/3173 3089/3174
f 794/3171 3089/3174 4872/3175 2969/3176
f 794/3171 2969/3176 4871/3177 3088/3178
f 794/3171 3088/3178 4943/3179 3096/3172
f 795/3180 3097/3181 4946/3182 3090/3183
f 795/3180 3090/3183 4873/3184 2970/3185
f 795/3180 2970/3185 4872/3175 3089/3174
f 795/3180 3089/3174 4945/3173 3097/3181
f 796/3186 3098/3187 4947/3188 3091/3189
f 796/3186 3091/3189 4874/3190 2971/3191
f 796/3186 2971/3191 4873/3184 3090/3183
f 796/3186 3090/3183 4946/3182 3098/3187
f 797/3192 3099/3193 4948/3194 3092/3195
f 797/3192 3092/3195 4875/3196 2972/3197
f 797/3192 2972/3197 4874/3190 3091/3189
f 797/3192 3091/3189 4947/3188 3099/3193
f 798/3198 3100/3199 4941/3167 2976/3166
f 798/3198 2976/3166 4876/3165 2973/3200
f 798/3198 2973/3200 4875/3196 3092/3195
f 798/3198 3092/3195 4948/3194 3100/3199
f 799/3201 2972/3197 4875/3196 2985/3202
f 799/3201 2985/3202 4883/3203 2980/3204
f 799/3201 2980/3204 4882/3205 2984/3206
f 799/3201 2984/3206 4874/3190 2972/3197
f 800/3207 2973/3200 4876/3165 2986/3208
f 800/3207 2986/3208 4884/3209 2981/3210
f 800/3207 2981/3210 4883/3203 2985/3202
f 800/3207 2985/3202 4875/3196 2973/3200
f 801/3211 2974/3164 4877/3163 2987/3212
f 801/3211 2987/3212 4885/3213 2982/3214
f 801/3211 2982/3214 4884/3209 2986/3208
f 801/3211 2986/3208 4876/3165 2974/3164
f 802/3215 2975/3170 4878/1409 2098/1455
f 802/3215 2098/1455 4886/1457 2983/3216
f 802/3215 2983/3216 4885/3213 2987/3212
f 802/3215 2987/3212 4877/3163 2975/3170
f 803/3217 2969/3176 4872/3175 2989/3218
f 803/3217 2989/3218 4880/3219 2977/3220
f 803/3217 2977/3220 4879/3221 2988/3222
f 803/3217 2988/3222 4871/3177 2969/3176
f 804/3223 2970/3185 4873/3184 2990/3224
f 804/3223 2990/3224 4881/3225 2978/3226
f 804/3223 2978/3226 4880/3219 2989/3218
f 804/3223 2989/3218 4872/3175 2970/3185
f 805/3227 2971/3191 4874/3190 2984/3206
f 805/3227 2984/3206 4882/3205 2979/3228
f 805/3227 2979/3228 4881/3225 2990/3224
f 805/3227 2990/3224 4873/3184 2971/3191
f 806/3229 2978/3226 4881/3225 2999/3230
f 806/3229 2999/3230 4889/3231 2992/3232
f 806/3229 2992/3232 4888/3233 2998/3234
f 806/3229 2998/3234 4880/3219 2978/3226
f 807/3235 2979/3228 4882/3205 3000/3236
f 807/3235 3000/3236 4890/3237 2993/3238
f 807/3235 2993/3238 4889/3231 2999/3230
f 807/3235 2999/3230 4881/3225 2979/3228
f 808/3239 2980/3204 4883/3203 3001/3240
f 808/3239 3001/3240 4891/3241 2994/3242
f 808/3239 2994/3242 4890/3237 3000/3236
f 808/3239 3000/3236 4882/3205 2980/3204
f 809/3243 2981/3210 4884/3209 3002/3244
f 809/3243 3002/3244 4892/3245 2995/3246
f 809/3243 2995/3246 4891/3241 3001/3240
f 809/3243 3001/3240 4883/3203 2981/3210
f 810/3247 2982/3214 4885/3213 3003/3248
f 810/3247 3003/3248 4893/3249 2996/3250
f 810/3247 2996/3250 4892/3245 3002/3244
f 810/3247 3002/3244 4884/3209 2982/3214
f 811/3251 2983/3216 4886/1457 2108/1493
f 811/3251 2108/1493 4894/1495 2997/3252
f 811/3251 2997/3252 4893/3249 3003/3248
f 811/3251 3003/3248 4885/3213 2983/3216
f 812/3253 2977/3220 4880/3219 2998/3234
f 812/3253 2998/3234 4888/3233 2991/3254
f 812/3253 2991/3254 4887/3255 3004/3256
f 812/3253 3004/3256 4879/3221 2977/3220
f 813/3257 3166/3258 4996/3259 3104/3260
f 813/3257 3104/3260 4901/3261 3010/3262
f 813/3257 3010/3262 4900/3263 3012/3264
f 813/3257 3012/3264 4995/3265 3166/3258
f 814/3266 3167/3267 4998/1511 2223/1510
f 814/3266 2223/1510 4902/1514 3011/3268
f 814/3266 3011/3268 4901/3261 3104/3260
f 814/3266 3104/3260 4996/3259 3167/3267
f 815/3269 3168/3270 4999/3271 3106/3272
f 815/3269 3106/3272 4896/3273 3005/3274
f 815/3269 3005/3274 4895/3275 3105/3276
f 815/3269 3105/3276 4997/3277 3168/3270
f 816/3278 3169/3279 5000/3280 3107/3281
f 816/3278 3107/3281 4897/3282 3006/3283
f 816/3278 3006/3283 4896/3273 3106/3272
f 816/3278 3106/3272 4999/3271 3169/3279
f 817/3284 3170/3285 5001/3286 3108/3287
f 817/3284 3108/3287 4898/3288 3007/3289
f 817/3284 3007/3289 4897/3282 3107/3281
f 817/3284 3107/3281 5000/3280 3170/3285
f 818/3290 3171/3291 5002/3292 3109/3293
f 818/3290 3109/3293 4899/3294 3008/3295
f 818/3290 3008/3295 4898/3288 3108/3287
f 818/3290 3108/3287 5001/3286 3171/3291
f 819/3296 3172/3297 4995/3265 3012/3264
f 819/3296 3012/3264 4900/3263 3009/3298
f 819/3296 3009/3298 4899/3294 3109/3293
f 819/3296 3109/3293 5002/3292 3172/3297
f 820/3299 3007/3289 4898/3288 3027/3300
f 820/3299 3027/3300 4906/3301 3021/3302
f 820/3299 3021/3302 4905/3303 3026/3304
f 820/3299 3026/3304 4897/3282 3007/3289
f 821/3305 3008/3295 4899/3294 3028/3306
f 821/3305 3028/3306 4907/3307 3022/3308
f 821/3305 3022/3308 4906/3301 3027/3300
f 821/3305 3027/3300 4898/3288 3008/3295
f 822/3309 3009/3298 4900/3263 3029/3310
f 822/3309 3029/3310 4908/3311 3023/3312
f 822/3309 3023/3312 4907/3307 3028/3306
f 822/3309 3028/3306 4899/3294 3009/3298
f 823/3313 3010/3262 4901/3261 3030/3314
f 823/3313 3030/3314 4909/3315 3024/3316
f 823/3313 3024/3316 4908/3311 3029/3310
f 823/3313 3029/3310 4900/3263 3010/3262
f 824/3317 3011/3268 4902/1514 2144/1564
f 824/3317 2144/1564 4910/1566 3025/3318
f 824/3317 3025/3318 4909/3315 3030/3314
f 824/3317 3030/3314 4901/3261 3011/3268
f 825/3319 3005/3274 4896/3273 3032/3320
f 825/3319 3032/3320 4904/3321 3019/3322
f 825/3319 3019/3322 4903/3323 3031/3324
f 825/3319 3031/3324 4895/3275 3005/3274
f 826/3325 3006/3283 4897/3282 3026/3304
f 826/3325 3026/3304 4905/3303 3020/3326
f 826/3325 3020/3326 4904/3321 3032/3320
f 826/3325 3032/3320 4896/3273 3006/3283
f 827/3327 3025/3318 4910/1566 2154/1576
f 827/3327 2154/1576 4918/1580 3039/3328
f 827/3327 3039/3328 4917/3329 3040/3330
f 827/3327 3040/3330 4909/3315 3025/3318
f 828/3331 3019/3322 4904/3321 3042/3332
f 828/3331 3042/3332 4912/3333 3033/3334
f 828/3331 3033/3334 4911/3335 3041/3336
f 828/3331 3041/3336 4903/3323 3019/3322
f 829/3337 3020/3326 4905/3303 3043/3338
f 829/3337 3043/3338 4913/3339 3034/3340
f 829/3337 3034/3340 4912/3333 3042/3332
f 829/3337 3042/3332 4904/3321 3020/3326
f 830/3341 3021/3302 4906/3301 3044/3342
f 830/3341 3044/3342 4914/3343 3035/3344
f 830/3341 3035/3344 4913/3339 3043/3338
f 830/3341 3043/3338 4905/3303 3021/3302
f 831/3345 3022/3308 4907/3307 3045/3346
f 831/3345 3045/3346 4915/3347 3036/3348
f 831/3345 3036/3348 4914/3343 3044/3342
f 831/3345 3044/3342 4906/3301 3022/3308
f 832/3349 3023/3312 4908/3311 3046/3350
f 832/3349 3046/3350 4916/3351 3037/3352
f 832/3349 3037/3352 4915/3347 3045/3346
f 832/3349 3045/3346 4907/3307 3023/3312
f 833/3353 3024/3316 4909/3315 3040/3330
f 833/3353 3040/3330 4917/3329 3038/3354
f 833/3353 3038/3354 4916/3351 3046/3350
f 833/3353 3046/3350 4908/3311 3024/3316
f 834/3355 3037/3352 4916/3351 3055/3356
f 834/3355 3055/3356 4924/3357 3051/3358
f 834/3355 3051/3358 4923/3359 3054/3360
f 834/3355 3054/3360 4915/3347 3037/3352
f 835/3361 3038/3354 4917/3329 3056/3362
f 835/3361 3056/3362 4925/3363 3052/3364
f 835/3361 3052/3364 4924/3357 3055/3356
f 835/3361 3055/3356 4916/3351 3038/3354
f 836/3365 3039/3328 4918/1580 2172/1616
f 836/3365 2172/1616 4926/1618 3053/3366
f 836/3365 3053/3366 4925/3363 3056/3362
f 836/3365 3056/3362 4917/3329 3039/3328
f 837/3367 3033/3334 4912/3333 3058/3368
f 837/3367 3058/3368 4920/3369 3047/3370
f 837/3367 3047/3370 4919/3371 3057/3372
f 837/3367 3057/3372 4911/3335 3033/3334
f 838/3373 3034/3340 4913/3339 3059/3374
f 838/3373 3059/3374 4921/3375 3048/3376
f 838/3373 3048/3376 4920/3369 3058/3368
f 838/3373 3058/3368 4912/3333 3034/3340
f 839/3377 3035/3344 4914/3343 3060/3378
f 839/3377 3060/3378 4922/3379 3049/3380
f 839/3377 3049/3380 4921/3375 3059/3374
f 839/3377 3059/3374 4913/3339 3035/3344
f 840/3381 3036/3348 4915/3347 3054/3360
f 840/3381 3054/3360 4923/3359 3050/3382
f 840/3381 3050/3382 4922/3379 3060/3378
f 840/3381 3060/3378 4914/3343 3036/3348
f 841/3383 3375/3384 5099/3385 3121/3386
f 841/3383 3121/3386 4927/3387 3067/3388
f 841/3383 3067/3388 4935/3389 3128/3390
f 841/3383 3128/3390 5106/3391 3375/3384
f 842/3392 3376/3393 5100/3394 3122/3395
f 842/3392 3122/3395 4928/3396 3068/3397
f 842/3392 3068/3397 4927/3387 3121/3386
f 842/3392 3121/3386 5099/3385 3376/3393
f 843/3398 3377/3399 5101/3400 3123/3401
f 843/3398 3123/3401 4929/3402 3069/3403
f 843/3398 3069/3403 4928/3396 3122/3395
f 843/3398 3122/3395 5100/3394 3377/3399
f 844/3404 3378/3405 5112/3406 3173/3407
f 844/3404 3173/3407 5003/3408 3110/3409
f 844/3404 3110/3409 4929/3402 3123/3401
f 844/3404 3123/3401 5101/3400 3378/3405
f 845/3410 3379/3411 5103/3412 3125/3413
f 845/3410 3125/3413 4931/3414 3071/3415
f 845/3410 3071/3415 4930/3416 3124/3417
f 845/3410 3124/3417 5102/3418 3379/3411
f 846/3419 3380/3420 5104/3421 3126/3422
f 846/3419 3126/3422 4932/3423 3072/3424
f 846/3419 3072/3424 4931/3414 3125/3413
f 846/3419 3125/3413 5103/3412 3380/3420
f 847/3425 3381/3426 5096/3427 3101/3428
f 847/3425 3101/3428 4949/3429 3093/3430
f 847/3425 3093/3430 4932/3423 3126/3422
f 847/3425 3126/3422 5104/3421 3381/3426
f 848/3431 3048/3376 4921/3375 3080/3432
f 848/3431 3080/3432 4940/3433 3073/3434
f 848/3431 3073/3434 4933/3435 3066/3436
f 848/3431 3066/3436 4920/3369 3048/3376
f 849/3437 3047/3370 4920/3369 3066/3436
f 849/3437 3066/3436 4933/3435 3074/3438
f 849/3437 3074/3438 4935/3389 3065/3439
f 849/3437 3065/3439 4919/3371 3047/3370
f 850/3440 3053/3366 4926/1618 2181/1693
f 850/3440 2181/1693 4934/1697 3075/3441
f 850/3440 3075/3441 4936/3442 3064/3443
f 850/3440 3064/3443 4925/3363 3053/3366
f 851/3444 3052/3364 4925/3363 3064/3443
f 851/3444 3064/3443 4936/3442 3076/3445
f 851/3444 3076/3445 4937/3446 3063/3447
f 851/3444 3063/3447 4924/3357 3052/3364
f 852/3448 3051/3358 4924/3357 3063/3447
f 852/3448 3063/3447 4937/3446 3077/3449
f 852/3448 3077/3449 4938/3450 3062/3451
f 852/3448 3062/3451 4923/3359 3051/3358
f 853/3452 3050/3382 4923/3359 3062/3451
f 853/3452 3062/3451 4938/3450 3078/3453
f 853/3452 3078/3453 4939/3454 3061/3455
f 853/3452 3061/3455 4922/3379 3050/3382
f 854/3456 3049/3380 4922/3379 3061/3455
f 854/3456 3061/3455 4939/3454 3079/3457
f 854/3456 3079/3457 4940/3433 3080/3432
f 854/3456 3080/3432 4921/3375 3049/3380
f 855/3458 3093/3430 4949/3429 3102/3459
f 855/3458 3102/3459 4943/3179 3088/3178
f 855/3458 3088/3178 4871/3177 3081/3460
f 855/3458 3081/3460 4932/3423 3093/3430
f 856/3461 3072/3424 4932/3423 3081/3460
f 856/3461 3081/3460 4871/3177 2988/3222
f 856/3461 2988/3222 4879/3221 3082/3462
f 856/3461 3082/3462 4931/3414 3072/3424
f 857/3463 3071/3415 4931/3414 3082/3462
f 857/3463 3082/3462 4879/3221 3004/3256
f 857/3463 3004/3256 4887/3255 3083/3464
f 857/3463 3083/3464 4930/3416 3071/3415
f 858/3465 3110/3409 5003/3408 3174/3466
f 858/3465 3174/3466 4997/3277 3105/3276
f 858/3465 3105/3276 4895/3275 3084/3467
f 858/3465 3084/3467 4929/3402 3110/3409
f 859/3468 3069/3403 4929/3402 3084/3467
f 859/3468 3084/3467 4895/3275 3031/3324
f 859/3468 3031/3324 4903/3323 3085/3469
f 859/3468 3085/3469 4928/3396 3069/3403
f 860/3470 3068/3397 4928/3396 3085/3469
f 860/3470 3085/3469 4903/3323 3041/3336
f 860/3470 3041/3336 4911/3335 3086/3471
f 860/3470 3086/3471 4927/3387 3068/3397
f 861/3472 3067/3388 4927/3387 3086/3471
f 861/3472 3086/3471 4911/3335 3057/3372
f 861/3472 3057/3372 4919/3371 3065/3439
f 861/3472 3065/3439 4935/3389 3067/3388
f 862/3473 2926/3474 4975/3475 3133/3476
f 862/3473 3133/3476 4942/3161 3094/3160
f 862/3473 3094/3160 4941/3167 3140/3477
f 862/3473 3140/3477 4983/3478 2926/3474
f 863/3479 2927/3480 4977/1735 2254/1734
f 863/3479 2254/1734 4944/1406 3095/3169
f 863/3479 3095/3169 4942/3161 3133/3476
f 863/3479 3133/3476 4975/3475 2927/3480
f 864/3481 2928/3482 4978/3483 3135/3484
f 864/3481 3135/3484 4945/3173 3096/3172
f 864/3481 3096/3172 4943/3179 3134/3485
f 864/3481 3134/3485 4976/3486 2928/3482
f 865/3487 2929/3488 4979/3489 3136/3490
f 865/3487 3136/3490 4946/3182 3097/3181
f 865/3487 3097/3181 4945/3173 3135/3484
f 865/3487 3135/3484 4978/3483 2929/3488
f 866/3491 2930/3492 4980/3493 3137/3494
f 866/3491 3137/3494 4947/3188 3098/3187
f 866/3491 3098/3187 4946/3182 3136/3490
f 866/3491 3136/3490 4979/3489 2930/3492
f 867/3495 2931/3496 4981/3497 3138/3498
f 867/3495 3138/3498 4948/3194 3099/3193
f 867/3495 3099/3193 4947/3188 3137/3494
f 867/3495 3137/3494 4980/3493 2931/3496
f 868/3499 2932/3500 4983/3478 3140/3477
f 868/3499 3140/3477 4941/3167 3100/3199
f 868/3499 3100/3199 4948/3194 3138/3498
f 868/3499 3138/3498 4981/3497 2932/3500
f 869/3501 3382/3502 5093/3503 2933/3504
f 869/3501 2933/3504 4982/3505 3139/3506
f 869/3501 3139/3506 4949/3429 3101/3428
f 869/3501 3101/3428 5096/3427 3382/3502
f 870/3507 3139/3506 4982/3505 2934/3508
f 870/3507 2934/3508 4976/3486 3134/3485
f 870/3507 3134/3485 4943/3179 3102/3459
f 870/3507 3102/3459 4949/3429 3139/3506
f 871/3509 2996/3250 4893/3249 3013/3510
f 871/3509 3013/3510 4951/3511 3111/3512
f 871/3509 3111/3512 4950/3513 3103/3514
f 871/3509 3103/3514 4892/3245 2996/3250
f 872/3515 2997/3252 4894/1495 2126/1772
f 872/3515 2126/1772 4953/1774 3112/3516
f 872/3515 3112/3516 4951/3511 3013/3510
f 872/3515 3013/3510 4893/3249 2997/3252
f 873/3517 2991/3254 4888/3233 3015/3518
f 873/3517 3015/3518 4954/3519 3113/3520
f 873/3517 3113/3520 4952/3521 3014/3522
f 873/3517 3014/3522 4887/3255 2991/3254
f 874/3523 2992/3232 4889/3231 3016/3524
f 874/3523 3016/3524 4955/3525 3114/3526
f 874/3523 3114/3526 4954/3519 3015/3518
f 874/3523 3015/3518 4888/3233 2992/3232
f 875/3527 2993/3238 4890/3237 3017/3528
f 875/3527 3017/3528 4956/3529 3115/3530
f 875/3527 3115/3530 4955/3525 3016/3524
f 875/3527 3016/3524 4889/3231 2993/3238
f 876/3531 2994/3242 4891/3241 3018/3532
f 876/3531 3018/3532 4957/3533 3116/3534
f 876/3531 3116/3534 4956/3529 3017/3528
f 876/3531 3017/3528 4890/3237 2994/3242
f 877/3535 2995/3246 4892/3245 3103/3514
f 877/3535 3103/3514 4950/3513 3117/3536
f 877/3535 3117/3536 4957/3533 3018/3532
f 877/3535 3018/3532 4891/3241 2995/3246
f 878/3537 3383/3538 5102/3418 3124/3417
f 878/3537 3124/3417 4930/3416 3070/3539
f 878/3537 3070/3539 4958/3540 3118/3541
f 878/3537 3118/3541 5097/3542 3383/3538
f 879/3543 3070/3539 4930/3416 3083/3464
f 879/3543 3083/3464 4887/3255 3014/3522
f 879/3543 3014/3522 4952/3521 3119/3544
f 879/3543 3119/3544 4958/3540 3070/3539
f 887/3545 3111/3512 4951/3511 3142/3546
f 887/3545 3142/3546 4986/3547 3149/3548
f 887/3545 3149/3548 4985/3549 3141/3550
f 887/3545 3141/3550 4950/3513 3111/3512
f 888/3551 3112/3516 4953/1774 2264/1810
f 888/3551 2264/1810 4988/1812 3150/3552
f 888/3551 3150/3552 4986/3547 3142/3546
f 888/3551 3142/3546 4951/3511 3112/3516
f 889/3553 3113/3520 4954/3519 3144/3554
f 889/3553 3144/3554 4989/3555 3151/3556
f 889/3553 3151/3556 4987/3557 3143/3558
f 889/3553 3143/3558 4952/3521 3113/3520
f 890/3559 3114/3526 4955/3525 3145/3560
f 890/3559 3145/3560 4990/3561 3152/3562
f 890/3559 3152/3562 4989/3555 3144/3554
f 890/3559 3144/3554 4954/3519 3114/3526
f 891/3563 3115/3530 4956/3529 3146/3564
f 891/3563 3146/3564 4991/3565 3153/3566
f 891/3563 3153/3566 4990/3561 3145/3560
f 891/3563 3145/3560 4955/3525 3115/3530
f 892/3567 3116/3534 4957/3533 3147/3568
f 892/3567 3147/3568 4992/3569 3154/3570
f 892/3567 3154/3570 4991/3565 3146/3564
f 892/3567 3146/3564 4956/3529 3116/3534
f 893/3571 3117/3536 4950/3513 3141/3550
f 893/3571 3141/3550 4985/3549 3155/3572
f 893/3571 3155/3572 4992/3569 3147/3568
f 893/3571 3147/3568 4957/3533 3117/3536
f 894/3573 3391/3574 5097/3542 3118/3541
f 894/3573 3118/3541 4958/3540 3148/3575
f 894/3573 3148/3575 4993/3576 3156/3577
f 894/3573 3156/3577 5111/3578 3391/3574
f 895/3579 3148/3575 4958/3540 3119/3544
f 895/3579 3119/3544 4952/3521 3143/3558
f 895/3579 3143/3558 4987/3557 3157/3580
f 895/3579 3157/3580 4993/3576 3148/3575
f 950/3581 1967/1265 4355/1262 2023/3582
f 950/3581 2023/3582 5056/3583 3330/3584
f 950/3581 3330/3584 5043/3585 2010/3586
f 950/3581 2010/3586 4356/1239 1967/1265
f 951/3587 1966/1261 4354/1258 2022/3588
f 951/3587 2022/3588 5055/3589 3331/3590
f 951/3587 3331/3590 5056/3583 2023/3582
f 951/3587 2023/3582 4355/1262 1966/1261
f 952/3591 1965/1257 4353/1254 2021/3592
f 952/3591 2021/3592 5054/3593 3332/3594
f 952/3591 3332/3594 5055/3589 2022/3588
f 952/3591 2022/3588 4354/1258 1965/1257
f 953/3595 1964/1253 4352/1250 2020/3596
f 953/3595 2020/3596 5053/3597 3333/3598
f 953/3595 3333/3598 5054/3593 2021/3592
f 953/3595 2021/3592 4353/1254 1964/1253
f 954/3599 1963/1249 4810/1248 2018/3600
f 954/3599 2018/3600 5051/3601 3334/3602
f 954/3599 3334/3602 5053/3597 2020/3596
f 954/3599 2020/3596 4352/1250 1963/1249
f 955/3603 1962/1244 4350/1241 2017/3604
f 955/3603 2017/3604 5050/3605 3335/3606
f 955/3603 3335/3606 5052/1197 2019/1196
f 955/3603 2019/1196 4351/1195 1962/1244
f 956/3607 1961/1240 4356/1239 2010/3586
f 956/3607 2010/3586 5043/3585 3336/3608
f 956/3607 3336/3608 5050/3605 2017/3604
f 956/3607 2017/3604 4350/1241 1961/1240
f 968/3609 2251/3610 4466/1708 2195/1711
f 968/3609 2195/1711 4467/1688 2238/3611
f 968/3609 2238/3611 5062/3612 3348/3613
f 968/3609 3348/3613 5075/3614 2251/3610
f 969/3615 2250/3616 4465/1704 2194/1709
f 969/3615 2194/1709 4466/1708 2251/3610
f 969/3615 2251/3610 5075/3614 3349/3617
f 969/3615 3349/3617 5074/3618 2250/3616
f 970/3619 2249/3620 4464/1700 2193/1705
f 970/3619 2193/1705 4465/1704 2250/3616
f 970/3619 2250/3616 5074/3618 3350/3621
f 970/3619 3350/3621 5073/3622 2249/3620
f 971/3623 2248/3624 4463/1695 2192/1701
f 971/3623 2192/1701 4464/1700 2249/3620
f 971/3623 2249/3620 5073/3622 3351/3625
f 971/3623 3351/3625 5072/3626 2248/3624
f 972/3627 2246/3628 4934/1697 2191/1696
f 972/3627 2191/1696 4463/1695 2248/3624
f 972/3627 2248/3624 5072/3626 3352/3629
f 972/3627 3352/3629 5070/3630 2246/3628
f 973/3631 2245/3632 4461/1686 2190/1691
f 973/3631 2190/1691 4462/1641 2247/1640
f 973/3631 2247/1640 5071/1639 3353/3633
f 973/3631 3353/3633 5069/3634 2245/3632
f 974/3635 2238/3611 4467/1688 2189/1687
f 974/3635 2189/1687 4461/1686 2245/3632
f 974/3635 2245/3632 5069/3634 3354/3636
f 974/3635 3354/3636 5062/3612 2238/3611
f 986/3637 2917/3638 4815/3032 2864/3035
f 986/3637 2864/3035 4816/3014 2905/3639
f 986/3637 2905/3639 5080/3640 3366/3641
f 986/3637 3366/3641 5092/3642 2917/3638
f 987/3643 2916/3644 4814/3028 2863/3033
f 987/3643 2863/3033 4815/3032 2917/3638
f 987/3643 2917/3638 5092/3642 3367/3645
f 987/3643 3367/3645 5091/3646 2916/3644
f 988/3647 2915/3648 4813/3024 2862/3029
f 988/3647 2862/3029 4814/3028 2916/3644
f 988/3647 2916/3644 5091/3646 3368/3649
f 988/3647 3368/3649 5090/3650 2915/3648
f 989/3651 2914/3652 4812/3020 2861/3025
f 989/3651 2861/3025 4813/3024 2915/3648
f 989/3651 2915/3648 5090/3650 3369/3653
f 989/3651 3369/3653 5089/3654 2914/3652
f 990/3655 2018/3600 4810/1248 2860/3021
f 990/3655 2860/3021 4812/3020 2914/3652
f 990/3655 2914/3652 5089/3654 3370/3656
f 990/3655 3370/3656 5051/3601 2018/3600
f 991/3657 2912/3658 4809/3012 2859/3017
f 991/3657 2859/3017 4811/2967 2913/2966
f 991/3657 2913/2966 5088/2965 3371/3659
f 991/3657 3371/3659 5087/3660 2912/3658
f 992/3661 2905/3639 4816/3014 2858/3013
f 992/3661 2858/3013 4809/3012 2912/3658
f 992/3661 2912/3658 5087/3660 3372/3662
f 992/3661 3372/3662 5080/3640 2905/3639
f 1004/3663 3079/3457 4939/3454 3132/3664
f 1004/3663 3132/3664 5110/3665 3384/3666
f 1004/3663 3384/3666 5098/3667 3120/3668
f 1004/3663 3120/3668 4940/3433 3079/3457
f 1005/3669 3078/3453 4938/3450 3131/3670
f 1005/3669 3131/3670 5109/3671 3385/3672
f 1005/3669 3385/3672 5110/3665 3132/3664
f 1005/3669 3132/3664 4939/3454 3078/3453
f 1006/3673 3077/3449 4937/3446 3130/3674
f 1006/3673 3130/3674 5108/3675 3386/3676
f 1006/3673 3386/3676 5109/3671 3131/3670
f 1006/3673 3131/3670 4938/3450 3077/3449
f 1007/3677 3076/3445 4936/3442 3129/3678
f 1007/3677 3129/3678 5107/3679 3387/3680
f 1007/3677 3387/3680 5108/3675 3130/3674
f 1007/3677 3130/3674 4937/3446 3076/3445
f 1008/3681 3075/3441 4934/1697 2246/3628
f 1008/3681 2246/3628 5070/3630 3388/3682
f 1008/3681 3388/3682 5107/3679 3129/3678
f 1008/3681 3129/3678 4936/3442 3075/3441
f 1009/3683 3074/3438 4933/3435 3127/3684
f 1009/3683 3127/3684 5105/3685 3389/3686
f 1009/3683 3389/3686 5106/3391 3128/3390
f 1009/3683 3128/3390 4935/3389 3074/3438
f 1010/3687 3073/3434 4940/3433 3120/3668
f 1010/3687 3120/3668 5098/3667 3390/3688
f 1010/3687 3390/3688 5105/3685 3127/3684
f 1010/3687 3127/3684 4933/3435 3073/3434
usemtl rubber
f 105/3689 3289/3690 4851/3691 2949/3692
f 105/3689 2949/3692 4858/3693 3957/3694
f 105/3689 3957/3694 5298/3695 3669/3696
f 105/3689 3669/3696 5291/3697 3289/3690
f 106/3698 3992/3699 4291/3700 1844/3701
f 106/3698 1844/3701 4290/3702 3956/3703
f 106/3698 3956/3703 5150/3704 3488/3705
f 106/3698 3488/3705 5151/3706 3992/3699
f 107/3707 3991/3708 4973/3709 2717/3710
f 107/3707 2717/3710 4984/3711 3284/3712
f 107/3707 3284/3712 5336/3713 3625/3714
f 107/3707 3625/3714 5325/3715 3991/3708
f 108/3716 3954/3717 4192/3718 1612/3719
f 108/3716 1612/3719 4187/3720 3290/3721
f 108/3716 3290/3721 5125/3722 3448/3723
f 108/3716 3448/3723 5130/3724 3954/3717
f 109/3725 3990/3726 4728/3727 2485/3728
f 109/3725 2485/3728 4720/3729 3989/3730
f 109/3725 3989/3730 5248/3731 3573/3732
f 109/3725 3573/3732 5256/3733 3990/3726
f 110/3734 3394/3735 5077/3736 2295/3737
f 110/3734 2295/3737 4524/3738 3988/3739
f 110/3734 3988/3739 5228/3740 3555/3741
f 110/3734 3555/3741 5429/3742 3394/3735
f 111/3743 3987/3744 4999/3745 3168/3746
f 111/3743 3168/3746 4997/3747 3986/3748
f 111/3743 3986/3748 5349/3749 3708/3750
f 111/3743 3708/3750 5351/3751 3987/3744
f 112/3752 3985/3753 4994/3754 2704/3755
f 112/3752 2704/3755 4974/3756 3984/3757
f 112/3752 3984/3757 5326/3758 3620/3759
f 112/3752 3620/3759 5346/3760 3985/3753
f 113/3761 3983/3762 4840/3763 2472/3764
f 113/3761 2472/3764 4839/3765 3982/3766
f 113/3761 3982/3766 5279/3767 3568/3768
f 113/3761 3568/3768 5280/3769 3983/3762
f 218/3770 3947/3771 5108/3772 3387/3773
f 218/3770 3387/3773 5107/3774 3981/3775
f 218/3770 3981/3775 5459/3776 3927/3777
f 218/3770 3927/3777 5460/3778 3947/3771
f 219/3779 3946/3780 4992/3781 3155/3782
f 219/3779 3155/3782 4985/3783 3310/3784
f 219/3779 3310/3784 5337/3785 3695/3786
f 219/3779 3695/3786 5344/3787 3946/3780
f 220/3788 3980/3789 4617/3790 1586/3791
f 220/3788 1586/3791 4178/3792 3945/3793
f 220/3788 3945/3793 5116/3794 3422/3795
f 220/3788 3422/3795 5233/3796 3980/3789
f 221/3797 3941/3798 4502/3799 2037/3800
f 221/3797 2037/3800 4503/3801 3979/3802
f 221/3797 3979/3802 5207/3803 3498/3804
f 221/3797 3498/3804 5206/3805 3941/3798
f 222/3806 3978/3807 4277/3808 1573/3809
f 222/3806 1573/3809 4507/3810 3977/3811
f 222/3806 3977/3811 5211/3812 3418/3813
f 222/3806 3418/3813 5137/3814 3978/3807
f 223/3815 3976/3816 5084/3817 3361/3818
f 223/3815 3361/3818 5085/3819 3975/3820
f 223/3815 3975/3820 5437/3821 3901/3822
f 223/3815 3901/3822 5436/3823 3976/3816
f 224/3824 3974/3825 5114/3826 3245/3827
f 224/3824 3245/3827 5039/3828 3973/3829
f 224/3824 3973/3829 5391/3830 3785/3831
f 224/3824 3785/3831 5466/3832 3974/3825
f 225/3833 3972/3834 4492/3835 1792/3836
f 225/3833 1792/3836 4491/3837 3971/3838
f 225/3833 3971/3838 5195/3839 3454/3840
f 225/3833 3454/3840 5196/3841 3972/3834
f 226/3842 3970/3843 5075/3844 3348/3845
f 226/3842 3348/3845 5062/3846 3969/3847
f 226/3842 3969/3847 5414/3848 3888/3849
f 226/3842 3888/3849 5427/3850 3970/3843
f 315/3851 3968/3852 5027/3853 3232/3854
f 315/3851 3232/3854 5026/3855 3937/3856
f 315/3851 3937/3856 5378/3857 3772/3858
f 315/3851 3772/3858 5379/3859 3968/3852
f 316/3860 3967/3861 4373/3862 1547/3863
f 316/3860 1547/3863 4380/3864 3935/3865
f 316/3860 3935/3865 5162/3866 3401/3867
f 316/3860 3401/3867 5155/3868 3967/3861
f 317/3869 1599/3870 5052/3871 3335/3872
f 317/3869 3335/3872 5050/3873 3966/3874
f 317/3869 3966/3874 5402/3875 3875/3876
f 317/3869 3875/3876 5404/3877 1599/3870
f 318/3878 1596/3879 5012/3880 3219/3881
f 318/3878 3219/3881 5006/3882 3965/3883
f 318/3878 3965/3883 5358/3884 3759/3885
f 318/3878 3759/3885 5364/3886 1596/3879
f 319/3887 3964/3888 4627/3889 2523/3890
f 319/3887 2523/3890 4625/3891 3963/3892
f 319/3887 3963/3892 5241/3893 3603/3894
f 319/3887 3603/3894 5243/3895 3964/3888
f 320/3896 3962/3897 5045/3898 3322/3899
f 320/3896 3322/3899 5044/3900 1598/3901
f 320/3896 1598/3901 5396/3902 3862/3903
f 320/3896 3862/3903 5397/3904 3962/3897
f 321/3905 3948/3906 4860/3907 2510/3908
f 321/3905 2510/3908 4622/3909 3961/3910
f 321/3905 3961/3910 5238/3911 3590/3912
f 321/3905 3590/3912 5300/3913 3948/3906
f 331/3914 1602/3915 4862/3916 2961/3917
f 331/3914 2961/3917 4864/3918 3286/3919
f 331/3914 3286/3919 5304/3920 3681/3921
f 331/3914 3681/3921 5302/3922 1602/3915
f 332/3923 3960/3924 4733/3925 2729/3926
f 332/3923 2729/3926 4731/3927 3959/3928
f 332/3923 3959/3928 5259/3929 3629/3930
f 332/3923 3629/3930 5261/3931 3960/3924
f 333/3932 3958/3933 4397/3934 2075/3935
f 333/3932 2075/3935 4403/3936 1831/3937
f 333/3932 1831/3937 5185/3938 3527/3939
f 333/3932 3527/3939 5179/3940 3958/3933
f 334/3941 3957/3694 4858/3693 2948/3942
f 334/3941 2948/3942 4857/3943 1832/3944
f 334/3941 1832/3944 5297/3945 3668/3946
f 334/3941 3668/3946 5298/3695 3957/3694
f 335/3947 3956/3703 4290/3702 1843/3948
f 335/3947 1843/3948 4289/3949 3955/3950
f 335/3947 3955/3950 5149/3951 3487/3952
f 335/3947 3487/3952 5150/3704 3956/3703
f 336/3953 2065/3954 4405/3955 1611/3956
f 336/3953 1611/3956 4192/3718 3954/3717
f 336/3953 3954/3717 5130/3724 3447/3957
f 336/3953 3447/3957 5187/3958 2065/3954
f 337/3959 3953/3960 5032/3961 2484/3962
f 337/3959 2484/3962 4849/3963 3952/3964
f 337/3959 3952/3964 5289/3965 3572/3966
f 337/3959 3572/3966 5384/3967 3953/3960
f 338/3968 1835/3969 4523/3970 2294/3971
f 338/3968 2294/3971 4517/3972 3951/3973
f 338/3968 3951/3973 5221/3974 3554/3975
f 338/3968 3554/3975 5227/3976 1835/3969
f 339/3977 3293/3978 4998/3979 3167/3980
f 339/3977 3167/3980 4996/3981 1836/3982
f 339/3977 1836/3982 5348/3983 3707/3984
f 339/3977 3707/3984 5350/3985 3293/3978
f 428/3986 1840/3987 4286/3988 1830/3989
f 428/3986 1830/3989 4281/3990 3950/3991
f 428/3986 3950/3991 5141/3992 3474/3993
f 428/3986 3474/3993 5146/3994 1840/3987
f 429/3995 2060/3996 4961/3997 2703/3998
f 429/3995 2703/3998 4962/3999 3175/4000
f 429/3995 3175/4000 5314/4001 3619/4002
f 429/3995 3619/4002 5313/4003 2060/3996
f 430/4004 3949/4005 4850/4006 2471/4007
f 430/4004 2471/4007 4860/4008 3948/4009
f 430/4004 3948/4009 5300/4010 3567/4011
f 430/4004 3567/4011 5290/4012 3949/4005
f 431/4013 2062/4014 5109/4015 3386/4016
f 431/4013 3386/4016 5108/3772 3947/3771
f 431/4013 3947/3771 5460/3778 3926/4017
f 431/4013 3926/4017 5461/4018 2062/4014
f 432/4019 2063/4020 4991/4021 3154/4022
f 432/4019 3154/4022 4992/3781 3946/3780
f 432/4019 3946/3780 5344/3787 3694/4023
f 432/4019 3694/4023 5343/4024 2063/4020
f 433/4025 3945/3793 4178/3792 1585/4026
f 433/4025 1585/4026 4177/4027 3944/4028
f 433/4025 3944/4028 5115/4029 3421/4030
f 433/4025 3421/4030 5116/3794 3945/3793
f 434/4031 3943/4032 5094/4033 3373/4034
f 434/4031 3373/4034 5079/4035 3942/4036
f 434/4031 3942/4036 5431/4037 3913/4038
f 434/4031 3913/4038 5446/4039 3943/4032
f 444/4040 2068/4041 4501/4042 2036/4043
f 444/4040 2036/4043 4502/3799 3941/3798
f 444/4040 3941/3798 5206/3805 3497/4044
f 444/4040 3497/4044 5205/4045 2068/4041
f 445/4046 3940/4047 4278/4048 1572/4049
f 445/4046 1572/4049 4276/4050 2279/4051
f 445/4046 2279/4051 5136/4052 3417/4053
f 445/4046 3417/4053 5138/4054 3940/4047
f 446/4055 2280/4056 5083/4057 3360/4058
f 446/4055 3360/4058 5095/4059 3939/4060
f 446/4055 3939/4060 5447/4061 3900/4062
f 446/4055 3900/4062 5435/4063 2280/4056
f 447/4064 2281/4065 5038/4066 3244/4067
f 447/4064 3244/4067 5040/4068 3938/4069
f 447/4064 3938/4069 5392/4070 3784/4071
f 447/4064 3784/4071 5390/4072 2281/4065
f 448/4073 2282/4074 4493/4075 1791/4076
f 448/4073 1791/4076 4967/4077 3300/4078
f 448/4073 3300/4078 5319/4079 3453/4080
f 448/4073 3453/4080 5197/4081 2282/4074
f 449/4082 3320/4083 5061/4084 3347/4085
f 449/4082 3347/4085 5066/4086 3272/4087
f 449/4082 3272/4087 5418/4088 3887/4089
f 449/4082 3887/4089 5413/4090 3320/4083
f 450/4091 3937/3856 5026/3855 3231/4092
f 450/4091 3231/4092 5025/4093 3936/4094
f 450/4091 3936/4094 5377/4095 3771/4096
f 450/4091 3771/4096 5378/3857 3937/3856
f 451/4097 3935/3865 4380/3864 1546/4098
f 451/4097 1546/4098 4381/4099 1594/4100
f 451/4097 1594/4100 5163/4101 3400/4102
f 451/4097 3400/4102 5162/3866 3935/3865
f 452/4103 2286/4104 5053/4105 3334/4106
f 452/4103 3334/4106 5051/4107 3192/4108
f 452/4103 3192/4108 5403/4109 3874/4110
f 452/4103 3874/4110 5405/4111 2286/4104
f 557/4112 1595/4113 5014/4114 3218/4115
f 557/4112 3218/4115 5012/3880 1596/3879
f 557/4112 1596/3879 5364/3886 3758/4116
f 557/4112 3758/4116 5366/4117 1595/4113
f 558/4118 1597/4119 4626/4120 2522/4121
f 558/4118 2522/4121 4624/4122 2513/4123
f 558/4118 2513/4123 5240/4124 3602/4125
f 558/4118 3602/4125 5242/4126 1597/4119
f 559/4127 1598/3901 5044/3900 3321/4128
f 559/4127 3321/4128 5052/3871 1599/3870
f 559/4127 1599/3870 5404/3877 3861/4129
f 559/4127 3861/4129 5396/3902 1598/3901
f 560/4130 2515/4131 4621/4132 2509/4133
f 560/4130 2509/4133 4614/4134 1600/4135
f 560/4130 1600/4135 5230/4136 3589/4137
f 560/4130 3589/4137 5237/4138 2515/4131
f 561/4139 1601/4140 4861/4141 2960/4142
f 561/4139 2960/4142 4862/3916 1602/3915
f 561/4139 1602/3915 5302/3922 3680/4143
f 561/4139 3680/4143 5301/4144 1601/4140
f 562/4145 1603/4146 4732/4147 2728/4148
f 562/4145 2728/4148 4730/4149 2516/4150
f 562/4145 2516/4150 5258/4151 3628/4152
f 562/4145 3628/4152 5260/4153 1603/4146
f 563/4154 1831/3937 4403/3936 2074/4155
f 563/4154 2074/4155 4402/4156 2518/4157
f 563/4154 2518/4157 5184/4158 3526/4159
f 563/4154 3526/4159 5185/3938 1831/3937
f 564/4160 1832/3944 4857/3943 2947/4161
f 564/4160 2947/4161 4856/4162 2519/4163
f 564/4160 2519/4163 5296/4164 3667/4165
f 564/4160 3667/4165 5297/3945 1832/3944
f 565/4166 1833/4167 4741/4168 1842/4169
f 565/4166 1842/4169 4288/4170 2520/4171
f 565/4166 2520/4171 5148/4172 3486/4173
f 565/4166 3486/4173 5269/4174 1833/4167
f 670/4175 2737/4176 4191/4177 1610/4178
f 670/4175 1610/4178 4185/4179 1834/4180
f 670/4175 1834/4180 5123/4181 3446/4182
f 670/4175 3446/4182 5129/4183 2737/4176
f 671/4184 2738/4185 4522/4186 2293/4187
f 671/4184 2293/4187 4523/3970 1835/3969
f 671/4184 1835/3969 5227/3976 3553/4188
f 671/4184 3553/4188 5226/4189 2738/4185
f 672/4190 1836/3982 4996/3981 3166/4191
f 672/4190 3166/4191 4995/4192 1837/4193
f 672/4190 1837/4193 5347/4194 3706/4195
f 672/4190 3706/4195 5348/3983 1836/3982
f 673/4196 1838/4197 4976/4198 2934/4199
f 673/4196 2934/4199 4982/4200 2739/4201
f 673/4196 2739/4201 5334/4202 3662/4203
f 673/4196 3662/4203 5328/4204 1838/4197
f 674/4205 1839/4206 4516/4207 1829/4208
f 674/4205 1829/4208 4286/3988 1840/3987
f 674/4205 1840/3987 5146/3994 3473/4209
f 674/4205 3473/4209 5220/4210 1839/4206
f 675/4211 2741/4212 4960/4213 2702/4214
f 675/4211 2702/4214 4961/3997 2060/3996
f 675/4211 2060/3996 5313/4003 3618/4215
f 675/4211 3618/4215 5312/4216 2741/4212
f 676/4217 2061/4218 4838/4219 2470/4220
f 676/4217 2470/4220 4837/4221 2742/4222
f 676/4217 2742/4222 5277/4223 3566/4224
f 676/4217 3566/4224 5278/4225 2061/4218
f 677/4226 2744/4227 5110/4228 3385/4229
f 677/4226 3385/4229 5109/4015 2062/4014
f 677/4226 2062/4014 5461/4018 3925/4230
f 677/4226 3925/4230 5462/4231 2744/4227
f 678/4232 2952/4233 4990/4234 3153/4235
f 678/4232 3153/4235 4991/4021 2063/4020
f 678/4232 2063/4020 5343/4024 3693/4236
f 678/4232 3693/4236 5342/4237 2952/4233
f 767/4238 2064/4239 4376/4240 1584/4241
f 767/4238 1584/4241 4405/4242 2065/4243
f 767/4238 2065/4243 5187/4244 3420/4245
f 767/4238 3420/4245 5158/4246 2064/4239
f 768/4247 2066/4248 5080/4249 3372/4250
f 768/4247 3372/4250 5087/4251 2953/4252
f 768/4247 2953/4252 5439/4253 3912/4254
f 768/4247 3912/4254 5432/4255 2066/4248
f 769/4256 2067/4257 4500/4258 2035/4259
f 769/4256 2035/4259 4501/4042 2068/4041
f 769/4256 2068/4041 5205/4045 3496/4260
f 769/4256 3496/4260 5204/4261 2067/4257
f 770/4262 2279/4051 4276/4050 1571/4263
f 770/4262 1571/4263 4275/4264 2955/4265
f 770/4262 2955/4265 5135/4266 3416/4267
f 770/4262 3416/4267 5136/4052 2279/4051
f 771/4268 2956/4269 5082/4270 3359/4271
f 771/4268 3359/4271 5083/4057 2280/4056
f 771/4268 2280/4056 5435/4063 3899/4272
f 771/4268 3899/4272 5434/4273 2956/4269
f 772/4274 2957/4275 5037/4276 3243/4277
f 772/4274 3243/4277 5038/4066 2281/4065
f 772/4274 2281/4065 5390/4072 3783/4278
f 772/4274 3783/4278 5389/4279 2957/4275
f 773/4280 2958/4281 4494/4282 1790/4283
f 773/4280 1790/4283 4493/4075 2282/4074
f 773/4280 2282/4074 5197/4081 3452/4284
f 773/4280 3452/4284 5198/4285 2958/4281
f 783/4286 2959/4287 5060/4288 3346/4289
f 783/4286 3346/4289 5057/4290 2283/4291
f 783/4286 2283/4291 5409/4292 3886/4293
f 783/4286 3886/4293 5412/4294 2959/4287
f 784/4295 2284/4296 5007/4297 3230/4298
f 784/4295 3230/4298 5024/4299 3158/4300
f 784/4295 3158/4300 5376/4301 3770/4302
f 784/4295 3770/4302 5359/4303 2284/4296
f 785/4304 2285/4305 4843/4306 1545/4307
f 785/4304 1545/4307 4382/4308 3160/4309
f 785/4304 3160/4309 5164/4310 3399/4311
f 785/4304 3399/4311 5283/4312 2285/4305
f 786/4313 3161/4314 5054/4315 3333/4316
f 786/4313 3333/4316 5053/4105 2286/4104
f 786/4313 2286/4104 5405/4111 3873/4317
f 786/4313 3873/4317 5406/4318 3161/4314
f 787/4319 3162/4320 5011/4321 3217/4322
f 787/4319 3217/4322 5013/4323 2287/4324
f 787/4319 2287/4324 5365/4325 3757/4326
f 787/4319 3757/4326 5363/4327 3162/4320
f 788/4328 3163/4329 4746/4330 2753/4331
f 788/4328 2753/4331 4740/4332 2512/4333
f 788/4328 2512/4333 5268/4334 3653/4335
f 788/4328 3653/4335 5274/4336 3163/4329
f 789/4337 2513/4123 4624/4122 2521/4338
f 789/4337 2521/4338 4623/4339 2514/4340
f 789/4337 2514/4340 5239/4341 3601/4342
f 789/4337 3601/4342 5240/4124 2513/4123
f 790/4343 3165/4344 4620/4345 2508/4346
f 790/4343 2508/4346 4621/4132 2515/4131
f 790/4343 2515/4131 5237/4138 3588/4347
f 790/4343 3588/4347 5236/4348 3165/4344
f 791/4349 2516/4150 4730/4149 2727/4350
f 791/4349 2727/4350 4729/4351 2517/4352
f 791/4349 2517/4352 5257/4353 3627/4354
f 791/4349 3627/4354 5258/4151 2516/4150
f 880/4355 2518/4157 4402/4156 2073/4356
f 880/4355 2073/4356 4401/4357 3177/4358
f 880/4355 3177/4358 5183/4359 3525/4360
f 880/4355 3525/4360 5184/4158 2518/4157
f 881/4361 2519/4163 4856/4162 2946/4362
f 881/4361 2946/4362 4855/4363 3178/4364
f 881/4361 3178/4364 5295/4365 3666/4366
f 881/4361 3666/4366 5296/4164 2519/4163
f 882/4367 2520/4171 4288/4170 1841/4368
f 882/4367 1841/4368 4287/4369 2736/4370
f 882/4367 2736/4370 5147/4371 3485/4372
f 882/4367 3485/4372 5148/4172 2520/4171
f 883/4373 3180/4374 4190/4375 1609/4376
f 883/4373 1609/4376 4191/4177 2737/4176
f 883/4373 2737/4176 5129/4183 3445/4377
f 883/4373 3445/4377 5128/4378 3180/4374
f 884/4379 3181/4380 4521/4381 2292/4382
f 884/4379 2292/4382 4522/4186 2738/4185
f 884/4379 2738/4185 5226/4189 3552/4383
f 884/4379 3552/4383 5225/4384 3181/4380
f 885/4385 2739/4201 4982/4200 2933/4386
f 885/4385 2933/4386 5093/4387 3259/4388
f 885/4385 3259/4388 5445/4389 3661/4390
f 885/4385 3661/4390 5334/4202 2739/4201
f 886/4391 3184/4392 4285/4393 1828/4394
f 886/4391 1828/4394 4279/4395 2740/4396
f 886/4391 2740/4396 5139/4397 3472/4398
f 886/4391 3472/4398 5145/4399 3184/4392
f 896/4400 3257/4401 4968/4402 2701/4403
f 896/4400 2701/4403 4960/4213 2741/4212
f 896/4400 2741/4212 5312/4216 3617/4404
f 896/4400 3617/4404 5320/4405 3257/4401
f 897/4406 2742/4222 4837/4221 2469/4407
f 897/4406 2469/4407 4836/4408 3186/4409
f 897/4406 3186/4409 5276/4410 3565/4411
f 897/4406 3565/4411 5277/4223 2742/4222
f 898/4412 2743/4413 5098/4414 3384/4415
f 898/4412 3384/4415 5110/4228 2744/4227
f 898/4412 2744/4227 5462/4231 3924/4416
f 898/4412 3924/4416 5450/4417 2743/4413
f 899/4418 3191/4419 4989/4420 3152/4421
f 899/4418 3152/4421 4990/4234 2952/4233
f 899/4418 2952/4233 5342/4237 3692/4422
f 899/4418 3692/4422 5341/4423 3191/4419
f 900/4424 2953/4252 5087/4251 3371/4425
f 900/4424 3371/4425 5088/4426 3198/4427
f 900/4424 3198/4427 5440/4428 3911/4429
f 900/4424 3911/4429 5439/4253 2953/4252
f 901/4430 3194/4431 4499/4432 2034/4433
f 901/4430 2034/4433 4977/4434 2954/4435
f 901/4430 2954/4435 5329/4436 3495/4437
f 901/4430 3495/4437 5203/4438 3194/4431
f 902/4439 2955/4265 4275/4264 1570/4440
f 902/4439 1570/4440 4274/4441 3197/4442
f 902/4439 3197/4442 5134/4443 3415/4444
f 902/4439 3415/4444 5135/4266 2955/4265
f 903/4445 3199/4446 5081/4447 3358/4448
f 903/4445 3358/4448 5082/4270 2956/4269
f 903/4445 2956/4269 5434/4273 3898/4449
f 903/4445 3898/4449 5433/4450 3199/4446
f 904/4451 3200/4452 5036/4453 3242/4454
f 904/4451 3242/4454 5037/4276 2957/4275
f 904/4451 2957/4275 5389/4279 3782/4455
f 904/4451 3782/4455 5388/4456 3200/4452
f 905/4457 3201/4458 4495/4459 1789/4460
f 905/4457 1789/4460 4494/4282 2958/4281
f 905/4457 2958/4281 5198/4285 3451/4461
f 905/4457 3451/4461 5199/4462 3201/4458
f 906/4463 3202/4464 5068/4465 3345/4466
f 906/4463 3345/4466 5060/4288 2959/4287
f 906/4463 2959/4287 5412/4294 3885/4467
f 906/4463 3885/4467 5420/4468 3202/4464
f 907/4469 3158/4300 5024/4299 3229/4470
f 907/4469 3229/4470 5031/4471 3159/4472
f 907/4469 3159/4472 5383/4473 3769/4474
f 907/4469 3769/4474 5376/4301 3158/4300
f 908/4475 3160/4309 4382/4308 1544/4476
f 908/4475 1544/4476 4383/4477 3205/4478
f 908/4475 3205/4478 5165/4479 3398/4480
f 908/4475 3398/4480 5164/4310 3160/4309
f 909/4481 3206/4482 5055/4483 3332/4484
f 909/4481 3332/4484 5054/4315 3161/4314
f 909/4481 3161/4314 5406/4318 3872/4485
f 909/4481 3872/4485 5407/4486 3206/4482
f 910/4487 3207/4488 5010/4489 3216/4490
f 910/4487 3216/4490 5011/4321 3162/4320
f 910/4487 3162/4320 5363/4327 3756/4491
f 910/4487 3756/4491 5362/4492 3207/4488
f 911/4493 3176/4494 5004/4495 2752/4496
f 911/4493 2752/4496 4746/4330 3163/4329
f 911/4493 3163/4329 5274/4336 3652/4497
f 911/4493 3652/4497 5356/4498 3176/4494
f 912/4499 3204/4500 5022/4501 3319/4502
f 912/4499 3319/4502 5113/4503 3164/4504
f 912/4499 3164/4504 5465/4505 3859/4506
f 912/4499 3859/4506 5374/4507 3204/4500
f 913/4508 3209/4509 4619/4510 2507/4511
f 913/4508 2507/4511 4620/4345 3165/4344
f 913/4508 3165/4344 5236/4348 3587/4512
f 913/4508 3587/4512 5235/4513 3209/4509
f 914/4514 3175/4000 4962/3999 2726/4515
f 914/4514 2726/4515 5004/4516 3176/4517
f 914/4514 3176/4517 5356/4518 3626/4519
f 914/4514 3626/4519 5314/4001 3175/4000
f 915/4520 3177/4358 4401/4357 2072/4521
f 915/4520 2072/4521 4400/4522 3227/4523
f 915/4520 3227/4523 5182/4524 3524/4525
f 915/4520 3524/4525 5183/4359 3177/4358
f 916/4526 3178/4364 4855/4363 2945/4527
f 916/4526 2945/4527 4853/4528 3179/4529
f 916/4526 3179/4529 5293/4530 3665/4531
f 916/4526 3665/4531 5295/4365 3178/4364
f 917/4532 3249/4533 4189/4534 1608/4535
f 917/4532 1608/4535 4190/4375 3180/4374
f 917/4532 3180/4374 5128/4378 3444/4536
f 917/4532 3444/4536 5127/4537 3249/4533
f 918/4538 3251/4539 4520/4540 2291/4541
f 918/4538 2291/4541 4521/4381 3181/4380
f 918/4538 3181/4380 5225/4384 3551/4542
f 918/4538 3551/4542 5224/4543 3251/4539
f 919/4544 3253/4545 4395/4546 2059/4547
f 919/4544 2059/4547 4390/4548 3182/4549
f 919/4544 3182/4549 5172/4550 3511/4551
f 919/4544 3511/4551 5177/4552 3253/4545
f 920/4553 3183/4554 4983/4555 2932/4556
f 920/4553 2932/4556 4981/4557 3254/4558
f 920/4553 3254/4558 5333/4559 3660/4560
f 920/4553 3660/4560 5335/4561 3183/4554
f 921/4562 3255/4563 4284/4564 1827/4565
f 921/4562 1827/4565 4285/4393 3184/4392
f 921/4562 3184/4392 5145/4399 3471/4566
f 921/4562 3471/4566 5144/4567 3255/4563
f 922/4568 3185/4569 4959/4570 2700/4571
f 922/4568 2700/4571 4966/4572 3256/4573
f 922/4568 3256/4573 5318/4574 3616/4575
f 922/4568 3616/4575 5311/4576 3185/4569
f 923/4577 3186/4409 4836/4408 2468/4578
f 923/4577 2468/4578 4844/4579 3304/4580
f 923/4577 3304/4580 5284/4581 3564/4582
f 923/4577 3564/4582 5276/4410 3186/4409
f 924/4583 3187/4584 5102/4585 3383/4586
f 924/4583 3383/4586 5097/4587 3188/4588
f 924/4583 3188/4588 5449/4589 3923/4590
f 924/4583 3923/4590 5454/4591 3187/4584
f 925/4592 3189/4593 4510/4594 2278/4595
f 925/4592 2278/4595 4515/4596 3260/4597
f 925/4592 3260/4597 5219/4598 3538/4599
f 925/4592 3538/4599 5214/4600 3189/4593
f 926/4601 3190/4602 4987/4603 3151/4604
f 926/4601 3151/4604 4989/4420 3191/4419
f 926/4601 3191/4419 5341/4423 3691/4605
f 926/4601 3691/4605 5339/4606 3190/4602
f 927/4607 3192/4108 5051/4107 3370/4608
f 927/4607 3370/4608 5089/4609 3262/4610
f 927/4607 3262/4610 5441/4611 3910/4612
f 927/4607 3910/4612 5403/4109 3192/4108
f 928/4613 3193/4614 4506/4615 2033/4616
f 928/4613 2033/4616 4499/4432 3194/4431
f 928/4613 3194/4431 5203/4438 3494/4617
f 928/4613 3494/4617 5210/4618 3193/4614
f 929/4619 3195/4620 4488/4621 1801/4622
f 929/4619 1801/4622 4498/4623 3196/4624
f 929/4619 3196/4624 5202/4625 3463/4626
f 929/4619 3463/4626 5192/4627 3195/4620
f 930/4628 3197/4442 4274/4441 1569/4629
f 930/4628 1569/4629 4273/4630 3264/4631
f 930/4628 3264/4631 5133/4632 3414/4633
f 930/4628 3414/4633 5134/4443 3197/4442
f 931/4634 3198/4427 5088/4426 3357/4635
f 931/4634 3357/4635 5081/4447 3199/4446
f 931/4634 3199/4446 5433/4450 3897/4636
f 931/4634 3897/4636 5440/4428 3198/4427
f 932/4637 3267/4638 5035/4639 3241/4640
f 932/4637 3241/4640 5036/4453 3200/4452
f 932/4637 3200/4452 5388/4456 3781/4641
f 932/4637 3781/4641 5387/4642 3267/4638
f 933/4643 3269/4644 4496/4645 1788/4646
f 933/4643 1788/4646 4495/4459 3201/4458
f 933/4643 3201/4458 5199/4462 3450/4647
f 933/4643 3450/4647 5200/4648 3269/4644
f 934/4649 3273/4650 5067/4651 3344/4652
f 934/4649 3344/4652 5068/4465 3202/4464
f 934/4649 3202/4464 5420/4468 3884/4653
f 934/4649 3884/4653 5419/4654 3273/4650
f 935/4655 3203/4656 5016/4657 3228/4658
f 935/4655 3228/4658 5022/4501 3204/4500
f 935/4655 3204/4500 5374/4507 3768/4659
f 935/4655 3768/4659 5368/4660 3203/4656
f 936/4661 3205/4478 4383/4477 1543/4662
f 936/4661 1543/4662 4384/4663 3274/4664
f 936/4661 3274/4664 5166/4665 3397/4666
f 936/4661 3397/4666 5165/4479 3205/4478
f 937/4667 3277/4668 5056/4669 3331/4670
f 937/4667 3331/4670 5055/4483 3206/4482
f 937/4667 3206/4482 5407/4486 3871/4671
f 937/4667 3871/4671 5408/4672 3277/4668
f 938/4673 3279/4674 5009/4675 3215/4676
f 938/4673 3215/4676 5010/4489 3207/4488
f 938/4673 3207/4488 5362/4492 3755/4677
f 938/4673 3755/4677 5361/4678 3279/4674
f 939/4679 3281/4680 4745/4681 2751/4682
f 939/4679 2751/4682 4738/4683 3208/4684
f 939/4679 3208/4684 5266/4685 3651/4686
f 939/4679 3651/4686 5273/4687 3281/4680
f 940/4688 3283/4689 4618/4690 2506/4691
f 940/4688 2506/4691 4619/4510 3209/4509
f 940/4688 3209/4509 5235/4513 3586/4692
f 940/4688 3586/4692 5234/4693 3283/4689
f 941/4694 3285/4695 4727/4696 2493/4697
f 941/4694 2493/4697 4721/4698 3210/4699
f 941/4694 3210/4699 5249/4700 3581/4701
f 941/4694 3581/4701 5255/4702 3285/4695
f 942/4703 3227/4523 4400/4522 2071/4704
f 942/4703 2071/4704 4399/4705 3247/4706
f 942/4703 3247/4706 5181/4707 3523/4708
f 942/4703 3523/4708 5182/4524 3227/4523
f 943/4709 3248/4710 4854/4711 2944/4712
f 943/4709 2944/4712 4852/4713 3288/4714
f 943/4709 3288/4714 5292/4715 3664/4716
f 943/4709 3664/4716 5294/4717 3248/4710
f 944/4718 3291/4719 4188/4720 1607/4721
f 944/4718 1607/4721 4189/4534 3249/4533
f 944/4718 3249/4533 5127/4537 3443/4722
f 944/4718 3443/4722 5126/4723 3291/4719
f 945/4724 3250/4725 4519/4726 2290/4727
f 945/4724 2290/4727 4520/4540 3251/4539
f 945/4724 3251/4539 5224/4543 3550/4728
f 945/4724 3550/4728 5223/4729 3250/4725
f 946/4730 3252/4731 5058/4732 2058/4733
f 946/4730 2058/4733 4395/4546 3253/4545
f 946/4730 3253/4545 5177/4552 3510/4734
f 946/4730 3510/4734 5410/4735 3252/4731
f 947/4736 3254/4558 4981/4557 2931/4737
f 947/4736 2931/4737 4980/4738 3296/4739
f 947/4736 3296/4739 5332/4740 3659/4741
f 947/4736 3659/4741 5333/4559 3254/4558
f 948/4742 3299/4743 4283/4744 1826/4745
f 948/4742 1826/4745 4284/4564 3255/4563
f 948/4742 3255/4563 5144/4567 3470/4746
f 948/4742 3470/4746 5143/4747 3299/4743
f 949/4748 3256/4573 4966/4572 2699/4749
f 949/4748 2699/4749 4968/4402 3257/4401
f 949/4748 3257/4401 5320/4405 3615/4750
f 949/4748 3615/4750 5318/4574 3256/4573
f 957/4751 3305/4752 4842/4753 2467/4754
f 957/4751 2467/4754 4835/4755 3258/4756
f 957/4751 3258/4756 5275/4757 3563/4758
f 957/4751 3563/4758 5282/4759 3305/4752
f 958/4760 3259/4761 5093/4762 3382/4763
f 958/4760 3382/4763 5096/4764 3306/4765
f 958/4760 3306/4765 5448/4766 3922/4767
f 958/4760 3922/4767 5445/4768 3259/4761
f 959/4769 3260/4597 4515/4596 2277/4770
f 959/4769 2277/4770 5076/4771 3318/4772
f 959/4769 3318/4772 5428/4773 3537/4774
f 959/4769 3537/4774 5219/4598 3260/4597
f 960/4775 3311/4776 4986/4777 3150/4778
f 960/4775 3150/4778 4988/4779 3261/4780
f 960/4775 3261/4780 5340/4781 3690/4782
f 960/4775 3690/4782 5338/4783 3311/4776
f 961/4784 3262/4610 5089/4609 3369/4785
f 961/4784 3369/4785 5090/4786 3312/4787
f 961/4784 3312/4787 5442/4788 3909/4789
f 961/4784 3909/4789 5441/4611 3262/4610
f 962/4790 3263/4791 4497/4792 1800/4793
f 962/4790 1800/4793 4490/4794 3314/4795
f 962/4790 3314/4795 5194/4796 3462/4797
f 962/4790 3462/4797 5201/4798 3263/4791
f 963/4799 3264/4631 4273/4630 1568/4800
f 963/4799 1568/4800 4272/4801 3265/4802
f 963/4799 3265/4802 5132/4803 3413/4804
f 963/4799 3413/4804 5133/4632 3264/4631
f 964/4805 3266/4806 5034/4807 3240/4808
f 964/4805 3240/4808 5035/4639 3267/4638
f 964/4805 3267/4638 5387/4642 3780/4809
f 964/4805 3780/4809 5386/4810 3266/4806
f 965/4811 3268/4812 4484/4813 1787/4814
f 965/4811 1787/4814 4496/4645 3269/4644
f 965/4811 3269/4644 5200/4648 3449/4815
f 965/4811 3449/4815 5188/4816 3268/4812
f 966/4817 3270/4818 4387/4819 1555/4820
f 966/4817 1555/4820 4377/4821 3271/4822
f 966/4817 3271/4822 5159/4823 3409/4824
f 966/4817 3409/4824 5169/4825 3270/4818
f 967/4826 3272/4087 5066/4086 3343/4827
f 967/4826 3343/4827 5067/4651 3273/4650
f 967/4826 3273/4650 5419/4654 3883/4828
f 967/4826 3883/4828 5418/4088 3272/4087
f 975/4829 3274/4664 4384/4663 1542/4830
f 975/4829 1542/4830 4385/4831 3275/4832
f 975/4829 3275/4832 5167/4833 3396/4834
f 975/4829 3396/4834 5166/4665 3274/4664
f 976/4835 3276/4836 5043/4837 3330/4838
f 976/4835 3330/4838 5056/4669 3277/4668
f 976/4835 3277/4668 5408/4672 3870/4839
f 976/4835 3870/4839 5395/4840 3276/4836
f 977/4841 3278/4842 5008/4843 3214/4844
f 977/4841 3214/4844 5009/4675 3279/4674
f 977/4841 3279/4674 5361/4678 3754/4845
f 977/4841 3754/4845 5360/4846 3278/4842
f 978/4847 3280/4848 4744/4849 2750/4850
f 978/4847 2750/4850 4745/4681 3281/4680
f 978/4847 3281/4680 5273/4687 3650/4851
f 978/4847 3650/4851 5272/4852 3280/4848
f 979/4853 3282/4854 4616/4855 2505/4856
f 979/4853 2505/4856 4618/4690 3283/4689
f 979/4853 3283/4689 5234/4693 3585/4857
f 979/4853 3585/4857 5232/4858 3282/4854
f 980/4859 3284/4860 4984/4861 2492/4862
f 980/4859 2492/4862 4727/4696 3285/4695
f 980/4859 3285/4695 5255/4702 3580/4863
f 980/4859 3580/4863 5336/4864 3284/4860
f 981/4865 3286/3919 4864/3918 2070/4866
f 981/4865 2070/4866 4398/4867 3287/4868
f 981/4865 3287/4868 5180/4869 3522/4870
f 981/4865 3522/4870 5304/3920 3286/3919
f 982/4871 3288/4714 4852/4713 2943/4872
f 982/4871 2943/4872 4851/3691 3289/3690
f 982/4871 3289/3690 5291/3697 3663/4873
f 982/4871 3663/4873 5292/4715 3288/4714
f 983/4874 3290/3721 4187/3720 1606/4875
f 983/4874 1606/4875 4188/4720 3291/4719
f 983/4874 3291/4719 5126/4723 3442/4876
f 983/4874 3442/4876 5125/3722 3290/3721
f 984/4877 3292/4878 4518/4879 2289/4880
f 984/4877 2289/4880 4998/3979 3293/3978
f 984/4877 3293/3978 5350/3985 3549/4881
f 984/4877 3549/4881 5222/4882 3292/4878
f 985/4883 3294/4884 4394/4885 2057/4886
f 985/4883 2057/4886 4388/4887 3295/4888
f 985/4883 3295/4888 5170/4889 3509/4890
f 985/4883 3509/4890 5176/4891 3294/4884
f 993/4892 3296/4739 4980/4738 2930/4893
f 993/4892 2930/4893 4979/4894 3297/4895
f 993/4892 3297/4895 5331/4896 3658/4897
f 993/4892 3658/4897 5332/4740 3296/4739
f 994/4898 3298/4899 4282/4900 1825/4901
f 994/4898 1825/4901 4283/4744 3299/4743
f 994/4898 3299/4743 5143/4747 3469/4902
f 994/4898 3469/4902 5142/4903 3298/4899
f 995/4904 3300/4078 4967/4077 2698/4905
f 995/4904 2698/4905 4969/4906 3301/4907
f 995/4904 3301/4907 5321/4908 3614/4909
f 995/4904 3614/4909 5319/4079 3300/4078
f 996/4910 3302/4911 4179/4912 1593/4913
f 996/4910 1593/4913 4184/4914 3303/4915
f 996/4910 3303/4915 5122/4916 3429/4917
f 996/4910 3429/4917 5117/4918 3302/4911
f 997/4919 3304/4580 4844/4579 2466/4920
f 997/4919 2466/4920 4842/4753 3305/4752
f 997/4919 3305/4752 5282/4759 3562/4921
f 997/4919 3562/4921 5284/4581 3304/4580
f 998/4922 3306/4765 5096/4764 3381/4923
f 998/4922 3381/4923 5104/4924 3307/4925
f 998/4922 3307/4925 5456/4926 3921/4927
f 998/4922 3921/4927 5448/4766 3306/4765
f 999/4928 3308/4929 4508/4930 2276/4931
f 999/4928 2276/4931 4514/4932 3309/4933
f 999/4928 3309/4933 5218/4934 3536/4935
f 999/4928 3536/4935 5212/4936 3308/4929
f 1000/4937 3310/3784 4985/3783 3149/4938
f 1000/4937 3149/4938 4986/4777 3311/4776
f 1000/4937 3311/4776 5338/4783 3689/4939
f 1000/4937 3689/4939 5337/3785 3310/3784
f 1001/4940 3312/4787 5090/4786 3368/4941
f 1001/4940 3368/4941 5091/4942 3313/4943
f 1001/4940 3313/4943 5443/4944 3908/4945
f 1001/4940 3908/4945 5442/4788 3312/4787
f 1002/4946 3314/4795 4490/4794 1799/4947
f 1002/4946 1799/4947 4489/4948 3315/4949
f 1002/4946 3315/4949 5193/4950 3461/4951
f 1002/4946 3461/4951 5194/4796 3314/4795
f 1003/4952 3316/4953 4722/4954 1567/4955
f 1003/4952 1567/4955 4271/4956 3317/4957
f 1003/4952 3317/4957 5131/4958 3412/4959
f 1003/4952 3412/4959 5250/4960 3316/4953
f 1011/4961 3318/4962 5076/4963 3355/4964
f 1011/4961 3355/4964 5061/4084 3320/4083
f 1011/4961 3320/4083 5413/4090 3895/4965
f 1011/4961 3895/4965 5428/4966 3318/4962
f 1012/4967 3338/4968 5033/4969 3239/4970
f 1012/4967 3239/4970 5017/4971 3356/4972
f 1012/4967 3356/4972 5369/4973 3779/4974
f 1012/4967 3779/4974 5385/4975 3338/4968
f 1013/4976 3374/4977 4379/4978 1554/4979
f 1013/4976 1554/4979 4386/4980 3392/4981
f 1013/4976 3392/4981 5168/4982 3408/4983
f 1013/4976 3408/4983 5161/4984 3374/4977
f 1014/4985 3393/4986 5065/4987 3342/4988
f 1014/4985 3342/4988 5077/4989 3394/4990
f 1014/4985 3394/4990 5429/4991 3882/4992
f 1014/4985 3882/4992 5417/4993 3393/4986
f 1015/4994 3431/4995 5116/3794 3421/4030
f 1015/4994 3421/4030 5115/4029 3430/4996
f 1015/4994 3430/4996 5123/4181 3440/4997
f 1015/4994 3440/4997 5124/4998 3431/4995
f 1016/4999 3433/5000 5233/3796 3422/3795
f 1016/4999 3422/3795 5116/3794 3431/4995
f 1016/4999 3431/4995 5124/4998 3441/5001
f 1016/4999 3441/5001 5242/4126 3433/5000
f 1017/5002 3434/5003 5118/5004 3423/5005
f 1017/5002 3423/5005 5117/4918 3432/5006
f 1017/5002 3432/5006 5125/3722 3442/4876
f 1017/5002 3442/4876 5126/4723 3434/5003
f 1018/5007 3435/5008 5119/5009 3424/5010
f 1018/5007 3424/5010 5118/5004 3434/5003
f 1018/5007 3434/5003 5126/4723 3443/4722
f 1018/5007 3443/4722 5127/4537 3435/5008
f 1019/5011 3436/5012 5120/5013 3425/5014
f 1019/5011 3425/5014 5119/5009 3435/5008
f 1019/5011 3435/5008 5127/4537 3444/4536
f 1019/5011 3444/4536 5128/4378 3436/5012
f 1020/5015 3437/5016 5121/5017 3426/5018
f 1020/5015 3426/5018 5120/5013 3436/5012
f 1020/5015 3436/5012 5128/4378 3445/4377
f 1020/5015 3445/4377 5129/4183 3437/5016
f 1021/5019 3430/4996 5115/4029 3427/5020
f 1021/5019 3427/5020 5121/5017 3437/5016
f 1021/5019 3437/5016 5129/4183 3446/4182
f 1021/5019 3446/4182 5123/4181 3430/4996
f 1022/5021 3428/5022 5178/5023 3439/5024
f 1022/5021 3439/5024 5187/3958 3447/3957
f 1022/5021 3447/3957 5130/3724 3438/5025
f 1022/5021 3438/5025 5122/4916 3428/5022
f 1023/5026 3429/4917 5122/4916 3438/5025
f 1023/5026 3438/5025 5130/3724 3448/3723
f 1023/5026 3448/3723 5125/3722 3432/5006
f 1023/5026 3432/5006 5117/4918 3429/4917
f 1024/5027 3466/5028 5140/5029 3476/5030
f 1024/5027 3476/5030 5148/4172 3485/4372
f 1024/5027 3485/4372 5147/4371 3475/5031
f 1024/5027 3475/5031 5139/4397 3466/5028
f 1025/5032 3467/5033 5260/4153 3478/5034
f 1025/5032 3478/5034 5269/4174 3486/4173
f 1025/5032 3486/4173 5148/4172 3476/5030
f 1025/5032 3476/5030 5140/5029 3467/5033
f 1026/5035 3468/5036 5142/4903 3479/5037
f 1026/5035 3479/5037 5150/3704 3487/3952
f 1026/5035 3487/3952 5149/3951 3477/5038
f 1026/5035 3477/5038 5141/3992 3468/5036
f 1027/5039 3469/4902 5143/4747 3480/5040
f 1027/5039 3480/5040 5151/3706 3488/3705
f 1027/5039 3488/3705 5150/3704 3479/5037
f 1027/5039 3479/5037 5142/4903 3469/4902
f 1028/5041 3470/4746 5144/4567 3481/5042
f 1028/5041 3481/5042 5152/5043 3489/5044
f 1028/5041 3489/5044 5151/3706 3480/5040
f 1028/5041 3480/5040 5143/4747 3470/4746
f 1029/5045 3471/4566 5145/4399 3482/5046
f 1029/5045 3482/5046 5153/5047 3490/5048
f 1029/5045 3490/5048 5152/5043 3481/5042
f 1029/5045 3481/5042 5144/4567 3471/4566
f 1030/5049 3472/4398 5139/4397 3475/5031
f 1030/5049 3475/5031 5147/4371 3491/5050
f 1030/5049 3491/5050 5153/5047 3482/5046
f 1030/5049 3482/5046 5145/4399 3472/4398
f 1031/5051 3484/5052 5220/4210 3473/4209
f 1031/5051 3473/4209 5146/3994 3483/5053
f 1031/5051 3483/5053 5154/5054 3492/5055
f 1031/5051 3492/5055 5229/5056 3484/5052
f 1032/5057 3483/5053 5146/3994 3474/3993
f 1032/5057 3474/3993 5141/3992 3477/5038
f 1032/5057 3477/5038 5149/3951 3493/5058
f 1032/5057 3493/5058 5154/5054 3483/5053
f 1033/5059 3870/4839 5408/4672 3802/5060
f 1033/5059 3802/5060 5167/4833 3395/5061
f 1033/5059 3395/5061 5155/3868 3789/5062
f 1033/5059 3789/5062 5395/4840 3870/4839
f 1034/5063 3871/4671 5407/4486 3801/5064
f 1034/5063 3801/5064 5166/4665 3396/4834
f 1034/5063 3396/4834 5167/4833 3802/5060
f 1034/5063 3802/5060 5408/4672 3871/4671
f 1035/5065 3872/4485 5406/4318 3800/5066
f 1035/5065 3800/5066 5165/4479 3397/4666
f 1035/5065 3397/4666 5166/4665 3801/5064
f 1035/5065 3801/5064 5407/4486 3872/4485
f 1036/5067 3873/4317 5405/4111 3799/5068
f 1036/5067 3799/5068 5164/4310 3398/4480
f 1036/5067 3398/4480 5165/4479 3800/5066
f 1036/5067 3800/5066 5406/4318 3873/4317
f 1037/5069 3874/4110 5403/4109 3797/5070
f 1037/5069 3797/5070 5283/4312 3399/4311
f 1037/5069 3399/4311 5164/4310 3799/5068
f 1037/5069 3799/5068 5405/4111 3874/4110
f 1038/5071 3875/3876 5402/3875 3796/5072
f 1038/5071 3796/5072 5162/3866 3400/4102
f 1038/5071 3400/4102 5163/4101 3798/5073
f 1038/5071 3798/5073 5404/3877 3875/3876
f 1039/5074 3876/5075 5395/4840 3789/5062
f 1039/5074 3789/5062 5155/3868 3401/3867
f 1039/5074 3401/3867 5162/3866 3796/5072
f 1039/5074 3796/5072 5402/3875 3876/5075
f 1040/5076 3503/5077 5171/5078 3513/5079
f 1040/5076 3513/5079 5180/4869 3521/5080
f 1040/5076 3521/5080 5179/3940 3512/5081
f 1040/5076 3512/5081 5170/4889 3503/5077
f 1041/5082 3504/5083 5294/4717 3515/5084
f 1041/5082 3515/5084 5304/3920 3522/4870
f 1041/5082 3522/4870 5180/4869 3513/5079
f 1041/5082 3513/5079 5171/5078 3504/5083
f 1042/5085 3505/5086 5173/5087 3516/5088
f 1042/5085 3516/5088 5182/4524 3523/4708
f 1042/5085 3523/4708 5181/4707 3514/5089
f 1042/5085 3514/5089 5172/4550 3505/5086
f 1043/5090 3506/5091 5174/5092 3517/5093
f 1043/5090 3517/5093 5183/4359 3524/4525
f 1043/5090 3524/4525 5182/4524 3516/5088
f 1043/5090 3516/5088 5173/5087 3506/5091
f 1044/5094 3507/5095 5175/5096 3518/5097
f 1044/5094 3518/5097 5184/4158 3525/4360
f 1044/5094 3525/4360 5183/4359 3517/5093
f 1044/5094 3517/5093 5174/5092 3507/5095
f 1045/5098 3508/5099 5176/4891 3519/5100
f 1045/5098 3519/5100 5185/3938 3526/4159
f 1045/5098 3526/4159 5184/4158 3518/5097
f 1045/5098 3518/5097 5175/5096 3508/5099
f 1046/5101 3509/4890 5170/4889 3512/5081
f 1046/5101 3512/5081 5179/3940 3527/3939
f 1046/5101 3527/3939 5185/3938 3519/5100
f 1046/5101 3519/5100 5176/4891 3509/4890
f 1047/5102 3878/5103 5410/4735 3510/4734
f 1047/5102 3510/4734 5177/4552 3520/5104
f 1047/5102 3520/5104 5186/5105 3528/5106
f 1047/5102 3528/5106 5411/5107 3878/5103
f 1048/5108 3520/5104 5177/4552 3511/4551
f 1048/5108 3511/4551 5172/4550 3514/5089
f 1048/5108 3514/5089 5181/4707 3529/5109
f 1048/5108 3529/5109 5186/5105 3520/5104
f 1049/5110 3821/5111 5427/3850 3888/3849
f 1049/5110 3888/3849 5414/3848 3808/5112
f 1049/5110 3808/5112 5188/4816 3449/4815
f 1049/5110 3449/4815 5200/4648 3821/5111
f 1050/5113 3820/5114 5426/5115 3889/5116
f 1050/5113 3889/5116 5427/3850 3821/5111
f 1050/5113 3821/5111 5200/4648 3450/4647
f 1050/5113 3450/4647 5199/4462 3820/5114
f 1051/5117 3819/5118 5425/5119 3890/5120
f 1051/5117 3890/5120 5426/5115 3820/5114
f 1051/5117 3820/5114 5199/4462 3451/4461
f 1051/5117 3451/4461 5198/4285 3819/5118
f 1052/5121 3818/5122 5424/5123 3891/5124
f 1052/5121 3891/5124 5425/5119 3819/5118
f 1052/5121 3819/5118 5198/4285 3452/4284
f 1052/5121 3452/4284 5197/4081 3818/5122
f 1053/5125 3816/5126 5422/5127 3892/5128
f 1053/5125 3892/5128 5424/5123 3818/5122
f 1053/5125 3818/5122 5197/4081 3453/4080
f 1053/5125 3453/4080 5319/4079 3816/5126
f 1054/5129 3815/5130 5421/5131 3893/5132
f 1054/5129 3893/5132 5423/5133 3817/5134
f 1054/5129 3817/5134 5196/3841 3454/3840
f 1054/5129 3454/3840 5195/3839 3815/5130
f 1055/5135 3808/5112 5414/3848 3894/5136
f 1055/5135 3894/5136 5421/5131 3815/5130
f 1055/5135 3815/5130 5195/3839 3455/5137
f 1055/5135 3455/5137 5188/4816 3808/5112
f 1056/5138 3540/5139 5213/5140 3530/5141
f 1056/5138 3530/5141 5212/4936 3539/5142
f 1056/5138 3539/5142 5221/3974 3548/5143
f 1056/5138 3548/5143 5222/4882 3540/5139
f 1057/5144 3542/5145 5340/4781 3531/5146
f 1057/5144 3531/5146 5213/5140 3540/5139
f 1057/5144 3540/5139 5222/4882 3549/4881
f 1057/5144 3549/4881 5350/3985 3542/5145
f 1058/5147 3543/5148 5215/5149 3532/5150
f 1058/5147 3532/5150 5214/4600 3541/5151
f 1058/5147 3541/5151 5223/4729 3550/4728
f 1058/5147 3550/4728 5224/4543 3543/5148
f 1059/5152 3544/5153 5216/5154 3533/5155
f 1059/5152 3533/5155 5215/5149 3543/5148
f 1059/5152 3543/5148 5224/4543 3551/4542
f 1059/5152 3551/4542 5225/4384 3544/5153
f 1060/5156 3545/5157 5217/5158 3534/5159
f 1060/5156 3534/5159 5216/5154 3544/5153
f 1060/5156 3544/5153 5225/4384 3552/4383
f 1060/5156 3552/4383 5226/4189 3545/5157
f 1061/5160 3546/5161 5218/4934 3535/5162
f 1061/5160 3535/5162 5217/5158 3545/5157
f 1061/5160 3545/5157 5226/4189 3553/4188
f 1061/5160 3553/4188 5227/3976 3546/5161
f 1062/5163 3539/5142 5212/4936 3536/4935
f 1062/5163 3536/4935 5218/4934 3546/5161
f 1062/5163 3546/5161 5227/3976 3554/3975
f 1062/5163 3554/3975 5221/3974 3539/5142
f 1063/5164 3537/4774 5428/4773 3896/5165
f 1063/5164 3896/5165 5429/3742 3555/3741
f 1063/5164 3555/3741 5228/3740 3547/5166
f 1063/5164 3547/5166 5219/4598 3537/4774
f 1064/5167 3538/4599 5219/4598 3547/5166
f 1064/5167 3547/5166 5228/3740 3556/5168
f 1064/5167 3556/5168 5223/4729 3541/5151
f 1064/5167 3541/5151 5214/4600 3538/4599
f 1065/5169 3583/5170 5231/5171 3593/5172
f 1065/5169 3593/5172 5240/4124 3601/4342
f 1065/5169 3601/4342 5239/4341 3592/5173
f 1065/5169 3592/5173 5230/4136 3583/5170
f 1066/5174 3584/5175 5233/3796 3433/5000
f 1066/5174 3433/5000 5242/4126 3602/4125
f 1066/5174 3602/4125 5240/4124 3593/5172
f 1066/5174 3593/5172 5231/5171 3584/5175
f 1067/5176 3585/4857 5234/4693 3595/5177
f 1067/5176 3595/5177 5243/3895 3603/3894
f 1067/5176 3603/3894 5241/3893 3594/5178
f 1067/5176 3594/5178 5232/4858 3585/4857
f 1068/5179 3586/4692 5235/4513 3596/5180
f 1068/5179 3596/5180 5244/5181 3604/5182
f 1068/5179 3604/5182 5243/3895 3595/5177
f 1068/5179 3595/5177 5234/4693 3586/4692
f 1069/5183 3587/4512 5236/4348 3597/5184
f 1069/5183 3597/5184 5245/5185 3605/5186
f 1069/5183 3605/5186 5244/5181 3596/5180
f 1069/5183 3596/5180 5235/4513 3587/4512
f 1070/5187 3588/4347 5237/4138 3598/5188
f 1070/5187 3598/5188 5246/5189 3606/5190
f 1070/5187 3606/5190 5245/5185 3597/5184
f 1070/5187 3597/5184 5236/4348 3588/4347
f 1071/5191 3589/4137 5230/4136 3592/5173
f 1071/5191 3592/5173 5239/4341 3607/5192
f 1071/5191 3607/5192 5246/5189 3598/5188
f 1071/5191 3598/5188 5237/4138 3589/4137
f 1072/5193 3600/5194 5300/3913 3590/3912
f 1072/5193 3590/3912 5238/3911 3599/5195
f 1072/5193 3599/5195 5247/5196 3608/5197
f 1072/5193 3608/5197 5310/5198 3600/5194
f 1073/5199 3599/5195 5238/3911 3591/5200
f 1073/5199 3591/5200 5232/4858 3594/5178
f 1073/5199 3594/5178 5241/3893 3609/5201
f 1073/5199 3609/5201 5247/5196 3599/5195
f 1074/5202 3637/5203 5258/4151 3627/4354
f 1074/5202 3627/4354 5257/4353 3636/5204
f 1074/5202 3636/5204 5266/4685 3645/5205
f 1074/5202 3645/5205 5267/5206 3637/5203
f 1075/5207 3478/5034 5260/4153 3628/4152
f 1075/5207 3628/4152 5258/4151 3637/5203
f 1075/5207 3637/5203 5267/5206 3646/5208
f 1075/5207 3646/5208 5269/4174 3478/5034
f 1076/5209 3639/5210 5261/3931 3629/3930
f 1076/5209 3629/3930 5259/3929 3638/5211
f 1076/5209 3638/5211 5268/4334 3647/5212
f 1076/5209 3647/5212 5270/5213 3639/5210
f 1077/5214 3640/5215 5262/5216 3630/5217
f 1077/5214 3630/5217 5261/3931 3639/5210
f 1077/5214 3639/5210 5270/5213 3648/5218
f 1077/5214 3648/5218 5271/5219 3640/5215
f 1078/5220 3641/5221 5263/5222 3631/5223
f 1078/5220 3631/5223 5262/5216 3640/5215
f 1078/5220 3640/5215 5271/5219 3649/5224
f 1078/5220 3649/5224 5272/4852 3641/5221
f 1079/5225 3642/5226 5264/5227 3632/5228
f 1079/5225 3632/5228 5263/5222 3641/5221
f 1079/5225 3641/5221 5272/4852 3650/4851
f 1079/5225 3650/4851 5273/4687 3642/5226
f 1080/5229 3636/5204 5257/4353 3633/5230
f 1080/5229 3633/5230 5264/5227 3642/5226
f 1080/5229 3642/5226 5273/4687 3651/4686
f 1080/5229 3651/4686 5266/4685 3636/5204
f 1081/5231 3634/5232 5346/5233 3644/5234
f 1081/5231 3644/5234 5356/4498 3652/4497
f 1081/5231 3652/4497 5274/4336 3643/5235
f 1081/5231 3643/5235 5265/5236 3634/5232
f 1082/5237 3635/5238 5265/5236 3643/5235
f 1082/5237 3643/5235 5274/4336 3653/4335
f 1082/5237 3653/4335 5268/4334 3638/5211
f 1082/5237 3638/5211 5259/3929 3635/5238
f 1083/5239 3838/5240 5444/5241 3906/5242
f 1083/5239 3906/5242 5432/4255 3826/5243
f 1083/5239 3826/5243 5275/4757 3557/5244
f 1083/5239 3557/5244 5288/5245 3838/5240
f 1084/5246 3837/5247 5443/4944 3907/5248
f 1084/5246 3907/5248 5444/5241 3838/5240
f 1084/5246 3838/5240 5288/5245 3558/5249
f 1084/5246 3558/5249 5287/5250 3837/5247
f 1085/5251 3836/5252 5442/4788 3908/4945
f 1085/5251 3908/4945 5443/4944 3837/5247
f 1085/5251 3837/5247 5287/5250 3559/5253
f 1085/5251 3559/5253 5286/5254 3836/5252
f 1086/5255 3835/5256 5441/4611 3909/4789
f 1086/5255 3909/4789 5442/4788 3836/5252
f 1086/5255 3836/5252 5286/5254 3560/5257
f 1086/5255 3560/5257 5285/5258 3835/5256
f 1087/5259 3797/5070 5403/4109 3910/4612
f 1087/5259 3910/4612 5441/4611 3835/5256
f 1087/5259 3835/5256 5285/5258 3561/5260
f 1087/5259 3561/5260 5283/4312 3797/5070
f 1088/5261 3833/5262 5439/4253 3911/4429
f 1088/5261 3911/4429 5440/4428 3834/5263
f 1088/5261 3834/5263 5284/4581 3562/4921
f 1088/5261 3562/4921 5282/4759 3833/5262
f 1089/5264 3826/5243 5432/4255 3912/4254
f 1089/5264 3912/4254 5439/4253 3833/5262
f 1089/5264 3833/5262 5282/4759 3563/4758
f 1089/5264 3563/4758 5275/4757 3826/5243
f 1090/5265 3673/5266 5292/4715 3663/4873
f 1090/5265 3663/4873 5291/3697 3672/5267
f 1090/5265 3672/5267 5301/4144 3680/4143
f 1090/5265 3680/4143 5302/3922 3673/5266
f 1091/5268 3515/5084 5294/4717 3664/4716
f 1091/5268 3664/4716 5292/4715 3673/5266
f 1091/5268 3673/5266 5302/3922 3681/3921
f 1091/5268 3681/3921 5304/3920 3515/5084
f 1092/5269 3675/5270 5295/4365 3665/4531
f 1092/5269 3665/4531 5293/4530 3674/5271
f 1092/5269 3674/5271 5303/5272 3682/5273
f 1092/5269 3682/5273 5305/5274 3675/5270
f 1093/5275 3676/5276 5296/4164 3666/4366
f 1093/5275 3666/4366 5295/4365 3675/5270
f 1093/5275 3675/5270 5305/5274 3683/5277
f 1093/5275 3683/5277 5306/5278 3676/5276
f 1094/5279 3677/5280 5297/3945 3667/4165
f 1094/5279 3667/4165 5296/4164 3676/5276
f 1094/5279 3676/5276 5306/5278 3684/5281
f 1094/5279 3684/5281 5307/5282 3677/5280
f 1095/5283 3678/5284 5298/3695 3668/3946
f 1095/5283 3668/3946 5297/3945 3677/5280
f 1095/5283 3677/5280 5307/5282 3685/5285
f 1095/5283 3685/5285 5308/5286 3678/5284
f 1096/5287 3672/5267 5291/3697 3669/3696
f 1096/5287 3669/3696 5298/3695 3678/5284
f 1096/5287 3678/5284 5308/5286 3686/5288
f 1096/5287 3686/5288 5301/4144 3672/5267
f 1097/5289 3670/5290 5446/5291 3914/5292
f 1097/5289 3914/5292 5447/5293 3687/5294
f 1097/5289 3687/5294 5309/5295 3679/5296
f 1097/5289 3679/5296 5299/5297 3670/5290
f 1098/5298 3671/5299 5299/5297 3679/5296
f 1098/5298 3679/5296 5309/5295 3688/5300
f 1098/5298 3688/5300 5303/5272 3674/5271
f 1098/5298 3674/5271 5293/4530 3671/5299
f 1099/5301 3924/4416 5462/4231 3856/5302
f 1099/5301 3856/5302 5324/5303 3610/5304
f 1099/5301 3610/5304 5311/4576 3844/5305
f 1099/5301 3844/5305 5450/4417 3924/4416
f 1100/5306 3925/4230 5461/4018 3855/5307
f 1100/5306 3855/5307 5323/5308 3611/5309
f 1100/5306 3611/5309 5324/5303 3856/5302
f 1100/5306 3856/5302 5462/4231 3925/4230
f 1101/5310 3926/4017 5460/3778 3854/5311
f 1101/5310 3854/5311 5322/5312 3612/5313
f 1101/5310 3612/5313 5323/5308 3855/5307
f 1101/5310 3855/5307 5461/4018 3926/4017
f 1102/5314 3927/3777 5459/3776 3853/5315
f 1102/5314 3853/5315 5321/4908 3613/5316
f 1102/5314 3613/5316 5322/5312 3854/5311
f 1102/5314 3854/5311 5460/3778 3927/3777
f 1103/5317 3928/5318 5422/5127 3816/5126
f 1103/5317 3816/5126 5319/4079 3614/4909
f 1103/5317 3614/4909 5321/4908 3853/5315
f 1103/5317 3853/5315 5459/3776 3928/5318
f 1104/5319 3929/5320 5457/5321 3851/5322
f 1104/5319 3851/5322 5318/4574 3615/4750
f 1104/5319 3615/4750 5320/4405 3852/5323
f 1104/5319 3852/5323 5458/5324 3929/5320
f 1105/5325 3930/5326 5450/4417 3844/5305
f 1105/5325 3844/5305 5311/4576 3616/4575
f 1105/5325 3616/4575 5318/4574 3851/5322
f 1105/5325 3851/5322 5457/5321 3930/5326
f 1106/5327 3689/4939 5338/4783 3699/5328
f 1106/5327 3699/5328 5348/3983 3706/4195
f 1106/5327 3706/4195 5347/4194 3698/5329
f 1106/5327 3698/5329 5337/3785 3689/4939
f 1107/5330 3690/4782 5340/4781 3542/5145
f 1107/5330 3542/5145 5350/3985 3707/3984
f 1107/5330 3707/3984 5348/3983 3699/5328
f 1107/5330 3699/5328 5338/4783 3690/4782
f 1108/5331 3691/4605 5341/4423 3701/5332
f 1108/5331 3701/5332 5351/3751 3708/3750
f 1108/5331 3708/3750 5349/3749 3700/5333
f 1108/5331 3700/5333 5339/4606 3691/4605
f 1109/5334 3692/4422 5342/4237 3702/5335
f 1109/5334 3702/5335 5352/5336 3709/5337
f 1109/5334 3709/5337 5351/3751 3701/5332
f 1109/5334 3701/5332 5341/4423 3692/4422
f 1110/5338 3693/4236 5343/4024 3703/5339
f 1110/5338 3703/5339 5353/5340 3710/5341
f 1110/5338 3710/5341 5352/5336 3702/5335
f 1110/5338 3702/5335 5342/4237 3693/4236
f 1111/5342 3694/4023 5344/3787 3704/5343
f 1111/5342 3704/5343 5354/5344 3711/5345
f 1111/5342 3711/5345 5353/5340 3703/5339
f 1111/5342 3703/5339 5343/4024 3694/4023
f 1112/5346 3695/3786 5337/3785 3698/5329
f 1112/5346 3698/5329 5347/4194 3712/5347
f 1112/5346 3712/5347 5354/5344 3704/5343
f 1112/5346 3704/5343 5344/3787 3695/3786
f 1113/5348 3932/5349 5463/5350 3696/5351
f 1113/5348 3696/5351 5345/5352 3705/5353
f 1113/5348 3705/5353 5355/5354 3713/5355
f 1113/5348 3713/5355 5464/5356 3932/5349
f 1114/5357 3705/5353 5345/5352 3697/5358
f 1114/5357 3697/5358 5339/4606 3700/5333
f 1114/5357 3700/5333 5349/3749 3714/5359
f 1114/5357 3714/5359 5355/5354 3705/5353
f 1115/5360 3715/5361 5131/4958 3411/5362
f 1115/5360 3411/5362 5138/4054 3723/5363
f 1115/5360 3723/5363 5365/4325 3751/5364
f 1115/5360 3751/5364 5357/5365 3715/5361
f 1116/5366 3717/5367 5250/4960 3412/4959
f 1116/5366 3412/4959 5131/4958 3715/5361
f 1116/5366 3715/5361 5357/5365 3752/5368
f 1116/5366 3752/5368 5359/4303 3717/5367
f 1117/5369 3718/5370 5133/4632 3413/4804
f 1117/5369 3413/4804 5132/4803 3716/5371
f 1117/5369 3716/5371 5358/3884 3753/5372
f 1117/5369 3753/5372 5360/4846 3718/5370
f 1118/5373 3719/5374 5134/4443 3414/4633
f 1118/5373 3414/4633 5133/4632 3718/5370
f 1118/5373 3718/5370 5360/4846 3754/4845
f 1118/5373 3754/4845 5361/4678 3719/5374
f 1119/5375 3720/5376 5135/4266 3415/4444
f 1119/5375 3415/4444 5134/4443 3719/5374
f 1119/5375 3719/5374 5361/4678 3755/4677
f 1119/5375 3755/4677 5362/4492 3720/5376
f 1120/5377 3721/5378 5136/4052 3416/4267
f 1120/5377 3416/4267 5135/4266 3720/5376
f 1120/5377 3720/5376 5362/4492 3756/4491
f 1120/5377 3756/4491 5363/4327 3721/5378
f 1121/5379 3723/5363 5138/4054 3417/4053
f 1121/5379 3417/4053 5136/4052 3721/5378
f 1121/5379 3721/5378 5363/4327 3757/4326
f 1121/5379 3757/4326 5365/4325 3723/5363
f 1122/5380 3418/3813 5211/3812 3724/5381
f 1122/5380 3724/5381 5366/4117 3758/4116
f 1122/5380 3758/4116 5364/3886 3722/5382
f 1122/5380 3722/5382 5137/3814 3418/3813
f 1123/5383 3419/5384 5137/3814 3722/5382
f 1123/5383 3722/5382 5364/3886 3759/3885
f 1123/5383 3759/3885 5358/3884 3716/5371
f 1123/5383 3716/5371 5132/4803 3419/5384
f 1124/5385 3494/4617 5203/4438 3725/5386
f 1124/5385 3725/5386 5367/5387 3760/5388
f 1124/5385 3760/5388 5375/5389 3733/5390
f 1124/5385 3733/5390 5210/4618 3494/4617
f 1125/5391 3495/4437 5329/4436 3727/5392
f 1125/5391 3727/5392 5369/4973 3761/5393
f 1125/5391 3761/5393 5367/5387 3725/5386
f 1125/5391 3725/5386 5203/4438 3495/4437
f 1126/5394 3496/4260 5205/4045 3728/5395
f 1126/5394 3728/5395 5370/5396 3762/5397
f 1126/5394 3762/5397 5368/4660 3726/5398
f 1126/5394 3726/5398 5204/4261 3496/4260
f 1127/5399 3497/4044 5206/3805 3729/5400
f 1127/5399 3729/5400 5371/5401 3763/5402
f 1127/5399 3763/5402 5370/5396 3728/5395
f 1127/5399 3728/5395 5205/4045 3497/4044
f 1128/5403 3498/3804 5207/3803 3730/5404
f 1128/5403 3730/5404 5372/5405 3764/5406
f 1128/5403 3764/5406 5371/5401 3729/5400
f 1128/5403 3729/5400 5206/3805 3498/3804
f 1129/5407 3499/5408 5208/5409 3731/5410
f 1129/5407 3731/5410 5373/5411 3765/5412
f 1129/5407 3765/5412 5372/5405 3730/5404
f 1129/5407 3730/5404 5207/3803 3499/5408
f 1130/5413 3500/5414 5210/4618 3733/5390
f 1130/5413 3733/5390 5375/5389 3766/5415
f 1130/5413 3766/5415 5373/5411 3731/5410
f 1130/5413 3731/5410 5208/5409 3500/5414
f 1131/5416 3933/5417 5409/5418 3501/5419
f 1131/5416 3501/5419 5209/5420 3732/5421
f 1131/5416 3732/5421 5374/4507 3859/4506
f 1131/5416 3859/4506 5465/4505 3933/5417
f 1132/5422 3732/5421 5209/5420 3502/5423
f 1132/5422 3502/5423 5204/4261 3726/5398
f 1132/5422 3726/5398 5368/4660 3768/4659
f 1132/5422 3768/4659 5374/4507 3732/5421
f 1133/5424 3573/3732 5248/3731 3734/5425
f 1133/5424 3734/5425 5376/4301 3769/4474
f 1133/5424 3769/4474 5383/4473 3741/5426
f 1133/5424 3741/5426 5256/3733 3573/3732
f 1134/5427 3574/5428 5250/4960 3717/5367
f 1134/5427 3717/5367 5359/4303 3770/4302
f 1134/5427 3770/4302 5376/4301 3734/5425
f 1134/5427 3734/5425 5248/3731 3574/5428
f 1135/5429 3575/5430 5251/5431 3736/5432
f 1135/5429 3736/5432 5378/3857 3771/4096
f 1135/5429 3771/4096 5377/4095 3735/5433
f 1135/5429 3735/5433 5249/4700 3575/5430
f 1136/5434 3576/5435 5252/5436 3737/5437
f 1136/5434 3737/5437 5379/3859 3772/3858
f 1136/5434 3772/3858 5378/3857 3736/5432
f 1136/5434 3736/5432 5251/5431 3576/5435
f 1137/5438 3577/5439 5253/5440 3738/5441
f 1137/5438 3738/5441 5380/5442 3773/5443
f 1137/5438 3773/5443 5379/3859 3737/5437
f 1137/5438 3737/5437 5252/5436 3577/5439
f 1138/5444 3578/5445 5254/5446 3739/5447
f 1138/5444 3739/5447 5381/5448 3774/5449
f 1138/5444 3774/5449 5380/5442 3738/5441
f 1138/5444 3738/5441 5253/5440 3578/5445
f 1139/5450 3579/5451 5256/3733 3741/5426
f 1139/5450 3741/5426 5383/4473 3775/5452
f 1139/5450 3775/5452 5381/5448 3739/5447
f 1139/5450 3739/5447 5254/5446 3579/5451
f 1140/5453 3742/5454 5336/4864 3580/4863
f 1140/5453 3580/4863 5255/4702 3740/5455
f 1140/5453 3740/5455 5382/5456 3776/5457
f 1140/5453 3776/5457 5384/5458 3742/5454
f 1141/5459 3740/5455 5255/4702 3581/4701
f 1141/5459 3581/4701 5249/4700 3735/5433
f 1141/5459 3735/5433 5377/4095 3777/5460
f 1141/5459 3777/5460 5382/5456 3740/5455
f 1142/5461 3743/5462 5327/5463 3654/5464
f 1142/5461 3654/5464 5335/4561 3750/5465
f 1142/5461 3750/5465 5392/4070 3778/5466
f 1142/5461 3778/5466 5385/4975 3743/5462
f 1143/5467 3727/5392 5329/4436 3655/5468
f 1143/5467 3655/5468 5327/5463 3743/5462
f 1143/5467 3743/5462 5385/4975 3779/4974
f 1143/5467 3779/4974 5369/4973 3727/5392
f 1144/5469 3745/5470 5330/5471 3656/5472
f 1144/5469 3656/5472 5328/4204 3744/5473
f 1144/5469 3744/5473 5386/4810 3780/4809
f 1144/5469 3780/4809 5387/4642 3745/5470
f 1145/5474 3746/5475 5331/4896 3657/5476
f 1145/5474 3657/5476 5330/5471 3745/5470
f 1145/5474 3745/5470 5387/4642 3781/4641
f 1145/5474 3781/4641 5388/4456 3746/5475
f 1146/5477 3747/5478 5332/4740 3658/4897
f 1146/5477 3658/4897 5331/4896 3746/5475
f 1146/5477 3746/5475 5388/4456 3782/4455
f 1146/5477 3782/4455 5389/4279 3747/5478
f 1147/5479 3748/5480 5333/4559 3659/4741
f 1147/5479 3659/4741 5332/4740 3747/5478
f 1147/5479 3747/5478 5389/4279 3783/4278
f 1147/5479 3783/4278 5390/4072 3748/5480
f 1148/5481 3750/5465 5335/4561 3660/4560
f 1148/5481 3660/4560 5333/4559 3748/5480
f 1148/5481 3748/5480 5390/4072 3784/4071
f 1148/5481 3784/4071 5392/4070 3750/5465
f 1149/5482 3661/4390 5445/4389 3934/5483
f 1149/5482 3934/5483 5466/3832 3785/3831
f 1149/5482 3785/3831 5391/3830 3749/5484
f 1149/5482 3749/5484 5334/4202 3661/4390
f 1150/5485 3662/4203 5334/4202 3749/5484
f 1150/5485 3749/5484 5391/3830 3786/5486
f 1150/5485 3786/5486 5386/4810 3744/5473
f 1150/5485 3744/5473 5328/4204 3662/4203
f 1151/5487 3402/5488 5156/5489 3790/5490
f 1151/5487 3790/5490 5396/3902 3861/4129
f 1151/5487 3861/4129 5404/3877 3798/5073
f 1151/5487 3798/5073 5163/4101 3402/5488
f 1152/5491 3403/5492 5157/5493 3791/5494
f 1152/5491 3791/5494 5397/3904 3862/3903
f 1152/5491 3862/3903 5396/3902 3790/5490
f 1152/5491 3790/5490 5156/5489 3403/5492
f 1153/5495 3404/5496 5158/4246 3792/5497
f 1153/5495 3792/5497 5398/5498 3863/5499
f 1153/5495 3863/5499 5397/3904 3791/5494
f 1153/5495 3791/5494 5157/5493 3404/5496
f 1154/5500 3420/4245 5187/4244 3805/5501
f 1154/5500 3805/5501 5411/5502 3864/5503
f 1154/5500 3864/5503 5398/5498 3792/5497
f 1154/5500 3792/5497 5158/4246 3420/4245
f 1155/5504 3406/5505 5160/5506 3794/5507
f 1155/5504 3794/5507 5400/5508 3865/5509
f 1155/5504 3865/5509 5399/5510 3793/5511
f 1155/5504 3793/5511 5159/4823 3406/5505
f 1156/5512 3407/5513 5161/4984 3795/5514
f 1156/5512 3795/5514 5401/5515 3866/5516
f 1156/5512 3866/5516 5400/5508 3794/5507
f 1156/5512 3794/5507 5160/5506 3407/5513
f 1157/5517 3408/4983 5168/4982 3787/5518
f 1157/5517 3787/5518 5393/5519 3867/5520
f 1157/5517 3867/5520 5401/5515 3795/5514
f 1157/5517 3795/5514 5161/4984 3408/4983
f 1158/5521 3410/5522 5366/5523 3767/5524
f 1158/5521 3767/5524 5465/5525 3868/5526
f 1158/5521 3868/5526 5393/5519 3787/5518
f 1158/5521 3787/5518 5168/4982 3410/5522
f 1159/5527 3409/4824 5159/4823 3793/5511
f 1159/5527 3793/5511 5399/5510 3869/5528
f 1159/5527 3869/5528 5394/5529 3788/5530
f 1159/5527 3788/5530 5169/4825 3409/4824
f 1160/5531 3405/5532 5169/4825 3788/5530
f 1160/5531 3788/5530 5394/5529 3877/5533
f 1160/5531 3877/5533 5410/5534 3804/5535
f 1160/5531 3804/5535 5178/5536 3405/5532
f 1161/5537 3439/5538 5178/5536 3804/5535
f 1161/5537 3804/5535 5410/5534 3878/5539
f 1161/5537 3878/5539 5411/5540 3805/5541
f 1161/5537 3805/5541 5187/5542 3439/5538
f 1162/5543 3809/5544 5189/5545 3456/5546
f 1162/5543 3456/5546 5196/3841 3817/5134
f 1162/5543 3817/5134 5423/5133 3879/5547
f 1162/5543 3879/5547 5415/5548 3809/5544
f 1163/5549 3810/5550 5190/5551 3457/5552
f 1163/5549 3457/5552 5189/5545 3809/5544
f 1163/5549 3809/5544 5415/5548 3880/5553
f 1163/5549 3880/5553 5416/5554 3810/5550
f 1164/5555 3811/5556 5191/5557 3458/5558
f 1164/5555 3458/5558 5190/5551 3810/5550
f 1164/5555 3810/5550 5416/5554 3881/5559
f 1164/5555 3881/5559 5417/4993 3811/5556
f 1165/5560 3823/5561 5229/5562 3465/5563
f 1165/5560 3465/5563 5191/5557 3811/5556
f 1165/5560 3811/5556 5417/4993 3882/4992
f 1165/5560 3882/4992 5429/4991 3823/5561
f 1166/5564 3813/5565 5193/4950 3460/5566
f 1166/5564 3460/5566 5192/4627 3812/5567
f 1166/5564 3812/5567 5418/4088 3883/4828
f 1166/5564 3883/4828 5419/4654 3813/5565
f 1167/5568 3814/5569 5194/4796 3461/4951
f 1167/5568 3461/4951 5193/4950 3813/5565
f 1167/5568 3813/5565 5419/4654 3884/4653
f 1167/5568 3884/4653 5420/4468 3814/5569
f 1168/5570 3806/5571 5201/4798 3462/4797
f 1168/5570 3462/4797 5194/4796 3814/5569
f 1168/5570 3814/5569 5420/4468 3885/4467
f 1168/5570 3885/4467 5412/4294 3806/5571
f 1169/5572 3803/5573 5211/5574 3464/5575
f 1169/5572 3464/5575 5201/4798 3806/5571
f 1169/5572 3806/5571 5412/4294 3886/4293
f 1169/5572 3886/4293 5409/4292 3803/5573
f 1170/5576 3812/5567 5192/4627 3463/4626
f 1170/5576 3463/4626 5202/4625 3807/5577
f 1170/5576 3807/5577 5413/4090 3887/4089
f 1170/5576 3887/4089 5418/4088 3812/5567
f 1171/5578 3807/5577 5202/4625 3459/5579
f 1171/5578 3459/5579 5220/5580 3822/5581
f 1171/5578 3822/5581 5428/4966 3895/4965
f 1171/5578 3895/4965 5413/4090 3807/5577
f 1172/5582 3822/5581 5220/5580 3484/5583
f 1172/5582 3484/5583 5229/5584 3823/5585
f 1172/5582 3823/5585 5429/5586 3896/5587
f 1172/5582 3896/5587 5428/4966 3822/5581
f 1173/5588 3827/5589 5276/4410 3564/4582
f 1173/5588 3564/4582 5284/4581 3834/5263
f 1173/5588 3834/5263 5440/4428 3897/4636
f 1173/5588 3897/4636 5433/4450 3827/5589
f 1174/5590 3828/5591 5277/4223 3565/4411
f 1174/5590 3565/4411 5276/4410 3827/5589
f 1174/5590 3827/5589 5433/4450 3898/4449
f 1174/5590 3898/4449 5434/4273 3828/5591
f 1175/5592 3829/5593 5278/4225 3566/4224
f 1175/5592 3566/4224 5277/4223 3828/5591
f 1175/5592 3828/5591 5434/4273 3899/4272
f 1175/5592 3899/4272 5435/4063 3829/5593
f 1176/5594 3841/5595 5310/5596 3582/5597
f 1176/5594 3582/5597 5278/4225 3829/5593
f 1176/5594 3829/5593 5435/4063 3900/4062
f 1176/5594 3900/4062 5447/4061 3841/5595
f 1177/5598 3831/5599 5280/3769 3568/3768
f 1177/5598 3568/3768 5279/3767 3830/5600
f 1177/5598 3830/5600 5436/3823 3901/3822
f 1177/5598 3901/3822 5437/3821 3831/5599
f 1178/5601 3832/5602 5281/5603 3569/5604
f 1178/5601 3569/5604 5280/3769 3831/5599
f 1178/5601 3831/5599 5437/3821 3902/5605
f 1178/5601 3902/5605 5438/5606 3832/5602
f 1179/5607 3824/5608 5289/3965 3570/5609
f 1179/5607 3570/5609 5281/5603 3832/5602
f 1179/5607 3832/5602 5438/5606 3903/5610
f 1179/5607 3903/5610 5430/5611 3824/5608
f 1180/5612 3860/5613 5384/3967 3572/3966
f 1180/5612 3572/3966 5289/3965 3824/5608
f 1180/5612 3824/5608 5430/5611 3904/5614
f 1180/5612 3904/5614 5466/5615 3860/5613
f 1181/5616 3830/5600 5279/3767 3571/5617
f 1181/5616 3571/5617 5290/4012 3825/5618
f 1181/5616 3825/5618 5431/4037 3905/5619
f 1181/5616 3905/5619 5436/3823 3830/5600
f 1182/5620 3825/5618 5290/4012 3567/4011
f 1182/5620 3567/4011 5300/4010 3840/5621
f 1182/5620 3840/5621 5446/4039 3913/4038
f 1182/5620 3913/4038 5431/4037 3825/5618
f 1183/5622 3840/5621 5300/4010 3600/5623
f 1183/5622 3600/5623 5310/5624 3841/5625
f 1183/5622 3841/5625 5447/5626 3914/5627
f 1183/5622 3914/5627 5446/4039 3840/5621
f 1184/5628 3617/4404 5312/4216 3845/5629
f 1184/5628 3845/5629 5451/5630 3915/5631
f 1184/5628 3915/5631 5458/5324 3852/5323
f 1184/5628 3852/5323 5320/4405 3617/4404
f 1185/5632 3618/4215 5313/4003 3846/5633
f 1185/5632 3846/5633 5452/5634 3916/5635
f 1185/5632 3916/5635 5451/5630 3845/5629
f 1185/5632 3845/5629 5312/4216 3618/4215
f 1186/5636 3619/4002 5314/4001 3847/5637
f 1186/5636 3847/5637 5453/5638 3917/5639
f 1186/5636 3917/5639 5452/5634 3846/5633
f 1186/5636 3846/5633 5313/4003 3619/4002
f 1187/5640 3626/4519 5356/4518 3858/5641
f 1187/5640 3858/5641 5464/5642 3918/5643
f 1187/5640 3918/5643 5453/5638 3847/5637
f 1187/5640 3847/5637 5314/4001 3626/4519
f 1188/5644 3621/5645 5316/5646 3849/5647
f 1188/5644 3849/5647 5455/5648 3919/5649
f 1188/5644 3919/5649 5454/4591 3848/5650
f 1188/5644 3848/5650 5315/5651 3621/5645
f 1189/5652 3622/5653 5317/5654 3850/5655
f 1189/5652 3850/5655 5456/4926 3920/5656
f 1189/5652 3920/5656 5455/5648 3849/5647
f 1189/5652 3849/5647 5316/5646 3622/5653
f 1190/5657 3623/5658 5325/3715 3842/5659
f 1190/5657 3842/5659 5448/4766 3921/4927
f 1190/5657 3921/4927 5456/4926 3850/5655
f 1190/5657 3850/5655 5317/5654 3623/5658
f 1191/5660 3625/3714 5336/3713 3839/5661
f 1191/5660 3839/5661 5445/4768 3922/4767
f 1191/5660 3922/4767 5448/4766 3842/5659
f 1191/5660 3842/5659 5325/3715 3625/3714
f 1192/5662 3624/5663 5315/5651 3848/5650
f 1192/5662 3848/5650 5454/4591 3923/4590
f 1192/5662 3923/4590 5449/4589 3843/5664
f 1192/5662 3843/5664 5326/3758 3624/5663
f 1193/5665 3620/3759 5326/3758 3843/5664
f 1193/5665 3843/5664 5449/4589 3931/5666
f 1193/5665 3931/5666 5463/5667 3857/5668
f 1193/5665 3857/5668 5346/3760 3620/3759
f 1194/5669 3644/5670 5346/3760 3857/5668
f 1194/5669 3857/5668 5463/5667 3932/5671
f 1194/5669 3932/5671 5464/5672 3858/5673
f 1194/5669 3858/5673 5356/5674 3644/5670
f 1195/5675 3724/5676 5211/5574 3803/5573
f 1195/5675 3803/5573 5409/4292 3933/5677
f 1195/5675 3933/5677 5465/5525 3767/5524
f 1195/5675 3767/5524 5366/5523 3724/5676
f 1196/5678 3839/5661 5336/3713 3742/5679
f 1196/5678 3742/5679 5384/3967 3860/5613
f 1196/5678 3860/5613 5466/5615 3934/5680
f 1196/5678 3934/5680 5445/4768 3839/5661
f 1197/5681 3994/5682 4404/5683 2076/5684
f 1197/5681 2076/5684 5059/5685 3993/5686
f 1197/5681 3993/5686 5411/5107 3528/5106
f 1197/5681 3528/5106 5186/5105 3994/5682
f 1198/5687 3995/5688 4734/5689 2730/5690
f 1198/5687 2730/5690 4733/3925 3960/3924
f 1198/5687 3960/3924 5261/3931 3630/5217
f 1198/5687 3630/5217 5262/5216 3995/5688
f 1199/5691 3997/5692 4863/5693 2962/5694
f 1199/5691 2962/5694 4865/5695 3996/5696
f 1199/5691 3996/5696 5305/5274 3682/5273
f 1199/5691 3682/5273 5303/5272 3997/5692
f 1200/5697 3961/3910 4622/3909 2511/5698
f 1200/5697 2511/5698 4616/4855 3282/4854
f 1200/5697 3282/4854 5232/4858 3591/5200
f 1200/5697 3591/5200 5238/3911 3961/3910
f 1201/5699 3998/5700 5046/5701 3323/5702
f 1201/5699 3323/5702 5045/3898 3962/3897
f 1201/5699 3962/3897 5397/3904 3863/5499
f 1201/5699 3863/5499 5398/5498 3998/5700
f 1202/5703 3999/5704 4628/5705 2524/5706
f 1202/5703 2524/5706 4627/3889 3964/3888
f 1202/5703 3964/3888 5243/3895 3604/5182
f 1202/5703 3604/5182 5244/5181 3999/5704
f 1203/5707 4001/5708 5015/5709 3220/5710
f 1203/5707 3220/5710 5023/5711 4000/5712
f 1203/5707 4000/5712 5375/5389 3760/5388
f 1203/5707 3760/5388 5367/5387 4001/5708
f 1204/5713 3966/3874 5050/3873 3336/5714
f 1204/5713 3336/5714 5043/4837 3276/4836
f 1204/5713 3276/4836 5395/4840 3876/5075
f 1204/5713 3876/5075 5402/3875 3966/3874
f 1205/5715 1594/4100 4381/4099 1548/5716
f 1205/5715 1548/5716 4374/5717 4002/5718
f 1205/5715 4002/5718 5156/5489 3402/5488
f 1205/5715 3402/5488 5163/4101 1594/4100
f 1206/5719 4003/5720 5028/5721 3233/5722
f 1206/5719 3233/5722 5027/3853 3968/3852
f 1206/5719 3968/3852 5379/3859 3773/5443
f 1206/5719 3773/5443 5380/5442 4003/5720
f 1207/5723 4004/5724 5074/5725 3349/5726
f 1207/5723 3349/5726 5075/3844 3970/3843
f 1207/5723 3970/3843 5427/3850 3889/5116
f 1207/5723 3889/5116 5426/5115 4004/5724
f 1208/5727 3971/3838 4491/3837 1793/5728
f 1208/5727 1793/5728 4484/4813 3268/4812
f 1208/5727 3268/4812 5188/4816 3455/5137
f 1208/5727 3455/5137 5195/3839 3971/3838
f 1209/5729 3973/3829 5039/3828 3246/5730
f 1209/5729 3246/5730 5034/4807 3266/4806
f 1209/5729 3266/4806 5386/4810 3786/5486
f 1209/5729 3786/5486 5391/3830 3973/3829
f 1210/5731 3975/3820 5085/3819 3362/5732
f 1210/5731 3362/5732 5086/5733 4005/5734
f 1210/5731 4005/5734 5438/5606 3902/5605
f 1210/5731 3902/5605 5437/3821 3975/3820
f 1211/5735 3265/4802 4272/4801 1574/5736
f 1211/5735 1574/5736 4277/3808 3978/3807
f 1211/5735 3978/3807 5137/3814 3419/5384
f 1211/5735 3419/5384 5132/4803 3265/4802
f 1212/5737 3979/3802 4503/3801 2038/5738
f 1212/5737 2038/5738 4504/5739 4006/5740
f 1212/5737 4006/5740 5208/5409 3499/5408
f 1212/5737 3499/5408 5207/3803 3979/3802
f 1213/5741 4007/5742 4509/5743 2270/5744
f 1213/5741 2270/5744 4508/4930 3308/4929
f 1213/5741 3308/4929 5212/4936 3530/5141
f 1213/5741 3530/5141 5213/5140 4007/5742
f 1214/5745 4009/5746 5099/5747 3375/5748
f 1214/5745 3375/5748 5106/5749 4008/5750
f 1214/5745 4008/5750 5458/5324 3915/5631
f 1214/5745 3915/5631 5451/5630 4009/5746
f 1215/5751 4010/5752 4180/5753 1587/5754
f 1215/5751 1587/5754 4179/4912 3302/4911
f 1215/5751 3302/4911 5117/4918 3423/5005
f 1215/5751 3423/5005 5118/5004 4010/5752
f 1216/5755 3295/4888 4388/4887 2051/5756
f 1216/5755 2051/5756 4389/5757 4011/5758
f 1216/5755 4011/5758 5171/5078 3503/5077
f 1216/5755 3503/5077 5170/4889 3295/4888
f 1217/5759 4013/5760 5111/5761 3156/5762
f 1217/5759 3156/5762 4993/5763 4012/5764
f 1217/5759 4012/5764 5345/5352 3696/5351
f 1217/5759 3696/5351 5463/5350 4013/5760
f 1218/5765 3981/3775 5107/3774 3388/5766
f 1218/5765 3388/5766 5070/5767 4014/5768
f 1218/5765 4014/5768 5422/5127 3928/5318
f 1218/5765 3928/5318 5459/3776 3981/3775
f 1219/5769 4015/5770 4841/5771 2473/5772
f 1219/5769 2473/5772 4840/3763 3983/3762
f 1219/5769 3983/3762 5280/3769 3569/5604
f 1219/5769 3569/5604 5281/5603 4015/5770
f 1220/5773 4017/5774 4963/5775 2705/5776
f 1220/5773 2705/5776 4964/5777 4016/5778
f 1220/5773 4016/5778 5316/5646 3621/5645
f 1220/5773 3621/5645 5315/5651 4017/5774
f 1221/5779 4018/5780 5000/5781 3169/5782
f 1221/5779 3169/5782 4999/3745 3987/3744
f 1221/5779 3987/3744 5351/3751 3709/5337
f 1221/5779 3709/5337 5352/5336 4018/5780
f 1222/5783 3988/3739 4524/3738 2296/5784
f 1222/5783 2296/5784 4519/4726 3250/4725
f 1222/5783 3250/4725 5223/4729 3556/5168
f 1222/5783 3556/5168 5228/3740 3988/3739
f 1223/5785 3989/3730 4720/3729 2486/5786
f 1223/5785 2486/5786 4722/4954 3316/4953
f 1223/5785 3316/4953 5250/4960 3574/5428
f 1223/5785 3574/5428 5248/3731 3989/3730
f 1224/5787 4019/5788 4292/5789 1845/5790
f 1224/5787 1845/5790 4291/3700 3992/3699
f 1224/5787 3992/3699 5151/3706 3489/5044
f 1224/5787 3489/5044 5152/5043 4019/5788
f 1225/5791 4020/5792 4859/5793 2950/5794
f 1225/5791 2950/5794 5094/5795 3943/5796
f 1225/5791 3943/5796 5446/5291 3670/5290
f 1225/5791 3670/5290 5299/5297 4020/5792
f 1226/5797 3247/4706 4399/4705 2077/5798
f 1226/5797 2077/5798 4404/5683 3994/5682
f 1226/5797 3994/5682 5186/5105 3529/5109
f 1226/5797 3529/5109 5181/4707 3247/4706
f 1227/5799 4021/5800 4735/5801 2731/5802
f 1227/5799 2731/5802 4734/5689 3995/5688
f 1227/5799 3995/5688 5262/5216 3631/5223
f 1227/5799 3631/5223 5263/5222 4021/5800
f 1228/5803 3996/5696 4865/5695 2963/5804
f 1228/5803 2963/5804 4866/5805 4022/5806
f 1228/5803 4022/5806 5306/5278 3683/5277
f 1228/5803 3683/5277 5305/5274 3996/5696
f 1229/5807 3993/5808 5059/5809 3324/5810
f 1229/5807 3324/5810 5046/5701 3998/5700
f 1229/5807 3998/5700 5398/5498 3864/5503
f 1229/5807 3864/5503 5411/5502 3993/5808
f 1230/5811 4023/5812 4629/5813 2525/5814
f 1230/5811 2525/5814 4628/5705 3999/5704
f 1230/5811 3999/5704 5244/5181 3605/5186
f 1230/5811 3605/5186 5245/5185 4023/5812
f 1231/5815 3356/4972 5017/4971 3221/5816
f 1231/5815 3221/5816 5015/5709 4001/5708
f 1231/5815 4001/5708 5367/5387 3761/5393
f 1231/5815 3761/5393 5369/4973 3356/4972
f 1232/5817 4024/5818 5042/5819 3337/5820
f 1232/5817 3337/5820 5058/5821 3252/5822
f 1232/5817 3252/5822 5410/5534 3877/5533
f 1232/5817 3877/5533 5394/5529 4024/5818
f 1233/5823 4002/5718 4374/5717 1549/5824
f 1233/5823 1549/5824 4375/5825 4025/5826
f 1233/5823 4025/5826 5157/5493 3403/5492
f 1233/5823 3403/5492 5156/5489 4002/5718
f 1234/5827 4026/5828 5029/5829 3234/5830
f 1234/5827 3234/5830 5028/5721 4003/5720
f 1234/5827 4003/5720 5380/5442 3774/5449
f 1234/5827 3774/5449 5381/5448 4026/5828
f 1235/5831 4027/5832 5073/5833 3350/5834
f 1235/5831 3350/5834 5074/5725 4004/5724
f 1235/5831 4004/5724 5426/5115 3890/5120
f 1235/5831 3890/5120 5425/5119 4027/5832
f 1236/5835 4028/5836 4485/5837 1794/5838
f 1236/5835 1794/5838 4492/3835 3972/3834
f 1236/5835 3972/3834 5196/3841 3456/5546
f 1236/5835 3456/5546 5189/5545 4028/5836
f 1237/5839 4005/5734 5086/5733 3363/5840
f 1237/5839 3363/5840 5078/5841 4029/5842
f 1237/5839 4029/5842 5430/5611 3903/5610
f 1237/5839 3903/5610 5438/5606 4005/5734
f 1238/5843 4006/5740 4504/5739 2039/5844
f 1238/5843 2039/5844 4506/4615 3193/4614
f 1238/5843 3193/4614 5210/4618 3500/5414
f 1238/5843 3500/5414 5208/5409 4006/5740
f 1239/5845 3261/4780 4988/4779 2271/5846
f 1239/5845 2271/5846 4509/5743 4007/5742
f 1239/5845 4007/5742 5213/5140 3531/5146
f 1239/5845 3531/5146 5340/4781 3261/4780
f 1240/5847 4030/5848 5100/5849 3376/5850
f 1240/5847 3376/5850 5099/5747 4009/5746
f 1240/5847 4009/5746 5451/5630 3916/5635
f 1240/5847 3916/5635 5452/5634 4030/5848
f 1241/5851 3258/4756 4835/4755 2461/5852
f 1241/5851 2461/5852 4848/5853 4031/5854
f 1241/5851 4031/5854 5288/5245 3557/5244
f 1241/5851 3557/5244 5275/4757 3258/4756
f 1242/5855 4032/5856 4181/5857 1588/5858
f 1242/5855 1588/5858 4180/5753 4010/5752
f 1242/5855 4010/5752 5118/5004 3424/5010
f 1242/5855 3424/5010 5119/5009 4032/5856
f 1243/5859 4011/5758 4389/5757 2052/5860
f 1243/5859 2052/5860 4854/4711 3248/4710
f 1243/5859 3248/4710 5294/4717 3504/5083
f 1243/5859 3504/5083 5171/5078 4011/5758
f 1244/5861 4012/5764 4993/5763 3157/5862
f 1244/5861 3157/5862 4987/4603 3190/4602
f 1244/5861 3190/4602 5339/4606 3697/5358
f 1244/5861 3697/5358 5345/5352 4012/5764
f 1245/5863 4008/5750 5106/5749 3389/5864
f 1245/5863 3389/5864 5105/5865 4033/5866
f 1245/5863 4033/5866 5457/5321 3929/5320
f 1245/5863 3929/5320 5458/5324 4008/5750
f 1246/5867 3952/3964 4849/3963 2474/5868
f 1246/5867 2474/5868 4841/5771 4015/5770
f 1246/5867 4015/5770 5281/5603 3570/5609
f 1246/5867 3570/5609 5289/3965 3952/3964
f 1247/5869 4016/5778 4964/5777 2706/5870
f 1247/5869 2706/5870 4965/5871 4034/5872
f 1247/5869 4034/5872 5317/5654 3622/5653
f 1247/5869 3622/5653 5316/5646 4016/5778
f 1248/5873 4035/5874 5001/5875 3170/5876
f 1248/5873 3170/5876 5000/5781 4018/5780
f 1248/5873 4018/5780 5352/5336 3710/5341
f 1248/5873 3710/5341 5353/5340 4035/5874
f 1249/5877 3210/4699 4721/4698 2487/5878
f 1249/5877 2487/5878 4723/5879 4036/5880
f 1249/5877 4036/5880 5251/5431 3575/5430
f 1249/5877 3575/5430 5249/4700 3210/4699
f 1250/5881 4037/5882 4293/5883 1846/5884
f 1250/5881 1846/5884 4292/5789 4019/5788
f 1250/5881 4019/5788 5152/5043 3490/5048
f 1250/5881 3490/5048 5153/5047 4037/5882
f 1251/5885 3179/4529 4853/4528 2951/5886
f 1251/5885 2951/5886 4859/5793 4020/5792
f 1251/5885 4020/5792 5299/5297 3671/5299
f 1251/5885 3671/5299 5293/4530 3179/4529
f 1252/5887 4038/5888 4736/5889 2732/5890
f 1252/5887 2732/5890 4735/5801 4021/5800
f 1252/5887 4021/5800 5263/5222 3632/5228
f 1252/5887 3632/5228 5264/5227 4038/5888
f 1253/5891 4022/5806 4866/5805 2964/5892
f 1253/5891 2964/5892 4867/5893 4039/5894
f 1253/5891 4039/5894 5307/5282 3684/5281
f 1253/5891 3684/5281 5306/5278 4022/5806
f 1254/5895 3208/4684 4738/4683 2745/5896
f 1254/5895 2745/5896 4739/5897 4040/5898
f 1254/5895 4040/5898 5267/5206 3645/5205
f 1254/5895 3645/5205 5266/4685 3208/4684
f 1255/5899 4042/5900 5048/5901 3325/5902
f 1255/5899 3325/5902 5047/5903 4041/5904
f 1255/5899 4041/5904 5399/5510 3865/5509
f 1255/5899 3865/5509 5400/5508 4042/5900
f 1256/5905 4043/5906 4630/5907 2526/5908
f 1256/5905 2526/5908 4629/5813 4023/5812
f 1256/5905 4023/5812 5245/5185 3606/5190
f 1256/5905 3606/5190 5246/5189 4043/5906
f 1257/5909 4044/5910 5018/5911 3222/5912
f 1257/5909 3222/5912 5016/4657 3203/4656
f 1257/5909 3203/4656 5368/4660 3762/5397
f 1257/5909 3762/5397 5370/5396 4044/5910
f 1258/5913 4025/5826 4375/5825 1550/5914
f 1258/5913 1550/5914 4376/4240 2064/4239
f 1258/5913 2064/4239 5158/4246 3404/5496
f 1258/5913 3404/5496 5157/5493 4025/5826
f 1259/5915 3159/4472 5031/4471 3235/5916
f 1259/5915 3235/5916 5029/5829 4026/5828
f 1259/5915 4026/5828 5381/5448 3775/5452
f 1259/5915 3775/5452 5383/4473 3159/4472
f 1260/5917 4045/5918 5072/5919 3351/5920
f 1260/5917 3351/5920 5073/5833 4027/5832
f 1260/5917 4027/5832 5425/5119 3891/5124
f 1260/5917 3891/5124 5424/5123 4045/5918
f 1261/5921 4046/5922 4486/5923 1795/5924
f 1261/5921 1795/5924 4485/5837 4028/5836
f 1261/5921 4028/5836 5189/5545 3457/5552
f 1261/5921 3457/5552 5190/5551 4046/5922
f 1262/5925 4029/5842 5078/5841 3364/5926
f 1262/5925 3364/5926 5114/5927 3974/5928
f 1262/5925 3974/5928 5466/5615 3904/5614
f 1262/5925 3904/5614 5430/5611 4029/5842
f 1263/5929 2283/5930 5057/5931 2040/5932
f 1263/5929 2040/5932 4505/5933 4047/5934
f 1263/5929 4047/5934 5209/5420 3501/5419
f 1263/5929 3501/5419 5409/5418 2283/5930
f 1264/5935 4048/5936 4511/5937 2272/5938
f 1264/5935 2272/5938 4510/4594 3189/4593
f 1264/5935 3189/4593 5214/4600 3532/5150
f 1264/5935 3532/5150 5215/5149 4048/5936
f 1265/5939 4049/5940 5101/5941 3377/5942
f 1265/5939 3377/5942 5100/5849 4030/5848
f 1265/5939 4030/5848 5452/5634 3917/5639
f 1265/5939 3917/5639 5453/5638 4049/5940
f 1266/5943 4031/5854 4848/5853 2462/5944
f 1266/5943 2462/5944 4847/5945 4050/5946
f 1266/5943 4050/5946 5287/5250 3558/5249
f 1266/5943 3558/5249 5288/5245 4031/5854
f 1267/5947 4051/5948 4182/5949 1589/5950
f 1267/5947 1589/5950 4181/5857 4032/5856
f 1267/5947 4032/5856 5119/5009 3425/5014
f 1267/5947 3425/5014 5120/5013 4051/5948
f 1268/5951 4052/5952 4972/5953 2694/5954
f 1268/5951 2694/5954 4959/4570 3185/4569
f 1268/5951 3185/4569 5311/4576 3610/5304
f 1268/5951 3610/5304 5324/5303 4052/5952
f 1269/5955 4054/5956 4525/5957 1821/5958
f 1269/5955 1821/5958 4487/5959 4053/5960
f 1269/5955 4053/5960 5191/5557 3465/5563
f 1269/5955 3465/5563 5229/5562 4054/5956
f 1270/5961 4055/5962 4975/5963 2926/5964
f 1270/5961 2926/5964 4983/4555 3183/4554
f 1270/5961 3183/4554 5335/4561 3654/5464
f 1270/5961 3654/5464 5327/5463 4055/5962
f 1271/5965 3182/4549 4390/4548 2053/5966
f 1271/5965 2053/5966 4391/5967 4056/5968
f 1271/5965 4056/5968 5173/5087 3505/5086
f 1271/5965 3505/5086 5172/4550 3182/4549
f 1272/5969 4033/5866 5105/5865 3390/5970
f 1272/5969 3390/5970 5098/4414 2743/4413
f 1272/5969 2743/4413 5450/4417 3930/5326
f 1272/5969 3930/5326 5457/5321 4033/5866
f 1273/5971 3982/3766 4839/3765 2475/5972
f 1273/5971 2475/5972 4850/4006 3949/4005
f 1273/5971 3949/4005 5290/4012 3571/5617
f 1273/5971 3571/5617 5279/3767 3982/3766
f 1274/5973 4034/5872 4965/5871 2707/5974
f 1274/5973 2707/5974 4973/3709 3991/3708
f 1274/5973 3991/3708 5325/3715 3623/5658
f 1274/5973 3623/5658 5317/5654 4034/5872
f 1275/5975 4057/5976 5002/5977 3171/5978
f 1275/5975 3171/5978 5001/5875 4035/5874
f 1275/5975 4035/5874 5353/5340 3711/5345
f 1275/5975 3711/5345 5354/5344 4057/5976
f 1276/5979 4036/5880 4723/5879 2488/5980
f 1276/5979 2488/5980 4724/5981 4058/5982
f 1276/5979 4058/5982 5252/5436 3576/5435
f 1276/5979 3576/5435 5251/5431 4036/5880
f 1277/5983 2736/4370 4287/4369 1847/5984
f 1277/5983 1847/5984 4293/5883 4037/5882
f 1277/5983 4037/5882 5153/5047 3491/5050
f 1277/5983 3491/5050 5147/4371 2736/4370
f 1278/5985 2517/4352 4729/4351 2733/5986
f 1278/5985 2733/5986 4736/5889 4038/5888
f 1278/5985 4038/5888 5264/5227 3633/5230
f 1278/5985 3633/5230 5257/4353 2517/4352
f 1279/5987 4039/5894 4867/5893 2965/5988
f 1279/5987 2965/5988 4868/5989 4059/5990
f 1279/5987 4059/5990 5308/5286 3685/5285
f 1279/5987 3685/5285 5307/5282 4039/5894
f 1280/5991 4040/5898 4739/5897 2746/5992
f 1280/5991 2746/5992 4741/4168 1833/4167
f 1280/5991 1833/4167 5269/4174 3646/5208
f 1280/5991 3646/5208 5267/5206 4040/5898
f 1281/5993 4060/5994 5049/5995 3326/5996
f 1281/5993 3326/5996 5048/5901 4042/5900
f 1281/5993 4042/5900 5400/5508 3866/5516
f 1281/5993 3866/5516 5401/5515 4060/5994
f 1282/5997 2514/4340 4623/4339 2527/5998
f 1282/5997 2527/5998 4630/5907 4043/5906
f 1282/5997 4043/5906 5246/5189 3607/5192
f 1282/5997 3607/5192 5239/4341 2514/4340
f 1283/5999 4061/6000 5019/6001 3223/6002
f 1283/5999 3223/6002 5018/5911 4044/5910
f 1283/5999 4044/5910 5370/5396 3763/5402
f 1283/5999 3763/5402 5371/5401 4061/6000
f 1284/6003 4063/6004 5071/6005 3339/6006
f 1284/6003 3339/6006 5063/6007 4062/6008
f 1284/6003 4062/6008 5415/5548 3879/5547
f 1284/6003 3879/5547 5423/5133 4063/6004
f 1285/6009 4064/6010 4396/6011 1551/6012
f 1285/6009 1551/6012 4387/4819 3270/4818
f 1285/6009 3270/4818 5169/4825 3405/5532
f 1285/6009 3405/5532 5178/5536 4064/6010
f 1286/6013 4065/6014 5030/6015 3236/6016
f 1286/6013 3236/6016 5032/6017 3953/6018
f 1286/6013 3953/6018 5384/5458 3776/5457
f 1286/6013 3776/5457 5382/5456 4065/6014
f 1287/6019 4014/5768 5070/5767 3352/6020
f 1287/6019 3352/6020 5072/5919 4045/5918
f 1287/6019 4045/5918 5424/5123 3892/5128
f 1287/6019 3892/5128 5422/5127 4014/5768
f 1288/6021 4053/5960 4487/5959 1796/6022
f 1288/6021 1796/6022 4486/5923 4046/5922
f 1288/6021 4046/5922 5190/5551 3458/5558
f 1288/6021 3458/5558 5191/5557 4053/5960
f 1289/6023 3942/4036 5079/4035 3365/6024
f 1289/6023 3365/6024 5084/3817 3976/3816
f 1289/6023 3976/3816 5436/3823 3905/5619
f 1289/6023 3905/5619 5431/4037 3942/4036
f 1290/6025 4047/5934 4505/5933 2041/6026
f 1290/6025 2041/6026 4500/4258 2067/4257
f 1290/6025 2067/4257 5204/4261 3502/5423
f 1290/6025 3502/5423 5209/5420 4047/5934
f 1291/6027 4066/6028 4512/6029 2273/6030
f 1291/6027 2273/6030 4511/5937 4048/5936
f 1291/6027 4048/5936 5215/5149 3533/5155
f 1291/6027 3533/5155 5216/5154 4066/6028
f 1292/6031 4067/6032 5112/6033 3378/6034
f 1292/6031 3378/6034 5101/5941 4049/5940
f 1292/6031 4049/5940 5453/5638 3918/5643
f 1292/6031 3918/5643 5464/5642 4067/6032
f 1293/6035 4050/5946 4847/5945 2463/6036
f 1293/6035 2463/6036 4846/6037 4068/6038
f 1293/6035 4068/6038 5286/5254 3559/5253
f 1293/6035 3559/5253 5287/5250 4050/5946
f 1294/6039 4069/6040 4183/6041 1590/6042
f 1294/6039 1590/6042 4182/5949 4051/5948
f 1294/6039 4051/5948 5120/5013 3426/5018
f 1294/6039 3426/5018 5121/5017 4069/6040
f 1295/6043 4070/6044 4971/6045 2695/6046
f 1295/6043 2695/6046 4972/5953 4052/5952
f 1295/6043 4052/5952 5324/5303 3611/5309
f 1295/6043 3611/5309 5323/5308 4070/6044
f 1296/6047 2740/4396 4279/4395 1822/6048
f 1296/6047 1822/6048 4280/6049 4071/6050
f 1296/6047 4071/6050 5140/5029 3466/5028
f 1296/6047 3466/5028 5139/4397 2740/4396
f 1297/6051 2954/4435 4977/4434 2927/6052
f 1297/6051 2927/6052 4975/5963 4055/5962
f 1297/6051 4055/5962 5327/5463 3655/5468
f 1297/6051 3655/5468 5329/4436 2954/4435
f 1298/6053 4056/5968 4391/5967 2054/6054
f 1298/6053 2054/6054 4392/6055 4072/6056
f 1298/6053 4072/6056 5174/5092 3506/5091
f 1298/6053 3506/5091 5173/5087 4056/5968
f 1299/6057 3188/4588 5097/4587 3391/6058
f 1299/6057 3391/6058 5111/6059 4013/6060
f 1299/6057 4013/6060 5463/5667 3931/5666
f 1299/6057 3931/5666 5449/4589 3188/4588
f 1300/6061 3984/3757 4974/3756 2708/6062
f 1300/6061 2708/6062 4963/5775 4017/5774
f 1300/6061 4017/5774 5315/5651 3624/5663
f 1300/6061 3624/5663 5326/3758 3984/3757
f 1301/6063 1837/4193 4995/4192 3172/6064
f 1301/6063 3172/6064 5002/5977 4057/5976
f 1301/6063 4057/5976 5354/5344 3712/5347
f 1301/6063 3712/5347 5347/4194 1837/4193
f 1302/6065 4058/5982 4724/5981 2489/6066
f 1302/6065 2489/6066 4725/6067 4073/6068
f 1302/6065 4073/6068 5253/5440 3577/5439
f 1302/6065 3577/5439 5252/5436 4058/5982
f 1303/6069 4074/6070 4294/6071 1848/6072
f 1303/6069 1848/6072 4525/6073 4054/6074
f 1303/6069 4054/6074 5229/5056 3492/5055
f 1303/6069 3492/5055 5154/5054 4074/6070
f 1304/6075 4075/6076 4870/6077 2502/6078
f 1304/6075 2502/6078 4838/4219 2061/4218
f 1304/6075 2061/4218 5278/4225 3582/5597
f 1304/6075 3582/5597 5310/5596 4075/6076
f 1305/6079 4076/6080 4737/6081 2734/6082
f 1305/6079 2734/6082 4994/6083 3985/6084
f 1305/6079 3985/6084 5346/5233 3634/5232
f 1305/6079 3634/5232 5265/5236 4076/6080
f 1306/6085 4059/5990 4868/5989 2966/6086
f 1306/6085 2966/6086 4861/4141 1601/4140
f 1306/6085 1601/4140 5301/4144 3686/5288
f 1306/6085 3686/5288 5308/5286 4059/5990
f 1307/6087 2512/4333 4740/4332 2747/6088
f 1307/6087 2747/6088 4742/6089 4077/6090
f 1307/6087 4077/6090 5270/5213 3647/5212
f 1307/6087 3647/5212 5268/4334 2512/4333
f 1308/6091 2287/4324 5013/4323 3211/6092
f 1308/6091 3211/6092 5005/6093 4078/6094
f 1308/6091 4078/6094 5357/5365 3751/5364
f 1308/6091 3751/5364 5365/4325 2287/4324
f 1309/6095 4079/6096 5041/6097 3327/6098
f 1309/6095 3327/6098 5049/5995 4060/5994
f 1309/6095 4060/5994 5401/5515 3867/5520
f 1309/6095 3867/5520 5393/5519 4079/6096
f 1310/6099 4080/6100 4631/6101 2528/6102
f 1310/6099 2528/6102 4870/6103 4075/6104
f 1310/6099 4075/6104 5310/5198 3608/5197
f 1310/6099 3608/5197 5247/5196 4080/6100
f 1311/6105 4081/6106 5020/6107 3224/6108
f 1311/6105 3224/6108 5019/6001 4061/6000
f 1311/6105 4061/6000 5371/5401 3764/5406
f 1311/6105 3764/5406 5372/5405 4081/6106
f 1312/6109 4062/6008 5063/6007 3340/6110
f 1312/6109 3340/6110 5064/6111 4082/6112
f 1312/6109 4082/6112 5416/5554 3880/5553
f 1312/6109 3880/5553 5415/5548 4062/6008
f 1313/6113 3271/4822 4377/4821 1552/6114
f 1313/6113 1552/6114 4378/6115 4083/6116
f 1313/6113 4083/6116 5160/5506 3406/5505
f 1313/6113 3406/5505 5159/4823 3271/4822
f 1314/6117 3936/4094 5025/4093 3237/6118
f 1314/6117 3237/6118 5030/6015 4065/6014
f 1314/6117 4065/6014 5382/5456 3777/5460
f 1314/6117 3777/5460 5377/4095 3936/4094
f 1315/6119 4084/6120 5069/6121 3353/6122
f 1315/6119 3353/6122 5071/6005 4063/6004
f 1315/6119 4063/6004 5423/5133 3893/5132
f 1315/6119 3893/5132 5421/5131 4084/6120
f 1316/6123 3392/4981 4386/4980 1565/6124
f 1316/6123 1565/6124 5014/6125 1595/6126
f 1316/6123 1595/6126 5366/5523 3410/5522
f 1316/6123 3410/5522 5168/4982 3392/4981
f 1317/6127 3196/4624 4498/4623 1797/6128
f 1317/6127 1797/6128 4516/6129 1839/6130
f 1317/6127 1839/6130 5220/5580 3459/5579
f 1317/6127 3459/5579 5202/4625 3196/4624
f 1318/6131 4085/6132 5092/6133 3366/6134
f 1318/6131 3366/6134 5080/4249 2066/4248
f 1318/6131 2066/4248 5432/4255 3906/5242
f 1318/6131 3906/5242 5444/5241 4085/6132
f 1319/6135 4086/6136 4513/6137 2274/6138
f 1319/6135 2274/6138 4512/6029 4066/6028
f 1319/6135 4066/6028 5216/5154 3534/5159
f 1319/6135 3534/5159 5217/5158 4086/6136
f 1320/6139 4087/6140 5103/6141 3379/6142
f 1320/6139 3379/6142 5102/4585 3187/4584
f 1320/6139 3187/4584 5454/4591 3919/5649
f 1320/6139 3919/5649 5455/5648 4087/6140
f 1321/6143 4068/6038 4846/6037 2464/6144
f 1321/6143 2464/6144 4845/6145 4088/6146
f 1321/6143 4088/6146 5285/5258 3560/5257
f 1321/6143 3560/5257 5286/5254 4068/6038
f 1322/6147 3944/4028 4177/4027 1591/6148
f 1322/6147 1591/6148 4183/6041 4069/6040
f 1322/6147 4069/6040 5121/5017 3427/5020
f 1322/6147 3427/5020 5115/4029 3944/4028
f 1323/6149 4089/6150 4970/6151 2696/6152
f 1323/6149 2696/6152 4971/6045 4070/6044
f 1323/6149 4070/6044 5323/5308 3612/5313
f 1323/6149 3612/5313 5322/5312 4089/6150
f 1324/6153 4071/6050 4280/6049 1823/6154
f 1324/6153 1823/6154 4732/4147 1603/4146
f 1324/6153 1603/4146 5260/4153 3467/5033
f 1324/6153 3467/5033 5140/5029 4071/6050
f 1325/6155 4090/6156 4978/6157 2928/6158
f 1325/6155 2928/6158 4976/4198 1838/4197
f 1325/6155 1838/4197 5328/4204 3656/5472
f 1325/6155 3656/5472 5330/5471 4090/6156
f 1326/6159 4072/6056 4392/6055 2055/6160
f 1326/6159 2055/6160 4393/6161 4091/6162
f 1326/6159 4091/6162 5175/5096 3507/5095
f 1326/6159 3507/5095 5174/5092 4072/6056
f 1327/6163 1834/4180 4185/4179 1604/6164
f 1327/6163 1604/6164 4186/6165 4092/6166
f 1327/6163 4092/6166 5124/4998 3440/4997
f 1327/6163 3440/4997 5123/4181 1834/4180
f 1328/6167 4093/6168 5003/6169 3173/6170
f 1328/6167 3173/6170 5112/6171 4067/6172
f 1328/6167 4067/6172 5464/5356 3713/5355
f 1328/6167 3713/5355 5355/5354 4093/6168
f 1329/6173 4073/6068 4725/6067 2490/6174
f 1329/6173 2490/6174 4726/6175 4094/6176
f 1329/6173 4094/6176 5254/5446 3578/5445
f 1329/6173 3578/5445 5253/5440 4073/6068
f 1330/6177 3955/3950 4289/3949 1849/6178
f 1330/6177 1849/6178 4294/6071 4074/6070
f 1330/6177 4074/6070 5154/5054 3493/5058
f 1330/6177 3493/5058 5149/3951 3955/3950
f 1331/6179 1600/4135 4614/4134 2503/6180
f 1331/6179 2503/6180 4615/6181 4095/6182
f 1331/6179 4095/6182 5231/5171 3583/5170
f 1331/6179 3583/5170 5230/4136 1600/4135
f 1332/6183 3959/3928 4731/3927 2735/6184
f 1332/6183 2735/6184 4737/6081 4076/6080
f 1332/6183 4076/6080 5265/5236 3635/5238
f 1332/6183 3635/5238 5259/3929 3959/3928
f 1333/6185 3939/6186 5095/6187 2967/6188
f 1333/6185 2967/6188 4869/6189 4096/6190
f 1333/6185 4096/6190 5309/5295 3687/5294
f 1333/6185 3687/5294 5447/5293 3939/6186
f 1334/6191 4077/6090 4742/6089 2748/6192
f 1334/6191 2748/6192 4743/6193 4097/6194
f 1334/6191 4097/6194 5271/5219 3648/5218
f 1334/6191 3648/5218 5270/5213 4077/6090
f 1335/6195 4078/6094 5005/6093 3212/6196
f 1335/6195 3212/6196 5007/4297 2284/4296
f 1335/6195 2284/4296 5359/4303 3752/5368
f 1335/6195 3752/5368 5357/5365 4078/6094
f 1336/6197 3164/6198 5113/6199 3328/6200
f 1336/6197 3328/6200 5041/6097 4079/6096
f 1336/6197 4079/6096 5393/5519 3868/5526
f 1336/6197 3868/5526 5465/5525 3164/6198
f 1337/6201 3963/3892 4625/3891 2529/6202
f 1337/6201 2529/6202 4631/6101 4080/6100
f 1337/6201 4080/6100 5247/5196 3609/5201
f 1337/6201 3609/5201 5241/3893 3963/3892
f 1338/6203 4098/6204 5021/6205 3225/6206
f 1338/6203 3225/6206 5020/6107 4081/6106
f 1338/6203 4081/6106 5372/5405 3765/5412
f 1338/6203 3765/5412 5373/5411 4098/6204
f 1339/6207 4082/6112 5064/6111 3341/6208
f 1339/6207 3341/6208 5065/4987 3393/4986
f 1339/6207 3393/4986 5417/4993 3881/5559
f 1339/6207 3881/5559 5416/5554 4082/6112
f 1340/6209 4083/6116 4378/6115 1553/6210
f 1340/6209 1553/6210 4379/4978 3374/4977
f 1340/6209 3374/4977 5161/4984 3407/5513
f 1340/6209 3407/5513 5160/5506 4083/6116
f 1341/6211 3938/4069 5040/4068 3238/6212
f 1341/6211 3238/6212 5033/4969 3338/4968
f 1341/6211 3338/4968 5385/4975 3778/5466
f 1341/6211 3778/5466 5392/4070 3938/4069
f 1342/6213 3969/3847 5062/3846 3354/6214
f 1342/6213 3354/6214 5069/6121 4084/6120
f 1342/6213 4084/6120 5421/5131 3894/5136
f 1342/6213 3894/5136 5414/3848 3969/3847
f 1343/6215 3317/4957 4271/4956 1566/6216
f 1343/6215 1566/6216 4278/4048 3940/4047
f 1343/6215 3940/4047 5138/4054 3411/5362
f 1343/6215 3411/5362 5131/4958 3317/4957
f 1344/6217 3315/4949 4489/4948 1798/6218
f 1344/6217 1798/6218 4488/4621 3195/4620
f 1344/6217 3195/4620 5192/4627 3460/5566
f 1344/6217 3460/5566 5193/4950 3315/4949
f 1345/6219 3313/4943 5091/4942 3367/6220
f 1345/6219 3367/6220 5092/6133 4085/6132
f 1345/6219 4085/6132 5444/5241 3907/5248
f 1345/6219 3907/5248 5443/4944 3313/4943
f 1346/6221 3977/6222 4507/6223 1811/6224
f 1346/6221 1811/6224 4497/4792 3263/4791
f 1346/6221 3263/4791 5201/4798 3464/5575
f 1346/6221 3464/5575 5211/5574 3977/6222
f 1347/6225 3309/4933 4514/4932 2275/6226
f 1347/6225 2275/6226 4513/6137 4086/6136
f 1347/6225 4086/6136 5217/5158 3535/5162
f 1347/6225 3535/5162 5218/4934 3309/4933
f 1348/6227 3307/4925 5104/4924 3380/6228
f 1348/6227 3380/6228 5103/6141 4087/6140
f 1348/6227 4087/6140 5455/5648 3920/5656
f 1348/6227 3920/5656 5456/4926 3307/4925
f 1349/6229 4088/6146 4845/6145 2465/6230
f 1349/6229 2465/6230 4843/4306 2285/4305
f 1349/6229 2285/4305 5283/4312 3561/5260
f 1349/6229 3561/5260 5285/5258 4088/6146
f 1350/6231 3303/4915 4184/4914 1592/6232
f 1350/6231 1592/6232 4396/6233 4064/6234
f 1350/6231 4064/6234 5178/5023 3428/5022
f 1350/6231 3428/5022 5122/4916 3303/4915
f 1351/6235 3301/4907 4969/4906 2697/6236
f 1351/6235 2697/6236 4970/6151 4089/6150
f 1351/6235 4089/6150 5322/5312 3613/5316
f 1351/6235 3613/5316 5321/4908 3301/4907
f 1352/6237 3950/3991 4281/3990 1824/6238
f 1352/6237 1824/6238 4282/4900 3298/4899
f 1352/6237 3298/4899 5142/4903 3468/5036
f 1352/6237 3468/5036 5141/3992 3950/3991
f 1353/6239 3297/4895 4979/4894 2929/6240
f 1353/6239 2929/6240 4978/6157 4090/6156
f 1353/6239 4090/6156 5330/5471 3657/5476
f 1353/6239 3657/5476 5331/4896 3297/4895
f 1354/6241 4091/6162 4393/6161 2056/6242
f 1354/6241 2056/6242 4394/4885 3294/4884
f 1354/6241 3294/4884 5176/4891 3508/5099
f 1354/6241 3508/5099 5175/5096 4091/6162
f 1355/6243 3951/3973 4517/3972 2288/6244
f 1355/6243 2288/6244 4518/4879 3292/4878
f 1355/6243 3292/4878 5222/4882 3548/5143
f 1355/6243 3548/5143 5221/3974 3951/3973
f 1356/6245 4092/6166 4186/6165 1605/6246
f 1356/6245 1605/6246 4626/4120 1597/4119
f 1356/6245 1597/4119 5242/4126 3441/5001
f 1356/6245 3441/5001 5124/4998 4092/6166
f 1357/6247 3287/4868 4398/4867 2069/6248
f 1357/6247 2069/6248 4397/3934 3958/3933
f 1357/6247 3958/3933 5179/3940 3521/5080
f 1357/6247 3521/5080 5180/4869 3287/4868
f 1358/6249 3986/3748 4997/3747 3174/6250
f 1358/6249 3174/6250 5003/6169 4093/6168
f 1358/6249 4093/6168 5355/5354 3714/5359
f 1358/6249 3714/5359 5349/3749 3986/3748
f 1359/6251 4094/6176 4726/6175 2491/6252
f 1359/6251 2491/6252 4728/3727 3990/3726
f 1359/6251 3990/3726 5256/3733 3579/5451
f 1359/6251 3579/5451 5254/5446 4094/6176
f 1360/6253 4095/6182 4615/6181 2504/6254
f 1360/6253 2504/6254 4617/3790 3980/3789
f 1360/6253 3980/3789 5233/3796 3584/5175
f 1360/6253 3584/5175 5231/5171 4095/6182
f 1361/6255 4096/6190 4869/6189 2968/6256
f 1361/6255 2968/6256 4863/5693 3997/5692
f 1361/6255 3997/5692 5303/5272 3688/5300
f 1361/6255 3688/5300 5309/5295 4096/6190
f 1362/6257 4097/6194 4743/6193 2749/6258
f 1362/6257 2749/6258 4744/4849 3280/4848
f 1362/6257 3280/4848 5272/4852 3649/5224
f 1362/6257 3649/5224 5271/5219 4097/6194
f 1363/6259 3965/3883 5006/3882 3213/6260
f 1363/6259 3213/6260 5008/4843 3278/4842
f 1363/6259 3278/4842 5360/4846 3753/5372
f 1363/6259 3753/5372 5358/3884 3965/3883
f 1364/6261 4041/5904 5047/5903 3329/6262
f 1364/6261 3329/6262 5042/5819 4024/5818
f 1364/6261 4024/5818 5394/5529 3869/5528
f 1364/6261 3869/5528 5399/5510 4041/5904
f 1365/6263 3275/4832 4385/4831 1541/6264
f 1365/6263 1541/6264 4373/3862 3967/3861
f 1365/6263 3967/3861 5155/3868 3395/5061
f 1365/6263 3395/5061 5167/4833 3275/4832
f 1366/6265 4000/5712 5023/5711 3226/6266
f 1366/6265 3226/6266 5021/6205 4098/6204
f 1366/6265 4098/6204 5373/5411 3766/5415
f 1366/6265 3766/5415 5375/5389 4000/5712
